Individual_ID,Age,Gender,Region,Location,Education_Level,Occupation,Employment_Type,Monthly_Income_NGN,Poverty_Status
8a61ea0b,6,Female,South East,Urban,Primary,Student,Not in Labor Force,0.0,1
dda4058f,46,Male,South West,Urban,Primary,Trade/Services,Informal,35516.1,1
a77f8728,50,Female,North West,Rural,Primary,Agriculture,Informal,49952.97,1
77530bfc,64,Male,South East,Rural,Secondary,Trade/Services,Self-employed,41902.41,1
fdbccc7a,4,Male,North East,Rural,None,None,Not in Labor Force,0.0,1
7a556ab5,13,Male,North Central,Rural,None,Student,Not in Labor Force,0.0,1
d865955e,10,Male,South West,Rural,None,Student,Not in Labor Force,0.0,1
8a99565d,33,Male,South West,Urban,None,Informal,Informal,129828.67,0
e5f96099,45,Male,South West,Urban,Primary,Trade/Services,Informal,54822.91,1
9ea600aa,60,Male,South West,Urban,Secondary,Informal,Self-employed,125243.83,0
14250841,8,Male,North West,Urban,Primary,Student,Not in Labor Force,0.0,1
f0115bdf,70,Female,North Central,Rural,None,Agriculture,Informal,53994.74,1
cd5ea9de,31,Male,South West,Urban,Secondary,Informal,Self-employed,142881.68,0
806dd630,2,Female,North East,Rural,None,None,Not in Labor Force,0.0,1
024fdb1c,11,Male,North East,Rural,None,Student,Not in Labor Force,0.0,1
c7ff3e4c,3,Female,North West,Rural,None,None,Not in Labor Force,0.0,1
92b14092,8,Female,North Central,Urban,Primary,Student,Not in Labor Force,0.0,1
f701b470,25,Male,South South,Urban,Secondary,Trade/Services,Self-employed,121326.17,0
6f69545a,36,Male,North East,Rural,None,Agriculture,Informal,33422.71,1
cee0ae75,3,Female,North Central,Rural,None,None,Not in Labor Force,0.0,1
954d0571,31,Female,South West,Urban,Primary,Informal,Informal,85045.36,1
65fe0d9e,7,Male,North West,Rural,Primary,Student,Not in Labor Force,0.0,1
62398278,13,Male,South South,Urban,Secondary,Student,Not in Labor Force,0.0,1
abe9d6ea,10,Female,North East,Urban,None,Student,Not in Labor Force,0.0,1
491d7217,48,Female,South South,Rural,Primary,Informal,Informal,37174.1,1
44261b03,25,Male,North West,Urban,Tertiary,Trade/Services,Wage-employed,652611.92,0
d17bc998,14,Male,North West,Rural,Primary,Student,Not in Labor Force,0.0,1
6aeeaad7,25,Male,North East,Rural,None,Agriculture,Informal,61972.63,1
7c486d26,52,Male,North East,Urban,Secondary,Manufacturing,Self-employed,71407.22,1
b59b8955,4,Male,South East,Urban,None,None,Not in Labor Force,0.0,1
ad2ad702,35,Male,North West,Urban,Primary,Informal,Informal,342533.73,0
e5f51589,13,Male,South West,Rural,Secondary,Student,Not in Labor Force,0.0,1
40919a7a,13,Male,North West,Urban,Secondary,Student,Not in Labor Force,0.0,1
6711e726,24,Female,South East,Urban,Secondary,Informal,Self-employed,360523.03,0
5b0c5330,90,Male,South East,Rural,Primary,Retired/None,Not in Labor Force,0.0,1
ca8fbff1,41,Male,North Central,Rural,Secondary,Informal,Self-employed,427659.92,0
d2358110,7,Male,North West,Rural,Primary,Student,Not in Labor Force,0.0,1
aa4c519d,6,Female,South West,Urban,Primary,Student,Not in Labor Force,0.0,1
97a2fc4f,22,Female,North West,Urban,None,Informal,Informal,65792.61,1
ddffe053,22,Female,North West,Rural,Secondary,Trade/Services,Self-employed,59807.62,1
92d6241e,6,Male,South West,Rural,None,Student,Not in Labor Force,0.0,1
3e29cbe8,48,Female,South South,Urban,Primary,Informal,Informal,131124.1,0
ec53969d,10,Male,South South,Urban,Primary,Student,Not in Labor Force,0.0,1
1e24aa9a,30,Male,South West,Urban,Secondary,Trade/Services,Self-employed,259060.49,0
451844f3,8,Female,North Central,Urban,Primary,Student,Not in Labor Force,0.0,1
09cd6fcf,27,Female,South South,Urban,Secondary,Informal,Self-employed,149946.88,0
c05aa6d3,6,Female,North Central,Urban,None,Student,Not in Labor Force,0.0,1
3b8ed228,26,Female,North Central,Urban,Secondary,Informal,Self-employed,37712.84,1
7120e4c7,41,Female,South South,Urban,Secondary,Informal,Self-employed,73964.26,1
18d82d8f,14,Male,North West,Rural,Secondary,Student,Not in Labor Force,0.0,1
39326755,86,Male,North West,Urban,Primary,Retired/None,Not in Labor Force,0.0,1
7ce52c10,46,Male,South West,Urban,None,Informal,Informal,104141.18,0
5db9b857,63,Female,North West,Rural,Primary,Agriculture,Informal,40291.51,1
58bfd625,41,Male,North East,Urban,None,Informal,Informal,35631.8,1
d4c38bf3,16,Female,North Central,Rural,None,Informal,Informal,51297.98,1
062e572e,59,Male,North Central,Rural,Secondary,Trade/Services,Self-employed,14073.05,1
33572f93,0,Male,South South,Urban,None,None,Not in Labor Force,0.0,1
84c7001a,9,Male,North West,Urban,Primary,Student,Not in Labor Force,0.0,1
93264bab,11,Male,North East,Urban,Primary,Student,Not in Labor Force,0.0,1
d1ae90ed,2,Female,North West,Rural,None,None,Not in Labor Force,0.0,1
16d18ce6,10,Male,South West,Urban,None,Student,Not in Labor Force,0.0,1
73195f2c,4,Male,South West,Urban,None,None,Not in Labor Force,0.0,1
f7d6cf93,47,Male,North Central,Rural,None,Informal,Informal,41690.0,1
e0ce32bb,3,Male,North West,Rural,None,None,Not in Labor Force,0.0,1
d897c022,13,Male,South West,Urban,Secondary,Student,Not in Labor Force,0.0,1
f79022c4,59,Male,North Central,Rural,Primary,Agriculture,Informal,46368.98,1
c0091464,7,Female,North West,Urban,None,Student,Not in Labor Force,0.0,1
10981918,52,Male,North Central,Rural,None,Agriculture,Informal,72130.93,1
78c26628,12,Male,North Central,Urban,Secondary,Student,Not in Labor Force,0.0,1
58bb3f88,81,Female,South South,Rural,Tertiary,Retired/None,Not in Labor Force,0.0,1
dcf03e8b,58,Male,South East,Urban,None,Trade/Services,Informal,112259.98,0
9fb1b030,0,Male,South West,Urban,None,None,Not in Labor Force,0.0,1
03cf050f,2,Female,South South,Urban,None,None,Not in Labor Force,0.0,1
ab880a18,60,Male,South West,Urban,Primary,Trade/Services,Informal,101379.47,0
4a5d427d,40,Female,South South,Urban,Primary,Informal,Informal,138461.74,0
8b6727fa,45,Male,North West,Urban,Secondary,Trade/Services,Self-employed,120476.8,0
d409f7aa,22,Female,North Central,Urban,Primary,Informal,Informal,33747.01,1
6e37ecf9,10,Female,South West,Urban,Primary,Student,Not in Labor Force,0.0,1
633a02f9,10,Male,South West,Urban,Primary,Student,Not in Labor Force,0.0,1
b74dcdc2,13,Male,North West,Rural,Primary,Student,Not in Labor Force,0.0,1
c235e5a5,22,Male,North East,Rural,None,Agriculture,Informal,61483.04,1
77d87ec6,49,Male,North East,Rural,None,Agriculture,Informal,35408.23,1
82e1e135,6,Female,North East,Urban,None,Student,Not in Labor Force,0.0,1
43e54ef0,11,Female,North East,Urban,Primary,Student,Not in Labor Force,0.0,1
e86cba97,2,Male,North Central,Rural,None,None,Not in Labor Force,0.0,1
779f98ec,3,Female,South South,Rural,None,None,Not in Labor Force,0.0,1
721ed526,30,Male,South West,Urban,Secondary,Informal,Self-employed,59033.94,1
3682fff4,27,Female,South East,Urban,Secondary,Informal,Self-employed,188604.95,0
00c785da,34,Female,South South,Urban,Primary,Informal,Informal,34622.89,1
cca23666,19,Female,North Central,Urban,Tertiary,Professional,Wage-employed,602068.03,0
7e10abc3,6,Male,North East,Rural,Primary,Student,Not in Labor Force,0.0,1
5ccd88b1,51,Female,North West,Rural,Primary,Informal,Informal,27576.1,1
2b68ca56,34,Male,South South,Urban,Secondary,Trade/Services,Self-employed,111934.88,0
8d6b34c4,38,Female,North West,Rural,Primary,Informal,Informal,42684.3,1
e668918d,50,Male,South West,Rural,Primary,Agriculture,Informal,118437.06,0
6eb03472,48,Male,North East,Rural,None,Informal,Informal,85528.25,1
02ba23f0,59,Female,South South,Rural,None,Informal,Informal,36514.07,1
ceebe470,13,Female,North Central,Urban,Tertiary,Student,Not in Labor Force,0.0,1
cfe162c5,5,Male,South East,Rural,None,None,Not in Labor Force,0.0,1
9ef8ba04,1,Female,North East,Rural,None,None,Not in Labor Force,0.0,1
836c237b,2,Female,North East,Rural,None,None,Not in Labor Force,0.0,1
2b4320d7,31,Female,South West,Urban,Secondary,Informal,Self-employed,121229.77,0
3d88f9ec,4,Female,South South,Urban,None,None,Not in Labor Force,0.0,1
2df9c288,39,Male,North Central,Urban,Primary,Informal,Informal,179449.21,0
e708c2c3,32,Female,South South,Urban,Secondary,Informal,Self-employed,326378.09,0
3411df3f,11,Male,South East,Rural,None,Student,Not in Labor Force,0.0,1
d35fa323,6,Male,South East,Rural,Primary,Student,Not in Labor Force,0.0,1
f7b48282,64,Female,North Central,Rural,None,Agriculture,Informal,26336.59,1
8c096caf,7,Female,North East,Rural,None,Student,Not in Labor Force,0.0,1
bf8adabc,10,Female,North West,Rural,Primary,Student,Not in Labor Force,0.0,1
80fe840e,14,Female,South South,Urban,Secondary,Student,Not in Labor Force,0.0,1
f49f9d9f,12,Female,South South,Rural,Tertiary,Student,Not in Labor Force,0.0,1
a0fdce2e,27,Male,South West,Urban,Secondary,Trade/Services,Self-employed,293524.99,0
51a4f9c6,30,Female,North East,Rural,Primary,Agriculture,Informal,125968.7,0
2c3c4be5,36,Male,North West,Rural,Secondary,Informal,Self-employed,109882.61,0
3e93c482,34,Female,South South,Urban,Tertiary,Professional,Wage-employed,379095.7,0
647e3875,27,Female,North West,Rural,Primary,Agriculture,Informal,43033.69,1
71bfdd6d,3,Female,South East,Rural,None,None,Not in Labor Force,0.0,1
55028c2f,16,Male,North East,Rural,Secondary,Informal,Self-employed,46534.89,1
1f119a8d,49,Female,North Central,Rural,Primary,Agriculture,Informal,73377.0,1
7da04fdb,61,Female,South East,Rural,Secondary,Trade/Services,Self-employed,89140.23,1
67cd9512,33,Female,North West,Urban,None,Trade/Services,Informal,104919.88,0
068a78c2,12,Male,North East,Urban,Secondary,Student,Not in Labor Force,0.0,1
dc8d138d,4,Female,South South,Urban,None,None,Not in Labor Force,0.0,1
bd18092d,9,Female,South West,Urban,Primary,Student,Not in Labor Force,0.0,1
524ca6e3,5,Female,South East,Urban,None,None,Not in Labor Force,0.0,1
78c89fcf,20,Female,South East,Rural,Secondary,Trade/Services,Self-employed,129999.57,0
9c422b04,28,Male,North West,Rural,None,Agriculture,Informal,271235.05,0
fb9648ec,3,Male,North West,Rural,None,None,Not in Labor Force,0.0,1
b5e75719,36,Male,North Central,Urban,None,Trade/Services,Informal,165712.59,0
ebd382fd,2,Male,North East,Rural,None,None,Not in Labor Force,0.0,1
aea8c2df,6,Female,North Central,Rural,None,Student,Not in Labor Force,0.0,1
9d867a40,6,Male,South East,Urban,Primary,Student,Not in Labor Force,0.0,1
27fa1df4,3,Male,North West,Rural,None,None,Not in Labor Force,0.0,1
d1ecb044,48,Male,South West,Rural,Secondary,Informal,Self-employed,137056.7,0
971b9b6b,10,Female,North West,Rural,None,Student,Not in Labor Force,0.0,1
e20a5824,21,Male,North West,Rural,None,Agriculture,Informal,16611.04,1
26190d5a,17,Male,North Central,Rural,Secondary,Trade/Services,Self-employed,124914.61,0
acc022bf,14,Male,South East,Rural,Secondary,Student,Not in Labor Force,0.0,1
4c80ab18,65,Male,North West,Rural,None,Informal,Informal,154718.18,0
8772280c,66,Female,South West,Rural,None,Informal,Informal,46342.92,1
209e66f7,9,Male,South West,Rural,Primary,Student,Not in Labor Force,0.0,1
99c2dfd2,30,Female,North West,Urban,Primary,Informal,Informal,300862.49,0
69f42acf,8,Female,North Central,Rural,Primary,Student,Not in Labor Force,0.0,1
b8f657e3,11,Female,South South,Rural,Primary,Student,Not in Labor Force,0.0,1
781a0d39,14,Female,North Central,Rural,Tertiary,Student,Not in Labor Force,0.0,1
a65c3386,38,Female,North West,Urban,Secondary,Trade/Services,Self-employed,184668.69,0
dfdaf005,29,Male,South West,Urban,None,Informal,Informal,96445.46,1
69176284,14,Female,South West,Urban,Secondary,Student,Not in Labor Force,0.0,1
03d858de,13,Male,North West,Urban,Secondary,Student,Not in Labor Force,0.0,1
baa03793,28,Male,North West,Urban,None,Informal,Informal,44602.18,1
7c9b31a9,5,Female,North West,Rural,None,None,Not in Labor Force,0.0,1
b4e1cebe,13,Female,North West,Rural,None,Student,Not in Labor Force,0.0,1
7bfc95cb,31,Female,North East,Rural,Primary,Agriculture,Informal,147593.95,0
691c41cc,82,Female,North Central,Rural,Primary,Retired/None,Not in Labor Force,0.0,1
8d6187bc,3,Male,North East,Urban,None,None,Not in Labor Force,0.0,1
77dbc14c,31,Female,South South,Urban,Secondary,Informal,Self-employed,80953.01,1
ed473c3e,30,Male,South West,Rural,Secondary,Trade/Services,Self-employed,70359.69,1
8212f217,7,Male,South South,Urban,Primary,Student,Not in Labor Force,0.0,1
b510d666,53,Female,North Central,Urban,Secondary,Unemployed,Self-employed,43103.26,1
20ada994,3,Male,North West,Rural,None,None,Not in Labor Force,0.0,1
63cc394f,46,Female,North Central,Urban,Tertiary,Trade/Services,Wage-employed,685355.05,0
5ed01b08,58,Female,South East,Rural,Primary,Agriculture,Informal,85186.57,1
fd7475bb,23,Male,North West,Rural,Primary,Agriculture,Informal,60241.77,1
430f78c7,10,Female,North West,Urban,Primary,Student,Not in Labor Force,0.0,1
ac9ddbd7,60,Female,North East,Urban,Primary,Trade/Services,Informal,126013.83,0
9c5f4810,3,Male,North East,Rural,None,None,Not in Labor Force,0.0,1
7cc5e1a0,0,Male,North East,Rural,None,None,Not in Labor Force,0.0,1
f7dcaa5a,14,Female,North West,Rural,None,Student,Not in Labor Force,0.0,1
70aef3b4,24,Male,North East,Urban,None,Informal,Informal,119085.15,0
67bb2937,31,Female,South West,Urban,Primary,Trade/Services,Informal,64905.65,1
d8d48301,0,Male,North East,Urban,None,None,Not in Labor Force,0.0,1
6b66ef15,63,Female,South West,Urban,Primary,Trade/Services,Informal,50468.15,1
50128f74,3,Female,North Central,Urban,None,None,Not in Labor Force,0.0,1
c1717b01,31,Male,North Central,Urban,None,Trade/Services,Informal,28878.04,1
b83379af,1,Female,North West,Rural,None,None,Not in Labor Force,0.0,1
f3d944aa,37,Female,North Central,Rural,None,Agriculture,Informal,53819.66,1
09ca94c0,1,Female,North West,Rural,None,None,Not in Labor Force,0.0,1
3d0640c5,22,Female,North Central,Rural,Tertiary,Manufacturing,Wage-employed,135281.14,0
c7c3bb6c,12,Female,South West,Urban,Primary,Student,Not in Labor Force,0.0,1
4033f46b,6,Female,North West,Rural,None,Student,Not in Labor Force,0.0,1
7e992556,8,Female,North East,Rural,Primary,Student,Not in Labor Force,0.0,1
d7c31d24,34,Female,North West,Rural,Primary,Informal,Informal,66012.6,1
90cea260,36,Male,North West,Rural,Tertiary,Professional,Wage-employed,269345.33,0
248fc8e7,14,Female,North East,Rural,Primary,Student,Not in Labor Force,0.0,1
39d02193,37,Male,South South,Urban,Secondary,Trade/Services,Self-employed,104692.37,0
ce17a5c3,55,Male,North East,Rural,None,Agriculture,Informal,112185.57,0
971c7f20,49,Male,North Central,Rural,Primary,Informal,Informal,33129.57,1
14155259,17,Male,South West,Urban,Secondary,Trade/Services,Self-employed,43967.7,1
31b3aef0,1,Male,South West,Rural,None,None,Not in Labor Force,0.0,1
bfd969e8,0,Male,South South,Urban,None,None,Not in Labor Force,0.0,1
83d66f00,60,Male,South South,Urban,Primary,Informal,Informal,70598.5,1
d36335cb,31,Female,South East,Rural,Secondary,Trade/Services,Self-employed,63324.91,1
4db989ea,59,Male,South South,Urban,Primary,Trade/Services,Informal,86937.22,1
f8f56944,2,Male,North West,Urban,None,None,Not in Labor Force,0.0,1
81495155,13,Male,South West,Urban,Secondary,Student,Not in Labor Force,0.0,1
06ef777f,37,Male,South South,Urban,None,Informal,Informal,46716.02,1
606975f1,29,Male,South West,Urban,None,Informal,Informal,104017.75,0
feb98a1f,28,Female,South South,Urban,Primary,Informal,Informal,45083.5,1
d7889da1,16,Female,North West,Rural,None,Informal,Informal,33182.52,1
c4686ba8,53,Female,North Central,Rural,None,Informal,Informal,86669.81,1
494e436b,0,Female,South South,Urban,None,None,Not in Labor Force,0.0,1
b5efa7b2,1,Male,North East,Rural,None,None,Not in Labor Force,0.0,1
b3f22884,20,Male,South West,Urban,Secondary,Trade/Services,Self-employed,129589.73,0
c3f2b4ad,46,Male,North West,Urban,Secondary,Manufacturing,Self-employed,65366.14,1
5f128370,4,Female,South West,Urban,None,None,Not in Labor Force,0.0,1
dd24486c,7,Male,South South,Urban,None,Student,Not in Labor Force,0.0,1
1c150e34,42,Female,North East,Rural,Secondary,Informal,Self-employed,55765.5,1
145a590e,10,Male,North West,Rural,Primary,Student,Not in Labor Force,0.0,1
b3d91490,1,Male,North West,Urban,None,None,Not in Labor Force,0.0,1
4717aeeb,47,Female,South South,Urban,Secondary,Manufacturing,Self-employed,106543.78,0
4096d867,30,Female,South West,Urban,None,Informal,Informal,40709.75,1
fe02f07e,53,Female,North West,Rural,None,Agriculture,Informal,50374.43,1
04eb70be,5,Female,North West,Urban,None,None,Not in Labor Force,0.0,1
c58cb0d1,57,Female,South East,Urban,Tertiary,Professional,Wage-employed,343985.18,0
e0b73d0f,14,Female,South East,Urban,Secondary,Student,Not in Labor Force,0.0,1
c59f809e,14,Female,North West,Rural,None,Student,Not in Labor Force,0.0,1
797251a0,27,Male,North East,Rural,None,Agriculture,Informal,34536.12,1
6c39c88d,16,Female,South East,Rural,Secondary,Manufacturing,Self-employed,145804.65,0
27707cfc,28,Female,North Central,Urban,Primary,Trade/Services,Informal,43816.71,1
927a790a,52,Male,South South,Urban,Tertiary,Trade/Services,Wage-employed,845261.19,0
5b378a4c,55,Female,North Central,Urban,Secondary,Informal,Self-employed,116880.75,0
b22756d4,11,Female,South West,Rural,Primary,Student,Not in Labor Force,0.0,1
09101b17,6,Male,North Central,Urban,Primary,Student,Not in Labor Force,0.0,1
d48f9cf3,1,Male,South South,Urban,None,None,Not in Labor Force,0.0,1
ed84c632,7,Male,North East,Rural,Primary,Student,Not in Labor Force,0.0,1
5ccc74c3,73,Female,North West,Rural,None,Retired/None,Not in Labor Force,0.0,1
e51a8918,6,Female,North East,Rural,None,Student,Not in Labor Force,0.0,1
5c50fb45,50,Male,South South,Urban,Primary,Informal,Informal,54404.65,1
69b9183d,55,Female,North Central,Rural,Tertiary,Trade/Services,Wage-employed,409879.82,0
6ed915e1,50,Male,North East,Rural,None,Agriculture,Informal,61124.48,1
0dfa1f16,58,Female,North Central,Rural,None,Informal,Informal,94460.37,1
7799bc51,18,Male,North West,Rural,None,Informal,Informal,18022.31,1
176f68e6,44,Male,North West,Rural,None,Agriculture,Informal,81642.96,1
3476aa74,7,Female,North East,Urban,Primary,Student,Not in Labor Force,0.0,1
a6d124e2,34,Male,South West,Urban,Primary,Trade/Services,Informal,59185.61,1
f73cf00e,13,Male,South West,Rural,None,Student,Not in Labor Force,0.0,1
915e920e,7,Male,South East,Urban,None,Student,Not in Labor Force,0.0,1
250eef72,45,Male,South South,Rural,Primary,Informal,Informal,61239.68,1
cd5331be,7,Male,North Central,Rural,None,Student,Not in Labor Force,0.0,1
95ba0a54,21,Female,South West,Urban,Tertiary,Trade/Services,Wage-employed,379685.28,0
ea9b90e9,40,Female,North West,Urban,Primary,Informal,Informal,181311.11,0
58f67c2a,27,Female,North West,Rural,None,Informal,Informal,19608.18,1
731bcd3b,5,Female,North West,Rural,None,None,Not in Labor Force,0.0,1
95260a26,7,Male,North Central,Rural,Primary,Student,Not in Labor Force,0.0,1
6ad0d0d8,19,Male,North West,Urban,Primary,Informal,Informal,212874.21,0
7f835a1c,11,Male,North East,Rural,None,Student,Not in Labor Force,0.0,1
eec2798c,77,Female,South West,Urban,Secondary,Retired/None,Not in Labor Force,0.0,1
3de30fb8,93,Female,North East,Urban,None,Retired/None,Not in Labor Force,0.0,1
a2d6b8f5,34,Male,South West,Rural,Tertiary,Professional,Wage-employed,453099.24,0
cdd419c4,13,Male,North Central,Rural,Secondary,Student,Not in Labor Force,0.0,1
222e6a1b,11,Female,North West,Rural,Primary,Student,Not in Labor Force,0.0,1
badccf5f,64,Female,North West,Rural,None,Informal,Informal,65596.78,1
0da81437,10,Female,North West,Urban,None,Student,Not in Labor Force,0.0,1
1765d6ba,7,Male,North West,Urban,Primary,Student,Not in Labor Force,0.0,1
7f1df8d2,39,Female,South West,Urban,Secondary,Informal,Self-employed,56380.86,1
817b3caf,18,Male,South East,Urban,Secondary,Informal,Self-employed,48862.2,1
66bd546e,35,Female,North East,Rural,None,Agriculture,Informal,42763.15,1
1de3a2b8,32,Female,North East,Rural,Primary,Informal,Informal,87646.05,1
5363cf47,6,Female,South East,Urban,Primary,Student,Not in Labor Force,0.0,1
e08108dd,29,Male,North West,Rural,Primary,Informal,Informal,59658.89,1
4a202570,85,Male,North West,Urban,None,Retired/None,Not in Labor Force,0.0,1
a6375b16,5,Male,North Central,Rural,None,None,Not in Labor Force,0.0,1
1326eb7c,62,Male,South West,Rural,None,Informal,Informal,84706.2,1
b346cc27,38,Female,South West,Rural,Tertiary,Professional,Wage-employed,123251.98,0
86746a07,22,Female,South West,Urban,Secondary,Informal,Self-employed,136849.88,0
c235cb55,42,Male,North West,Urban,Secondary,Trade/Services,Self-employed,257102.17,0
fb314f03,35,Male,North Central,Urban,None,Informal,Informal,193132.56,0
a4ad7c3f,11,Male,North West,Rural,None,Student,Not in Labor Force,0.0,1
e055db43,5,Female,South East,Rural,None,None,Not in Labor Force,0.0,1
7f9a8b03,30,Female,South South,Urban,Tertiary,Professional,Wage-employed,188644.52,0
075ddaaf,49,Male,North East,Rural,None,Agriculture,Informal,48477.09,1
f8b34483,31,Male,North West,Rural,None,Agriculture,Informal,48801.77,1
19add533,23,Female,North East,Rural,Primary,Agriculture,Informal,41117.17,1
4bb2ce38,49,Female,North West,Urban,Secondary,Informal,Self-employed,229730.46,0
8d254bda,43,Male,North East,Rural,Primary,Agriculture,Informal,335334.97,0
60759c9c,53,Female,North Central,Urban,None,Informal,Informal,41430.44,1
24903123,32,Female,South South,Rural,Secondary,Informal,Self-employed,127371.19,0
49f508f1,26,Female,North East,Urban,Secondary,Informal,Self-employed,159104.98,0
e619ec83,33,Female,North West,Rural,Secondary,Unemployed,Self-employed,119394.71,0
bd561715,62,Male,North West,Rural,Primary,Agriculture,Informal,133225.48,0
e4bcd582,5,Female,North West,Rural,None,None,Not in Labor Force,0.0,1
a8513012,10,Male,North West,Rural,None,Student,Not in Labor Force,0.0,1
f4b0e599,7,Male,South East,Urban,Primary,Student,Not in Labor Force,0.0,1
7cb7903f,63,Male,North West,Rural,Secondary,Informal,Self-employed,123497.45,0
ec42ea05,3,Male,South South,Urban,None,None,Not in Labor Force,0.0,1
cb603ad7,29,Male,North Central,Urban,Tertiary,Professional,Wage-employed,111103.91,0
2ce55e16,15,Female,North Central,Rural,None,Informal,Informal,25283.45,1
ce705145,1,Female,North East,Rural,None,None,Not in Labor Force,0.0,1
0fd2bd61,22,Female,South West,Rural,Primary,Informal,Informal,31565.99,1
36345977,5,Male,North Central,Rural,None,None,Not in Labor Force,0.0,1
a867ce7f,8,Male,North East,Urban,Primary,Student,Not in Labor Force,0.0,1
cbc10c5d,16,Female,North East,Rural,None,Informal,Informal,38210.3,1
8c3bb72c,2,Male,South South,Rural,None,None,Not in Labor Force,0.0,1
01227c25,8,Female,North East,Urban,Primary,Student,Not in Labor Force,0.0,1
05fb6324,23,Male,North Central,Rural,None,Agriculture,Informal,55063.97,1
244b5be4,27,Female,North East,Rural,Secondary,Unemployed,Self-employed,86783.8,1
350433fd,5,Male,North West,Urban,None,None,Not in Labor Force,0.0,1
e13c9ef5,44,Female,North West,Rural,Primary,Informal,Informal,20049.54,1
69e7a09d,14,Female,North West,Rural,None,Student,Not in Labor Force,0.0,1
e29c392a,2,Female,South West,Urban,None,None,Not in Labor Force,0.0,1
3367208a,29,Female,North Central,Urban,Secondary,Trade/Services,Self-employed,50755.67,1
de352021,64,Male,South East,Rural,Tertiary,Professional,Wage-employed,83167.42,1
ae23032d,21,Female,South West,Urban,Secondary,Informal,Self-employed,52448.76,1
93e81bfb,25,Male,North West,Rural,Primary,Agriculture,Informal,108520.95,0
99651b16,72,Female,South West,Rural,Secondary,Retired/None,Not in Labor Force,0.0,1
ac169f44,52,Male,South West,Urban,Tertiary,Professional,Wage-employed,340349.42,0
64b72aba,7,Female,South West,Urban,Primary,Student,Not in Labor Force,0.0,1
0288e6ce,16,Female,South West,Urban,Secondary,Informal,Self-employed,75235.44,1
e93788f5,2,Male,South West,Urban,None,None,Not in Labor Force,0.0,1
3bfa6b19,62,Male,North West,Rural,None,Agriculture,Informal,18948.02,1
42036812,6,Male,South West,Rural,Primary,Student,Not in Labor Force,0.0,1
67eb7fd1,9,Female,North East,Rural,Primary,Student,Not in Labor Force,0.0,1
6bdf2c20,76,Male,South West,Rural,Tertiary,Retired/None,Not in Labor Force,0.0,1
566b462f,31,Female,North West,Rural,Primary,Agriculture,Informal,32607.76,1
e2f8eb30,21,Female,South East,Rural,Secondary,Manufacturing,Self-employed,142103.31,0
d788215d,5,Female,North Central,Rural,None,None,Not in Labor Force,0.0,1
c921b080,7,Female,South West,Urban,Primary,Student,Not in Labor Force,0.0,1
447a7380,6,Male,South East,Urban,Primary,Student,Not in Labor Force,0.0,1
1a21fbe2,3,Female,South South,Urban,None,None,Not in Labor Force,0.0,1
d361af81,49,Female,South West,Urban,None,Informal,Informal,107516.37,0
d30e4df5,61,Female,North West,Rural,None,Informal,Informal,51458.05,1
704b3809,50,Female,South South,Urban,Secondary,Informal,Self-employed,113524.82,0
42025ecd,14,Female,South West,Urban,Tertiary,Student,Not in Labor Force,0.0,1
8ccb100f,39,Male,South West,Rural,Secondary,Informal,Self-employed,34106.69,1
65f787cf,55,Female,South South,Urban,Secondary,Manufacturing,Self-employed,83647.45,1
5f5be3e3,27,Female,North West,Urban,Secondary,Informal,Self-employed,185971.35,0
14bfd6c1,32,Female,North West,Rural,None,Agriculture,Informal,39939.1,1
387f5bca,4,Female,North Central,Rural,None,None,Not in Labor Force,0.0,1
12004a92,0,Male,South East,Rural,None,None,Not in Labor Force,0.0,1
cd7d442d,3,Female,North Central,Rural,None,None,Not in Labor Force,0.0,1
45bd10a7,64,Female,South West,Urban,Secondary,Informal,Self-employed,352951.47,0
78ac1d88,7,Male,North Central,Rural,None,Student,Not in Labor Force,0.0,1
eda271b8,3,Female,South West,Urban,None,None,Not in Labor Force,0.0,1
ee289fd5,4,Male,South East,Urban,None,None,Not in Labor Force,0.0,1
c54f16d8,10,Female,North West,Rural,None,Student,Not in Labor Force,0.0,1
8298f960,35,Male,South West,Urban,Primary,Informal,Informal,166598.05,0
fd16042f,41,Female,South East,Urban,Tertiary,Professional,Wage-employed,304898.85,0
b0e4101e,33,Male,North Central,Urban,None,Informal,Informal,68925.42,1
a242ab9b,6,Male,North East,Urban,Primary,Student,Not in Labor Force,0.0,1
15e55e85,64,Male,North West,Rural,Primary,Informal,Informal,227258.89,0
41d397f7,57,Male,South East,Urban,Primary,Informal,Informal,134365.23,0
ff84e7dd,2,Female,North East,Rural,None,None,Not in Labor Force,0.0,1
dd6919a7,54,Male,North East,Rural,None,Agriculture,Informal,62452.72,1
bba7e4b8,3,Female,North East,Urban,None,None,Not in Labor Force,0.0,1
5720da66,56,Female,North Central,Rural,Secondary,Manufacturing,Self-employed,110351.01,0
261e4e1e,62,Female,South West,Urban,Secondary,Manufacturing,Self-employed,145704.43,0
9a6ea8b2,4,Female,South East,Rural,None,None,Not in Labor Force,0.0,1
d86d713e,3,Male,North East,Rural,None,None,Not in Labor Force,0.0,1
688ce0ce,55,Male,South West,Urban,None,Informal,Informal,80002.71,1
833cd64b,22,Female,South West,Urban,None,Informal,Informal,42506.55,1
27f375e5,25,Male,North East,Rural,Primary,Agriculture,Informal,47033.26,1
b05e4094,30,Female,North West,Rural,None,Informal,Informal,25295.36,1
254855da,6,Male,South South,Rural,Primary,Student,Not in Labor Force,0.0,1
abcf8da7,14,Female,South West,Rural,Secondary,Student,Not in Labor Force,0.0,1
3823b7d1,38,Male,South West,Urban,Secondary,Informal,Self-employed,205846.57,0
109f843a,12,Female,North West,Urban,Primary,Student,Not in Labor Force,0.0,1
def9c871,35,Male,South East,Rural,Tertiary,Professional,Wage-employed,273896.98,0
cf198ce6,37,Male,South West,Rural,Tertiary,Trade/Services,Wage-employed,472262.79,0
1c9f2b48,63,Female,South East,Urban,Tertiary,Trade/Services,Wage-employed,186342.78,0
11b0f586,5,Male,South South,Urban,None,None,Not in Labor Force,0.0,1
bf37a116,61,Female,South South,Urban,Tertiary,Trade/Services,Wage-employed,939635.73,0
1432831c,22,Female,South South,Rural,Secondary,Trade/Services,Self-employed,215050.04,0
ed4cbbd9,21,Male,North West,Rural,None,Agriculture,Informal,23279.84,1
371a2e38,16,Female,South South,Urban,Secondary,Informal,Self-employed,98368.1,0
e84235c4,13,Male,North West,Rural,None,Student,Not in Labor Force,0.0,1
f0afb9dd,77,Female,South South,Urban,Secondary,Retired/None,Not in Labor Force,0.0,1
9cca81fd,37,Male,North East,Rural,None,Agriculture,Informal,47174.21,1
5b86be01,12,Female,South West,Urban,Primary,Student,Not in Labor Force,0.0,1
5b4c0fad,5,Male,North West,Rural,None,None,Not in Labor Force,0.0,1
05c50207,12,Male,South East,Rural,Primary,Student,Not in Labor Force,0.0,1
5351bc7b,4,Female,North West,Rural,None,None,Not in Labor Force,0.0,1
0c3c4c5a,3,Male,North Central,Rural,None,None,Not in Labor Force,0.0,1
2e5caf8f,47,Male,South East,Rural,Primary,Informal,Informal,25267.22,1
ec06b8a4,12,Female,South West,Urban,Secondary,Student,Not in Labor Force,0.0,1
ca6fea32,1,Female,North West,Rural,None,None,Not in Labor Force,0.0,1
46f0b4d5,29,Male,North Central,Urban,Secondary,Informal,Self-employed,114014.3,0
154d26e9,6,Male,North West,Rural,None,Student,Not in Labor Force,0.0,1
0164a42d,56,Male,South West,Rural,Secondary,Trade/Services,Self-employed,137978.77,0
f4b6be5f,2,Male,South South,Urban,None,None,Not in Labor Force,0.0,1
2485c78d,4,Male,South West,Rural,None,None,Not in Labor Force,0.0,1
26ad3225,43,Male,North West,Rural,None,Agriculture,Informal,45176.97,1
c8439548,59,Female,North East,Rural,None,Agriculture,Informal,21424.08,1
c9703deb,22,Female,South South,Urban,Primary,Trade/Services,Informal,128475.42,0
a10f271b,36,Male,North West,Rural,None,Agriculture,Informal,37234.18,1
9de8f148,43,Male,South West,Urban,Secondary,Trade/Services,Self-employed,88277.24,1
6b546629,1,Female,North Central,Rural,None,None,Not in Labor Force,0.0,1
f91fcfc6,8,Male,South East,Urban,Primary,Student,Not in Labor Force,0.0,1
1e7a2db7,63,Female,South South,Rural,Primary,Agriculture,Informal,164189.32,0
278508f2,64,Female,North East,Rural,Primary,Agriculture,Informal,75962.31,1
4f956e00,77,Female,South West,Rural,None,Retired/None,Not in Labor Force,0.0,1
10f4955c,0,Male,North Central,Rural,None,None,Not in Labor Force,0.0,1
09f6b0eb,11,Female,North East,Urban,Primary,Student,Not in Labor Force,0.0,1
5f860414,34,Female,North East,Urban,Secondary,Informal,Self-employed,82007.36,1
8f086d2d,3,Female,North Central,Rural,None,None,Not in Labor Force,0.0,1
f48bd551,35,Female,North West,Rural,None,Agriculture,Informal,29335.14,1
abb2ac41,51,Male,South East,Rural,Primary,Agriculture,Informal,106887.73,0
42186844,7,Male,North West,Rural,Primary,Student,Not in Labor Force,0.0,1
b0d74284,41,Female,North West,Rural,Tertiary,Trade/Services,Wage-employed,507995.05,0
5f4180e0,61,Female,North East,Urban,Primary,Informal,Informal,59632.82,1
2820ed34,10,Female,North West,Rural,Primary,Student,Not in Labor Force,0.0,1
ce793eca,49,Female,North Central,Rural,None,Informal,Informal,28130.06,1
cf8bdbfd,20,Male,North East,Rural,None,Agriculture,Informal,75460.12,1
52457571,59,Male,South West,Urban,Secondary,Trade/Services,Self-employed,190299.25,0
b4401893,11,Female,South South,Urban,Primary,Student,Not in Labor Force,0.0,1
15da5149,33,Male,South East,Urban,Tertiary,Professional,Wage-employed,320089.51,0
78e759b5,12,Female,North West,Rural,Primary,Student,Not in Labor Force,0.0,1
29bf0b4c,1,Male,South South,Urban,None,None,Not in Labor Force,0.0,1
db2861af,15,Female,North East,Rural,None,Informal,Informal,30887.35,1
c143fc4d,8,Female,North Central,Urban,Primary,Student,Not in Labor Force,0.0,1
f4b624c2,10,Male,North Central,Urban,Primary,Student,Not in Labor Force,0.0,1
7b9f43db,21,Male,North East,Rural,Primary,Agriculture,Informal,60770.22,1
7d581f15,58,Female,South South,Urban,Primary,Informal,Informal,106622.47,0
d9e35eea,56,Female,North East,Rural,Tertiary,Trade/Services,Wage-employed,221403.19,0
10360397,43,Female,South West,Urban,Primary,Informal,Informal,94573.82,1
fb11f3e9,45,Male,North West,Rural,None,Informal,Informal,74353.37,1
396966cd,11,Male,South East,Rural,None,Student,Not in Labor Force,0.0,1
bba47b35,10,Male,South East,Urban,Primary,Student,Not in Labor Force,0.0,1
126d0c95,50,Male,North East,Rural,None,Agriculture,Informal,119047.56,0
92665929,33,Female,South West,Urban,Secondary,Informal,Self-employed,103527.24,0
95a0ddab,20,Female,South West,Urban,Secondary,Trade/Services,Self-employed,67268.43,1
6c5ac5c9,39,Male,South West,Urban,Secondary,Trade/Services,Self-employed,127977.3,0
98a8da54,14,Male,South West,Rural,Secondary,Student,Not in Labor Force,0.0,1
f0abbc49,23,Male,South West,Urban,Secondary,Trade/Services,Self-employed,366774.04,0
85acdecc,3,Female,North West,Rural,None,None,Not in Labor Force,0.0,1
1a565c77,24,Male,South West,Urban,Tertiary,Manufacturing,Wage-employed,138985.59,0
b81e4595,51,Female,North Central,Urban,Primary,Informal,Informal,20174.28,1
83021878,41,Male,North Central,Urban,None,Trade/Services,Informal,75748.72,1
88a76b52,12,Female,South South,Rural,Primary,Student,Not in Labor Force,0.0,1
22d5b7fe,8,Male,North West,Urban,None,Student,Not in Labor Force,0.0,1
75f9a850,1,Male,North East,Rural,None,None,Not in Labor Force,0.0,1
3ee3d1a1,64,Female,North West,Rural,None,Agriculture,Informal,47687.99,1
d0e4db44,35,Female,North West,Urban,Primary,Trade/Services,Informal,71323.49,1
684a077b,0,Male,North East,Rural,None,None,Not in Labor Force,0.0,1
c9584ddf,7,Male,South South,Urban,Primary,Student,Not in Labor Force,0.0,1
b9f64a4d,58,Male,North East,Urban,None,Trade/Services,Informal,69748.81,1
197d3bef,9,Male,South West,Urban,Primary,Student,Not in Labor Force,0.0,1
6c2b8d24,48,Female,North West,Rural,Tertiary,Professional,Wage-employed,542176.13,0
e5bf24b9,23,Female,South West,Urban,Secondary,Informal,Self-employed,129900.36,0
cb2951f9,1,Male,South South,Rural,None,None,Not in Labor Force,0.0,1
347a81b1,6,Male,North East,Rural,None,Student,Not in Labor Force,0.0,1
5ead75dc,88,Male,South East,Urban,Secondary,Retired/None,Not in Labor Force,0.0,1
8431113f,13,Male,South South,Urban,Primary,Student,Not in Labor Force,0.0,1
f4b01c53,5,Male,South West,Urban,None,None,Not in Labor Force,0.0,1
ce6e037c,60,Female,North East,Urban,None,Informal,Informal,132158.02,0
6dd5b537,25,Male,South West,Urban,None,Informal,Informal,18278.81,1
88b484cf,87,Female,South East,Urban,Secondary,Retired/None,Not in Labor Force,0.0,1
8e67f832,57,Female,North West,Rural,None,Agriculture,Informal,43589.74,1
23ce04e6,0,Female,North Central,Rural,None,None,Not in Labor Force,0.0,1
15708229,3,Female,North East,Urban,None,None,Not in Labor Force,0.0,1
c5270cc4,27,Female,North East,Rural,Secondary,Informal,Self-employed,60525.64,1
d7791cee,21,Female,South South,Rural,Secondary,Trade/Services,Self-employed,25064.53,1
83806c43,0,Male,North Central,Urban,None,None,Not in Labor Force,0.0,1
b0dff608,59,Male,North East,Urban,None,Trade/Services,Informal,85994.44,1
db4b3ef6,0,Male,South West,Rural,None,None,Not in Labor Force,0.0,1
b9851f36,25,Female,North West,Rural,Primary,Agriculture,Informal,56376.86,1
78d54f5e,5,Female,North West,Rural,None,None,Not in Labor Force,0.0,1
feb246b1,34,Male,North Central,Rural,None,Informal,Informal,45241.56,1
339fd1c2,2,Female,North Central,Urban,None,None,Not in Labor Force,0.0,1
5f356ca3,11,Female,North East,Urban,None,Student,Not in Labor Force,0.0,1
0259273d,14,Female,North West,Rural,Secondary,Student,Not in Labor Force,0.0,1
6cb36982,51,Female,North Central,Urban,Tertiary,Manufacturing,Wage-employed,371169.55,0
5b9d071c,55,Female,South East,Urban,Secondary,Informal,Self-employed,141780.36,0
51ab04a0,40,Male,South South,Urban,Tertiary,Professional,Wage-employed,735171.59,0
d6ac0515,90,Male,North West,Rural,Secondary,Retired/None,Not in Labor Force,0.0,1
d495d4a9,11,Female,South West,Urban,Primary,Student,Not in Labor Force,0.0,1
5506c781,13,Male,South South,Rural,None,Student,Not in Labor Force,0.0,1
0049cf70,44,Male,North Central,Urban,Primary,Informal,Informal,118838.16,0
5b20f400,11,Female,South South,Urban,Primary,Student,Not in Labor Force,0.0,1
f19f8faa,91,Female,South South,Urban,Secondary,Retired/None,Not in Labor Force,0.0,1
254c9ba5,9,Female,North West,Rural,None,Student,Not in Labor Force,0.0,1
6e9813b3,83,Male,North East,Urban,Primary,Retired/None,Not in Labor Force,0.0,1
9662f920,4,Female,North West,Urban,None,None,Not in Labor Force,0.0,1
4f34e09e,19,Male,North West,Rural,None,Agriculture,Informal,72921.07,1
2ab4ac5b,55,Male,South South,Urban,Secondary,Trade/Services,Self-employed,531970.46,0
258ddda2,91,Female,South South,Urban,Tertiary,Retired/None,Not in Labor Force,0.0,1
728a7723,11,Male,North West,Rural,Primary,Student,Not in Labor Force,0.0,1
9951055a,40,Male,South West,Urban,Primary,Trade/Services,Informal,52847.0,1
e880b542,91,Female,South West,Urban,None,Retired/None,Not in Labor Force,0.0,1
813646d8,63,Male,North East,Rural,Primary,Agriculture,Informal,26477.73,1
55830147,56,Female,South West,Urban,Tertiary,Trade/Services,Wage-employed,809758.44,0
24456b8e,35,Female,South South,Rural,Secondary,Informal,Self-employed,302580.57,0
077583bf,15,Female,North West,Rural,Primary,Agriculture,Informal,40899.97,1
966ed265,42,Male,North West,Rural,None,Agriculture,Informal,136855.53,0
d81a6dec,62,Female,North West,Rural,Primary,Agriculture,Informal,43474.36,1
8184651d,29,Male,North East,Urban,Secondary,Informal,Self-employed,189255.23,0
ac2c8c6b,6,Female,North East,Urban,Primary,Student,Not in Labor Force,0.0,1
8c0e04e1,0,Male,North Central,Rural,None,None,Not in Labor Force,0.0,1
57e06fb3,40,Male,North Central,Urban,Primary,Trade/Services,Informal,118677.35,0
23ac5f76,34,Female,South East,Rural,Secondary,Informal,Self-employed,67600.34,1
7374eda6,39,Male,North East,Urban,Tertiary,Professional,Wage-employed,1212306.14,0
97677049,27,Male,North East,Rural,Primary,Agriculture,Informal,194259.38,0
02a33203,0,Male,South East,Rural,None,None,Not in Labor Force,0.0,1
de3667e8,8,Female,South East,Urban,Primary,Student,Not in Labor Force,0.0,1
929ea3aa,22,Male,North West,Rural,Secondary,Trade/Services,Self-employed,53491.4,1
d31c1bb8,4,Male,North East,Urban,None,None,Not in Labor Force,0.0,1
2c086b2a,20,Male,South East,Urban,Secondary,Informal,Self-employed,150336.67,0
d1717ffb,6,Female,North West,Urban,Primary,Student,Not in Labor Force,0.0,1
2128f5f5,84,Female,North East,Rural,Primary,Retired/None,Not in Labor Force,0.0,1
bc738394,94,Male,North Central,Rural,None,Retired/None,Not in Labor Force,0.0,1
c74d63ab,28,Male,North West,Rural,Primary,Agriculture,Informal,103642.36,0
9d034d21,37,Male,North West,Rural,None,Informal,Informal,19350.04,1
bff7adf1,10,Male,North Central,Rural,Primary,Student,Not in Labor Force,0.0,1
f0c35e1a,45,Male,South East,Rural,Tertiary,Trade/Services,Wage-employed,301262.83,0
9044eb65,20,Male,South East,Urban,Secondary,Unemployed,Self-employed,49419.15,1
306fec4d,10,Female,South South,Urban,Primary,Student,Not in Labor Force,0.0,1
24b77bf3,27,Female,North West,Rural,None,Agriculture,Informal,89365.55,1
753183f3,26,Male,North West,Urban,Secondary,Informal,Self-employed,140306.4,0
35ec8a5b,16,Female,South East,Urban,None,Informal,Informal,64585.07,1
9f4ef23d,49,Female,North Central,Rural,None,Agriculture,Informal,23385.21,1
5d5adf90,50,Female,North East,Urban,Secondary,Trade/Services,Self-employed,93045.04,1
123c29cf,0,Female,North West,Urban,None,None,Not in Labor Force,0.0,1
039e7bc1,42,Male,North East,Urban,Primary,Informal,Informal,110361.67,0
a36105db,42,Male,North Central,Rural,None,Agriculture,Informal,58420.25,1
bcbfdbc1,5,Female,North West,Urban,None,None,Not in Labor Force,0.0,1
61b4dfd9,5,Male,South South,Urban,None,None,Not in Labor Force,0.0,1
3cfec49a,6,Male,North West,Urban,None,Student,Not in Labor Force,0.0,1
f09d362e,29,Male,South South,Urban,Primary,Trade/Services,Informal,165300.2,0
ae45e903,75,Male,South East,Urban,Secondary,Retired/None,Not in Labor Force,0.0,1
524826be,7,Female,North Central,Rural,Primary,Student,Not in Labor Force,0.0,1
ced0de14,17,Male,South West,Urban,None,Informal,Informal,158999.31,0
7f2b2e1d,13,Male,South West,Urban,Tertiary,Student,Not in Labor Force,0.0,1
86d0179c,70,Male,North West,Rural,Primary,Informal,Informal,114826.42,0
211cd996,16,Male,North East,Rural,None,Agriculture,Informal,43362.0,1
c2d03f1e,28,Female,North Central,Urban,Secondary,Trade/Services,Self-employed,159051.79,0
d54539b3,55,Male,South West,Urban,Secondary,Trade/Services,Self-employed,74671.92,1
40e856bf,1,Female,North Central,Rural,None,None,Not in Labor Force,0.0,1
87118633,2,Female,North Central,Rural,None,None,Not in Labor Force,0.0,1
ca404903,11,Female,North Central,Urban,Primary,Student,Not in Labor Force,0.0,1
99802a75,45,Male,North Central,Urban,None,Trade/Services,Informal,37950.55,1
b091ea7b,27,Male,North Central,Urban,Primary,Informal,Informal,164244.6,0
adc5342c,90,Female,North Central,Urban,None,Retired/None,Not in Labor Force,0.0,1
96b3371d,76,Female,South South,Rural,Primary,Retired/None,Not in Labor Force,0.0,1
a46b3447,26,Male,South West,Urban,Primary,Informal,Informal,39659.49,1
48711cc2,32,Male,South West,Urban,Secondary,Trade/Services,Self-employed,61305.68,1
ffa4213d,23,Male,South West,Urban,Primary,Informal,Informal,86087.27,1
1ea20f0b,63,Female,South West,Rural,Primary,Agriculture,Informal,50898.79,1
429967ba,4,Male,South West,Urban,None,None,Not in Labor Force,0.0,1
3bf3a01e,62,Female,North West,Urban,Secondary,Trade/Services,Self-employed,119308.64,0
a499493e,0,Female,South South,Urban,None,None,Not in Labor Force,0.0,1
bfd3d78a,54,Female,North West,Rural,None,Informal,Informal,238802.64,0
88b6de3e,57,Female,North East,Rural,Tertiary,Professional,Wage-employed,163296.07,0
2cb3429f,7,Male,North West,Urban,Primary,Student,Not in Labor Force,0.0,1
100b3f88,48,Female,North West,Urban,Secondary,Informal,Self-employed,179336.63,0
2fd95c66,22,Female,South East,Rural,Secondary,Informal,Self-employed,103986.41,0
4297a562,11,Female,North Central,Urban,None,Student,Not in Labor Force,0.0,1
7419e825,4,Male,South East,Urban,None,None,Not in Labor Force,0.0,1
0b78678c,47,Female,North East,Rural,None,Informal,Informal,109710.83,0
1d1b1795,37,Male,North East,Rural,Primary,Agriculture,Informal,37366.38,1
e0c81a57,27,Male,North East,Rural,Primary,Agriculture,Informal,52329.79,1
dc95977f,63,Female,South West,Urban,Tertiary,Professional,Wage-employed,428689.43,0
0ba72ce7,28,Female,South East,Rural,Primary,Agriculture,Informal,25329.05,1
384f50b4,28,Female,North Central,Urban,Primary,Informal,Informal,27355.42,1
556fa1dd,30,Male,North East,Rural,Primary,Informal,Informal,59131.6,1
9b21a174,63,Female,South South,Rural,None,Informal,Informal,133596.92,0
3ec962f8,5,Male,North West,Urban,None,None,Not in Labor Force,0.0,1
77776a0a,9,Female,North Central,Rural,None,Student,Not in Labor Force,0.0,1
2882af6b,11,Male,North Central,Rural,None,Student,Not in Labor Force,0.0,1
e1637675,53,Female,North West,Rural,None,Agriculture,Informal,48468.91,1
237d3080,40,Female,North East,Rural,Primary,Informal,Informal,52625.14,1
f3bcec41,40,Male,North West,Rural,Secondary,Trade/Services,Self-employed,196894.52,0
4e26f5ab,0,Male,South South,Urban,None,None,Not in Labor Force,0.0,1
e6985f79,8,Female,South West,Urban,Primary,Student,Not in Labor Force,0.0,1
8a8fa28b,14,Female,South East,Rural,Primary,Student,Not in Labor Force,0.0,1
79bf67de,3,Female,North Central,Urban,None,None,Not in Labor Force,0.0,1
d348a8d9,35,Female,South West,Urban,Tertiary,Manufacturing,Wage-employed,366117.81,0
a0d693df,1,Male,South West,Urban,None,None,Not in Labor Force,0.0,1
80c7924b,44,Male,South South,Urban,Primary,Trade/Services,Informal,128816.65,0
a1cd8efc,27,Male,North West,Urban,Tertiary,Trade/Services,Wage-employed,1982522.59,0
204c7398,7,Male,North East,Rural,None,Student,Not in Labor Force,0.0,1
06eeefa2,44,Female,South West,Urban,None,Trade/Services,Informal,57168.68,1
c83401f8,16,Male,South South,Rural,Secondary,Trade/Services,Self-employed,88766.73,1
80d89ab2,2,Female,South South,Rural,None,None,Not in Labor Force,0.0,1
fd6f28e0,61,Female,South West,Urban,Primary,Informal,Informal,102511.56,0
106e5ca8,58,Female,North West,Rural,Primary,Informal,Informal,146528.36,0
1494e043,61,Female,North West,Urban,Secondary,Informal,Self-employed,124358.52,0
dc1c9eea,8,Male,South South,Urban,Primary,Student,Not in Labor Force,0.0,1
543c83cb,64,Female,North Central,Rural,None,Agriculture,Informal,92740.59,1
a4a3aa4a,28,Male,North West,Rural,None,Agriculture,Informal,73771.74,1
c4ec0e6f,5,Male,South South,Urban,None,None,Not in Labor Force,0.0,1
93575ce9,26,Female,North West,Rural,Secondary,Trade/Services,Self-employed,94528.44,1
83927da4,84,Male,South West,Urban,Primary,Retired/None,Not in Labor Force,0.0,1
461afc98,37,Female,South West,Urban,Secondary,Informal,Self-employed,103543.49,0
9aef0d72,13,Female,North West,Urban,Primary,Student,Not in Labor Force,0.0,1
99cdb528,44,Female,North East,Rural,None,Agriculture,Informal,41542.44,1
bc841a36,5,Male,North West,Rural,None,None,Not in Labor Force,0.0,1
3a8c4c95,9,Female,South West,Urban,Primary,Student,Not in Labor Force,0.0,1
68e017f9,13,Male,North Central,Rural,Secondary,Student,Not in Labor Force,0.0,1
e4483ed9,8,Female,North West,Urban,Primary,Student,Not in Labor Force,0.0,1
afffe696,13,Male,South South,Urban,Primary,Student,Not in Labor Force,0.0,1
139d53d8,8,Female,North East,Urban,Primary,Student,Not in Labor Force,0.0,1
0f52b3e7,50,Male,North East,Urban,Secondary,Unemployed,Self-employed,838454.45,0
db03ce5c,0,Male,North West,Urban,None,None,Not in Labor Force,0.0,1
064e818c,1,Male,North West,Urban,None,None,Not in Labor Force,0.0,1
a329398a,30,Male,South South,Urban,Secondary,Informal,Self-employed,52858.35,1
5b8061f0,38,Female,North East,Rural,Primary,Agriculture,Informal,25140.27,1
595017f7,28,Male,North Central,Rural,None,Informal,Informal,69344.65,1
da6cf382,9,Male,South South,Urban,Primary,Student,Not in Labor Force,0.0,1
fd4a522f,7,Female,South West,Urban,Primary,Student,Not in Labor Force,0.0,1
cc8d768b,13,Male,North East,Rural,None,Student,Not in Labor Force,0.0,1
5ad0c7b9,14,Male,South South,Rural,Tertiary,Student,Not in Labor Force,0.0,1
046793ed,1,Female,South West,Urban,None,None,Not in Labor Force,0.0,1
3477d9e8,3,Male,North West,Rural,None,None,Not in Labor Force,0.0,1
fb40eed4,0,Male,South West,Urban,None,None,Not in Labor Force,0.0,1
c8cf6dba,6,Male,South South,Urban,Primary,Student,Not in Labor Force,0.0,1
fd40b76b,34,Male,North Central,Rural,Tertiary,Trade/Services,Wage-employed,335024.72,0
2e934150,10,Female,South West,Urban,Primary,Student,Not in Labor Force,0.0,1
75bb50c1,13,Male,South South,Rural,Primary,Student,Not in Labor Force,0.0,1
e1adc1b8,54,Female,South West,Urban,Secondary,Trade/Services,Self-employed,172096.68,0
119f7888,39,Male,North West,Rural,None,Agriculture,Informal,35428.54,1
e7971ba3,11,Male,North West,Rural,Primary,Student,Not in Labor Force,0.0,1
57ee5a86,39,Male,South West,Rural,None,Agriculture,Informal,32341.82,1
87e68bd7,17,Female,North East,Urban,Tertiary,Professional,Wage-employed,337291.19,0
98b5c004,4,Female,South South,Rural,None,None,Not in Labor Force,0.0,1
f661a9ed,52,Female,North Central,Rural,Primary,Agriculture,Informal,103214.9,0
f6ce9847,40,Female,North Central,Rural,None,Agriculture,Informal,32511.83,1
85a5e97c,7,Male,South West,Urban,Primary,Student,Not in Labor Force,0.0,1
b228d5a4,5,Male,North Central,Urban,None,None,Not in Labor Force,0.0,1
96c36194,52,Male,North East,Rural,Secondary,Trade/Services,Self-employed,108085.18,0
61c204f8,18,Male,North West,Rural,Primary,Informal,Informal,44030.78,1
c2dd2d4e,6,Male,South West,Urban,Primary,Student,Not in Labor Force,0.0,1
9948c89a,13,Male,South South,Urban,Secondary,Student,Not in Labor Force,0.0,1
aa107621,13,Male,South West,Urban,Tertiary,Student,Not in Labor Force,0.0,1
73bedcbf,33,Male,North East,Rural,Primary,Informal,Informal,23988.06,1
d3178b29,53,Male,North West,Urban,Secondary,Informal,Self-employed,61768.91,1
c2d16bbd,2,Male,South East,Rural,None,None,Not in Labor Force,0.0,1
0f19591a,54,Female,South South,Rural,Secondary,Trade/Services,Self-employed,170451.94,0
4154050b,47,Male,North East,Rural,None,Informal,Informal,41676.81,1
550e22e6,0,Female,South West,Urban,None,None,Not in Labor Force,0.0,1
0f551f82,13,Female,North Central,Rural,None,Student,Not in Labor Force,0.0,1
92a03e3c,52,Male,North Central,Urban,None,Informal,Informal,170464.99,0
01e14d2c,24,Male,South East,Urban,Secondary,Trade/Services,Self-employed,130307.38,0
a7ffb4b1,42,Male,North West,Urban,None,Informal,Informal,35571.65,1
67c45d13,28,Female,North Central,Urban,Primary,Trade/Services,Informal,107615.43,0
9d5ed24e,3,Male,North West,Rural,None,None,Not in Labor Force,0.0,1
0b417378,52,Male,North East,Rural,Tertiary,Professional,Wage-employed,183357.91,0
87b5730f,30,Male,South West,Rural,None,Agriculture,Informal,47757.57,1
469e290d,11,Female,North West,Urban,Primary,Student,Not in Labor Force,0.0,1
203ac051,4,Male,South West,Urban,None,None,Not in Labor Force,0.0,1
a572d97f,11,Female,North East,Rural,None,Student,Not in Labor Force,0.0,1
370cd0a5,14,Male,South West,Urban,Primary,Student,Not in Labor Force,0.0,1
28fe34b5,0,Female,North West,Rural,None,None,Not in Labor Force,0.0,1
c60d0a21,5,Female,South West,Urban,None,None,Not in Labor Force,0.0,1
d0816bf9,8,Male,South West,Rural,Primary,Student,Not in Labor Force,0.0,1
6fbce1ed,14,Female,South South,Urban,Tertiary,Student,Not in Labor Force,0.0,1
e3965757,29,Female,South South,Urban,Secondary,Trade/Services,Self-employed,262927.73,0
732e080d,58,Male,North East,Urban,None,Informal,Informal,37279.28,1
ccac299e,17,Male,North West,Rural,Primary,Agriculture,Informal,45717.25,1
002a6781,57,Female,South West,Urban,Secondary,Informal,Self-employed,69555.54,1
ad0d5aeb,61,Female,South West,Rural,Secondary,Informal,Self-employed,48329.64,1
44531520,2,Female,North West,Rural,None,None,Not in Labor Force,0.0,1
83e6b805,28,Female,North West,Urban,Secondary,Informal,Self-employed,100316.48,0
05cdf4c0,16,Female,South West,Urban,Secondary,Trade/Services,Self-employed,79654.85,1
8394b858,43,Male,South South,Urban,None,Informal,Informal,68573.11,1
35be2fcc,18,Female,South South,Urban,Tertiary,Professional,Wage-employed,587307.63,0
32517db1,9,Male,North West,Rural,Primary,Student,Not in Labor Force,0.0,1
b8ee70ff,2,Female,North East,Rural,None,None,Not in Labor Force,0.0,1
c0892ce8,11,Female,North West,Rural,None,Student,Not in Labor Force,0.0,1
7ddb7535,16,Female,North Central,Urban,None,Informal,Informal,51507.55,1
fea0b3a1,31,Male,South East,Urban,None,Informal,Informal,33492.95,1
0ed9213f,2,Male,South East,Urban,None,None,Not in Labor Force,0.0,1
2d39598e,74,Male,North Central,Rural,None,Retired/None,Not in Labor Force,0.0,1
ca3ffed2,62,Female,North West,Rural,Secondary,Trade/Services,Self-employed,145057.51,0
066d1d36,5,Female,North East,Rural,None,None,Not in Labor Force,0.0,1
614ec091,8,Male,South South,Rural,Primary,Student,Not in Labor Force,0.0,1
1d8e92a5,10,Female,North West,Urban,Primary,Student,Not in Labor Force,0.0,1
e6e95034,4,Female,North East,Urban,None,None,Not in Labor Force,0.0,1
ebb5755d,14,Male,South West,Urban,None,Student,Not in Labor Force,0.0,1
0428e4dc,2,Male,South West,Rural,None,None,Not in Labor Force,0.0,1
4b94c1fd,13,Female,South South,Rural,Secondary,Student,Not in Labor Force,0.0,1
f113a37c,4,Female,North East,Urban,None,None,Not in Labor Force,0.0,1
235f4a5d,35,Female,North Central,Urban,Tertiary,Professional,Wage-employed,254092.28,0
27c31fe8,4,Female,North Central,Rural,None,None,Not in Labor Force,0.0,1
b38ac483,58,Female,South South,Rural,Secondary,Informal,Self-employed,295570.13,0
653d1d7f,6,Male,South East,Rural,Primary,Student,Not in Labor Force,0.0,1
9422df1a,69,Male,South East,Urban,Secondary,Trade/Services,Self-employed,104255.75,0
fe8590f0,6,Male,North West,Rural,None,Student,Not in Labor Force,0.0,1
313b664d,8,Male,South East,Rural,Primary,Student,Not in Labor Force,0.0,1
9419cade,85,Male,North Central,Urban,Tertiary,Retired/None,Not in Labor Force,0.0,1
60c24160,32,Male,North West,Rural,None,Agriculture,Informal,55183.26,1
92deea4c,35,Female,North West,Urban,Primary,Trade/Services,Informal,20283.13,1
51fa827c,7,Female,South West,Urban,Primary,Student,Not in Labor Force,0.0,1
600ce045,11,Male,North East,Rural,None,Student,Not in Labor Force,0.0,1
1b48b45d,48,Female,South South,Rural,Primary,Agriculture,Informal,29820.75,1
6e805c8f,24,Female,South West,Urban,Secondary,Trade/Services,Self-employed,33945.64,1
e3afd9b6,55,Female,North West,Urban,Tertiary,Professional,Wage-employed,477563.49,0
d469a573,38,Female,South West,Urban,Tertiary,Professional,Wage-employed,381139.97,0
75ef9c54,7,Male,North West,Urban,Primary,Student,Not in Labor Force,0.0,1
17aa9b40,38,Female,North Central,Urban,None,Informal,Informal,117956.82,0
18305eea,7,Female,South West,Urban,None,Student,Not in Labor Force,0.0,1
b66a64b2,7,Female,South South,Urban,Primary,Student,Not in Labor Force,0.0,1
f715e17c,0,Female,North Central,Urban,None,None,Not in Labor Force,0.0,1
b190d3ab,52,Female,South East,Rural,None,Informal,Informal,97192.22,0
6aba8688,11,Female,South East,Urban,Primary,Student,Not in Labor Force,0.0,1
ed061b6b,8,Female,North Central,Rural,None,Student,Not in Labor Force,0.0,1
f71952e0,63,Female,North Central,Rural,None,Agriculture,Informal,106604.73,0
522ba5de,1,Male,South West,Urban,None,None,Not in Labor Force,0.0,1
36e9c211,25,Male,North West,Rural,Primary,Agriculture,Informal,52311.73,1
48791ec1,14,Male,South South,Urban,Primary,Student,Not in Labor Force,0.0,1
80aa9f04,32,Female,South East,Rural,Primary,Agriculture,Informal,63022.54,1
6eb03d5f,37,Female,North West,Rural,None,Agriculture,Informal,84741.88,1
c77a5a22,11,Male,South South,Urban,Primary,Student,Not in Labor Force,0.0,1
435d8832,5,Female,North West,Rural,None,None,Not in Labor Force,0.0,1
5d18fe44,10,Female,South South,Urban,Primary,Student,Not in Labor Force,0.0,1
c1e571dc,1,Female,North East,Rural,None,None,Not in Labor Force,0.0,1
21dde475,72,Male,South East,Urban,Primary,Retired/None,Not in Labor Force,0.0,1
f2307d58,14,Male,North Central,Rural,Primary,Student,Not in Labor Force,0.0,1
c42d2836,55,Female,South West,Urban,Secondary,Unemployed,Self-employed,82715.57,1
e82d45ef,14,Female,North West,Rural,Secondary,Student,Not in Labor Force,0.0,1
317803fe,53,Female,North East,Rural,Secondary,Informal,Self-employed,56229.26,1
67cb05a6,34,Female,North West,Rural,Secondary,Trade/Services,Self-employed,248709.38,0
9e463179,27,Male,South South,Rural,Primary,Informal,Informal,20257.93,1
f17aa12c,59,Female,North East,Urban,None,Informal,Informal,109098.07,0
2d6aa63f,0,Male,South West,Rural,None,None,Not in Labor Force,0.0,1
10adb49f,3,Male,South East,Urban,None,None,Not in Labor Force,0.0,1
8c94520f,18,Male,South South,Rural,Secondary,Trade/Services,Self-employed,121143.01,0
80893a80,38,Male,North West,Urban,Tertiary,Trade/Services,Wage-employed,204027.01,0
34b66a1c,68,Male,South South,Urban,Secondary,Trade/Services,Self-employed,89258.7,1
0f0cbc85,3,Female,North West,Urban,None,None,Not in Labor Force,0.0,1
6bb58db2,59,Female,South West,Urban,Secondary,Manufacturing,Self-employed,107569.82,0
26d6803a,16,Male,South West,Urban,Primary,Trade/Services,Informal,92042.29,1
c51ecf4a,11,Female,North West,Rural,Primary,Student,Not in Labor Force,0.0,1
70460330,9,Male,North West,Urban,Primary,Student,Not in Labor Force,0.0,1
d5337f1a,37,Male,North Central,Rural,None,Agriculture,Informal,73939.52,1
4da4e577,29,Female,North Central,Urban,Secondary,Informal,Self-employed,130802.3,0
880ba37e,50,Female,South South,Rural,Secondary,Informal,Self-employed,110529.26,0
027aa66e,10,Female,North East,Rural,Primary,Student,Not in Labor Force,0.0,1
6e31258c,20,Male,South South,Rural,Tertiary,Professional,Wage-employed,440501.95,0
35421e73,2,Female,North Central,Urban,None,None,Not in Labor Force,0.0,1
d95262cc,6,Female,South South,Urban,Primary,Student,Not in Labor Force,0.0,1
6cdd9b1c,5,Female,South West,Urban,None,None,Not in Labor Force,0.0,1
3aa7623f,49,Male,South East,Rural,Secondary,Trade/Services,Self-employed,142622.7,0
1cf7d048,50,Female,North West,Rural,Secondary,Manufacturing,Self-employed,247851.2,0
570437dd,24,Female,South West,Rural,Primary,Informal,Informal,111958.26,0
3c74270e,13,Female,North West,Urban,Secondary,Student,Not in Labor Force,0.0,1
b3541360,55,Male,North East,Rural,Primary,Agriculture,Informal,60516.71,1
368087f5,13,Female,South West,Rural,Secondary,Student,Not in Labor Force,0.0,1
04bc2add,52,Male,South West,Urban,Secondary,Informal,Self-employed,195713.91,0
82916793,43,Female,North West,Urban,Secondary,Unemployed,Self-employed,171835.67,0
d2874539,3,Male,North Central,Rural,None,None,Not in Labor Force,0.0,1
3f29bc1a,57,Male,South West,Urban,Secondary,Informal,Self-employed,147067.06,0
f5886007,6,Female,North West,Rural,Primary,Student,Not in Labor Force,0.0,1
ea313963,64,Male,North Central,Rural,Primary,Agriculture,Informal,35555.17,1
d5def1d9,18,Male,South West,Rural,Primary,Agriculture,Informal,65996.27,1
13a296e9,4,Male,North West,Rural,None,None,Not in Labor Force,0.0,1
2cef64e5,18,Male,South East,Rural,None,Agriculture,Informal,17341.38,1
3efc5bdb,3,Female,South West,Urban,None,None,Not in Labor Force,0.0,1
868ebfe4,59,Female,South East,Urban,None,Trade/Services,Informal,153797.97,0
7995a7e2,30,Female,North West,Rural,Secondary,Informal,Self-employed,121808.89,0
365ff753,39,Male,South East,Rural,Tertiary,Professional,Wage-employed,269544.55,0
1c47bb82,13,Female,North West,Rural,Secondary,Student,Not in Labor Force,0.0,1
8bfb5c2b,25,Male,North Central,Urban,Secondary,Trade/Services,Self-employed,103525.06,0
14688613,43,Female,North West,Urban,None,Informal,Informal,119694.93,0
d89266a8,1,Male,South South,Urban,None,None,Not in Labor Force,0.0,1
dd9e02d9,5,Female,South West,Urban,None,None,Not in Labor Force,0.0,1
85563578,28,Female,North West,Rural,Secondary,Informal,Self-employed,297303.4,0
a70c6f81,38,Male,North West,Rural,None,Agriculture,Informal,74985.34,1
533a7a28,53,Male,North East,Urban,Primary,Informal,Informal,253051.6,0
569192fa,40,Female,North West,Rural,None,Agriculture,Informal,95856.98,1
ae96880f,57,Male,South West,Rural,Primary,Agriculture,Informal,36929.22,1
9e0a9fc1,3,Male,South West,Urban,None,None,Not in Labor Force,0.0,1
d265e541,6,Male,South South,Urban,Primary,Student,Not in Labor Force,0.0,1
27d0232a,12,Female,South South,Urban,Secondary,Student,Not in Labor Force,0.0,1
5bc96318,30,Female,South West,Rural,Primary,Informal,Informal,80228.78,1
c3c6cabf,9,Male,North West,Rural,Primary,Student,Not in Labor Force,0.0,1
4e7eb26f,52,Male,North East,Rural,Secondary,Trade/Services,Self-employed,124746.74,0
0dc45850,46,Female,North Central,Rural,None,Agriculture,Informal,36916.16,1
941025e7,20,Female,North Central,Rural,Primary,Informal,Informal,46880.83,1
eb4f4dae,1,Male,South West,Rural,None,None,Not in Labor Force,0.0,1
ecc1cd47,22,Female,South South,Rural,Secondary,Informal,Self-employed,76379.52,1
7fa96bcd,13,Male,South South,Urban,None,Student,Not in Labor Force,0.0,1
f9b29d60,41,Male,North West,Urban,Secondary,Trade/Services,Self-employed,141511.36,0
dc3a2915,6,Female,North East,Urban,None,Student,Not in Labor Force,0.0,1
2e717d6a,10,Female,South East,Urban,Primary,Student,Not in Labor Force,0.0,1
19476965,39,Male,South East,Urban,Secondary,Trade/Services,Self-employed,112642.77,0
6c505a71,7,Male,North East,Rural,Primary,Student,Not in Labor Force,0.0,1
9781e7a6,13,Male,South West,Urban,Secondary,Student,Not in Labor Force,0.0,1
f17f2d23,55,Male,South West,Urban,None,Trade/Services,Informal,94958.96,1
f8fd3d1e,29,Male,North Central,Rural,None,Informal,Informal,77529.34,1
daca867f,39,Male,North West,Rural,Secondary,Informal,Self-employed,211208.5,0
34b3d0fc,36,Female,South South,Rural,Secondary,Manufacturing,Self-employed,137239.64,0
bbaffdd2,32,Female,South West,Urban,Tertiary,Professional,Wage-employed,262717.74,0
b937da2a,11,Female,North West,Rural,Primary,Student,Not in Labor Force,0.0,1
ba874f90,6,Female,South West,Urban,Primary,Student,Not in Labor Force,0.0,1
20819cae,2,Male,South West,Urban,None,None,Not in Labor Force,0.0,1
4044c9e5,59,Male,South South,Urban,Secondary,Trade/Services,Self-employed,472910.65,0
6da25a80,53,Male,North West,Urban,Secondary,Informal,Self-employed,87791.47,1
19d07a76,8,Female,South South,Urban,Primary,Student,Not in Labor Force,0.0,1
11a32d85,24,Male,North West,Rural,None,Informal,Informal,47450.61,1
6ce547f3,44,Female,South West,Rural,Secondary,Informal,Self-employed,141279.78,0
048ca9d5,9,Female,South West,Urban,Primary,Student,Not in Labor Force,0.0,1
7b7bbb42,48,Male,North Central,Urban,Secondary,Informal,Self-employed,757046.39,0
23ef41b7,60,Male,North Central,Urban,Primary,Informal,Informal,102842.22,0
514fad62,27,Female,South South,Urban,None,Informal,Informal,54997.93,1
7475f2d2,5,Female,South West,Rural,None,None,Not in Labor Force,0.0,1
1693c679,43,Female,North Central,Rural,Secondary,Informal,Self-employed,36916.14,1
d6e2e8e3,52,Male,North West,Urban,Tertiary,Professional,Wage-employed,143846.99,0
8da4a17f,55,Female,North West,Urban,None,Informal,Informal,81354.78,1
730284a7,59,Male,North West,Rural,None,Agriculture,Informal,83020.88,1
f4781330,23,Female,South South,Urban,None,Informal,Informal,34479.22,1
752276b3,27,Female,South East,Rural,Primary,Informal,Informal,68403.78,1
102a9f39,4,Female,South South,Rural,None,None,Not in Labor Force,0.0,1
683b7ab7,28,Male,North West,Urban,None,Trade/Services,Informal,36748.65,1
7a2bb9b1,51,Female,South West,Urban,Secondary,Informal,Self-employed,76523.8,1
5c0cb78c,8,Male,North West,Rural,Primary,Student,Not in Labor Force,0.0,1
2f6195a9,22,Male,South East,Urban,None,Informal,Informal,118071.89,0
f6384df8,53,Male,North East,Rural,Primary,Informal,Informal,38231.85,1
1bd80e91,54,Female,North West,Urban,Primary,Trade/Services,Informal,177379.9,0
36e48ce7,17,Female,South West,Urban,Primary,Informal,Informal,56918.36,1
6ee64ad7,6,Male,North East,Rural,Primary,Student,Not in Labor Force,0.0,1
52151d57,88,Female,South West,Urban,None,Retired/None,Not in Labor Force,0.0,1
fbf80a84,61,Male,South West,Urban,Primary,Trade/Services,Informal,157261.47,0
ab05d775,7,Male,South West,Urban,Primary,Student,Not in Labor Force,0.0,1
8acc228d,47,Male,South South,Urban,Tertiary,Professional,Wage-employed,1558335.95,0
afa27a36,46,Female,North East,Rural,Primary,Agriculture,Informal,38276.49,1
d81845c4,21,Female,North Central,Urban,Primary,Informal,Informal,354909.18,0
9e085f5b,33,Male,South East,Rural,Secondary,Unemployed,Self-employed,99517.79,0
04ab7759,1,Female,South West,Urban,None,None,Not in Labor Force,0.0,1
49c032de,13,Male,North West,Urban,Tertiary,Student,Not in Labor Force,0.0,1
5c0ca23d,1,Female,South East,Rural,None,None,Not in Labor Force,0.0,1
9e33b978,61,Male,North West,Rural,Primary,Agriculture,Informal,40964.44,1
3fbf3dc7,13,Female,North West,Urban,Secondary,Student,Not in Labor Force,0.0,1
bf50b108,7,Female,North West,Urban,Primary,Student,Not in Labor Force,0.0,1
5ea2bf98,8,Female,North West,Urban,Primary,Student,Not in Labor Force,0.0,1
d78fdc3b,33,Male,North West,Rural,Secondary,Trade/Services,Self-employed,82650.43,1
3cb7bd58,40,Female,North West,Urban,None,Trade/Services,Informal,63445.26,1
223491a6,0,Male,North Central,Urban,None,None,Not in Labor Force,0.0,1
1141a7b9,5,Female,North East,Urban,None,None,Not in Labor Force,0.0,1
6c6bee09,42,Male,North West,Rural,None,Agriculture,Informal,138839.54,0
271c803a,33,Male,South West,Rural,Primary,Agriculture,Informal,132019.17,0
4ca307dd,10,Female,North West,Urban,None,Student,Not in Labor Force,0.0,1
4a9307c3,62,Female,North West,Rural,None,Informal,Informal,131082.33,0
3351a1f6,3,Male,North Central,Urban,None,None,Not in Labor Force,0.0,1
035f606d,8,Female,North East,Rural,Primary,Student,Not in Labor Force,0.0,1
d79fbb40,33,Female,North East,Urban,None,Informal,Informal,37062.18,1
0eb6db57,0,Female,North Central,Urban,None,None,Not in Labor Force,0.0,1
6bbb085e,21,Male,South West,Urban,Primary,Informal,Informal,90543.13,1
722eaf66,12,Female,South West,Rural,Tertiary,Student,Not in Labor Force,0.0,1
90180423,57,Male,South South,Rural,Secondary,Informal,Self-employed,38955.82,1
978c1b05,19,Male,North Central,Urban,Tertiary,Trade/Services,Wage-employed,734289.85,0
61b6b58f,13,Female,North Central,Urban,Secondary,Student,Not in Labor Force,0.0,1
9840a6e4,63,Female,North West,Urban,Secondary,Unemployed,Self-employed,99688.74,0
92bfb3e0,10,Female,South East,Urban,Primary,Student,Not in Labor Force,0.0,1
b415abe0,88,Male,North West,Rural,Primary,Retired/None,Not in Labor Force,0.0,1
0c2f88d9,9,Male,North Central,Rural,Primary,Student,Not in Labor Force,0.0,1
20aefb55,7,Male,North Central,Rural,None,Student,Not in Labor Force,0.0,1
c170f599,9,Male,South West,Urban,Primary,Student,Not in Labor Force,0.0,1
5c931d33,76,Male,South South,Rural,Primary,Retired/None,Not in Labor Force,0.0,1
1956ff02,56,Male,South South,Urban,Secondary,Unemployed,Self-employed,180204.37,0
58cbea7b,27,Female,North West,Rural,Secondary,Trade/Services,Self-employed,73048.94,1
bbb781ed,9,Female,North East,Urban,Primary,Student,Not in Labor Force,0.0,1
ca2123ca,32,Female,South East,Urban,Secondary,Unemployed,Self-employed,46466.56,1
cec18a49,9,Female,North Central,Urban,Primary,Student,Not in Labor Force,0.0,1
78354ab1,63,Male,North Central,Urban,Primary,Informal,Informal,137460.51,0
911739a4,3,Male,South West,Urban,None,None,Not in Labor Force,0.0,1
ff698e96,4,Female,South West,Rural,None,None,Not in Labor Force,0.0,1
ffc4e251,2,Female,South South,Rural,None,None,Not in Labor Force,0.0,1
d1c5d6dc,41,Female,South West,Rural,Secondary,Trade/Services,Self-employed,175858.45,0
6e7592bf,29,Male,North Central,Urban,Primary,Informal,Informal,87870.68,1
11fb8852,9,Male,North Central,Rural,None,Student,Not in Labor Force,0.0,1
e26fd844,48,Female,South East,Urban,None,Trade/Services,Informal,22769.1,1
37159c65,59,Female,South West,Rural,Primary,Agriculture,Informal,93921.31,1
d6747a16,36,Female,South West,Urban,Secondary,Informal,Self-employed,85600.56,1
b0548a88,54,Male,South South,Urban,Primary,Trade/Services,Informal,110188.28,0
d167ae65,6,Female,South West,Urban,Primary,Student,Not in Labor Force,0.0,1
082afc26,63,Female,North East,Rural,None,Agriculture,Informal,44606.65,1
030feaab,3,Female,South West,Rural,None,None,Not in Labor Force,0.0,1
4b175bfd,2,Female,South West,Urban,None,None,Not in Labor Force,0.0,1
08d2bb20,55,Female,North West,Rural,Primary,Informal,Informal,47440.11,1
0fc2b6dd,37,Female,North Central,Urban,Primary,Informal,Informal,108941.96,0
c70ab85a,14,Female,South West,Urban,Secondary,Student,Not in Labor Force,0.0,1
a3130941,11,Male,North Central,Rural,Primary,Student,Not in Labor Force,0.0,1
88dfd26f,23,Female,South East,Urban,None,Trade/Services,Informal,49387.72,1
9f38ae23,7,Female,North Central,Urban,Primary,Student,Not in Labor Force,0.0,1
527630bd,4,Male,South South,Rural,None,None,Not in Labor Force,0.0,1
0ea1a94d,8,Female,North East,Rural,None,Student,Not in Labor Force,0.0,1
6cfbf9e1,60,Male,North West,Rural,None,Informal,Informal,54175.8,1
174f8085,30,Female,North Central,Urban,Secondary,Unemployed,Self-employed,180910.79,0
c518a1ea,14,Female,North Central,Urban,Secondary,Student,Not in Labor Force,0.0,1
a105dbf2,7,Male,North East,Rural,None,Student,Not in Labor Force,0.0,1
0fbb57b8,14,Male,North West,Rural,Secondary,Student,Not in Labor Force,0.0,1
1d74e853,39,Female,South West,Urban,Secondary,Trade/Services,Self-employed,488878.6,0
19bdcd1f,9,Female,North East,Rural,Primary,Student,Not in Labor Force,0.0,1
6024eaf9,0,Male,South West,Urban,None,None,Not in Labor Force,0.0,1
13e073f8,59,Female,South East,Rural,Secondary,Trade/Services,Self-employed,94402.08,1
a4d84ce3,8,Female,South East,Urban,Primary,Student,Not in Labor Force,0.0,1
ad674cf3,29,Female,North East,Urban,Secondary,Unemployed,Self-employed,220508.96,0
ea0b3eb3,6,Male,South West,Urban,Primary,Student,Not in Labor Force,0.0,1
2f8cbbaf,0,Female,North Central,Urban,None,None,Not in Labor Force,0.0,1
1b7c85ab,0,Male,South South,Urban,None,None,Not in Labor Force,0.0,1
ed7852b7,19,Female,South South,Urban,Primary,Trade/Services,Informal,40011.22,1
be88f358,23,Female,North East,Rural,None,Agriculture,Informal,165508.81,0
3c33a0ce,58,Male,North West,Urban,None,Trade/Services,Informal,49770.47,1
a1ecc108,5,Female,North West,Urban,None,None,Not in Labor Force,0.0,1
16928e29,42,Male,North East,Urban,Secondary,Informal,Self-employed,123091.72,0
2ab9b526,12,Female,South West,Rural,None,Student,Not in Labor Force,0.0,1
de5d9185,9,Female,South West,Urban,Primary,Student,Not in Labor Force,0.0,1
7244932e,42,Female,North East,Rural,Primary,Agriculture,Informal,81367.34,1
6432a64d,7,Female,South West,Rural,Primary,Student,Not in Labor Force,0.0,1
708f643a,14,Female,South South,Urban,Primary,Student,Not in Labor Force,0.0,1
9ccc565f,5,Female,South West,Urban,None,None,Not in Labor Force,0.0,1
07a77a03,10,Female,North West,Rural,Primary,Student,Not in Labor Force,0.0,1
394b69a2,5,Male,South West,Urban,None,None,Not in Labor Force,0.0,1
5bf7f15c,18,Female,North Central,Rural,None,Agriculture,Informal,37498.32,1
8ba57786,10,Female,South South,Rural,None,Student,Not in Labor Force,0.0,1
ff55ec47,35,Male,North East,Urban,Tertiary,Professional,Wage-employed,765699.47,0
6558a967,44,Male,North Central,Rural,Secondary,Trade/Services,Self-employed,66364.37,1
67eb7e8d,1,Male,South West,Urban,None,None,Not in Labor Force,0.0,1
430b170c,2,Male,North Central,Rural,None,None,Not in Labor Force,0.0,1
2714601d,2,Male,South West,Urban,None,None,Not in Labor Force,0.0,1
97d612ec,26,Male,North West,Urban,Secondary,Trade/Services,Self-employed,219339.13,0
7081109b,10,Male,South West,Urban,Primary,Student,Not in Labor Force,0.0,1
9cf0da77,44,Female,North West,Urban,Primary,Trade/Services,Informal,153371.93,0
7a482e72,4,Male,North East,Rural,None,None,Not in Labor Force,0.0,1
0597b93c,52,Female,South West,Rural,Secondary,Informal,Self-employed,139672.73,0
b4a16a57,35,Female,North West,Rural,None,Informal,Informal,91588.28,1
25b253e9,11,Female,North East,Rural,None,Student,Not in Labor Force,0.0,1
3d894668,52,Female,South West,Urban,Secondary,Informal,Self-employed,608361.61,0
b02e363b,54,Male,South West,Urban,Secondary,Informal,Self-employed,171086.84,0
e3eab754,14,Female,North West,Urban,None,Student,Not in Labor Force,0.0,1
95b3deeb,32,Female,South West,Urban,Secondary,Trade/Services,Self-employed,142330.0,0
0a2dd4d7,43,Male,North West,Rural,Secondary,Trade/Services,Self-employed,120781.66,0
b65c367c,62,Male,North East,Rural,None,Agriculture,Informal,128385.92,0
6726e722,52,Male,North Central,Urban,Secondary,Informal,Self-employed,539050.84,0
5a5ee8b9,11,Male,North West,Rural,None,Student,Not in Labor Force,0.0,1
4c16cf37,4,Male,South South,Urban,None,None,Not in Labor Force,0.0,1
96dfd1c5,0,Female,North West,Urban,None,None,Not in Labor Force,0.0,1
379d795c,55,Female,South East,Urban,Secondary,Trade/Services,Self-employed,120586.25,0
b8a210eb,32,Female,South East,Rural,Primary,Informal,Informal,34633.35,1
70d1b017,8,Female,South South,Urban,Primary,Student,Not in Labor Force,0.0,1
d3bcac3a,6,Female,North Central,Urban,None,Student,Not in Labor Force,0.0,1
34eac812,51,Female,South South,Urban,Secondary,Informal,Self-employed,267675.22,0
ba926bc4,92,Female,South South,Urban,Secondary,Retired/None,Not in Labor Force,0.0,1
d5759c2c,52,Male,North West,Urban,Primary,Informal,Informal,35672.92,1
43ee3aa2,11,Female,North Central,Rural,Primary,Student,Not in Labor Force,0.0,1
f0f161e1,10,Female,North West,Rural,Primary,Student,Not in Labor Force,0.0,1
9b5ab72c,3,Male,South West,Urban,None,None,Not in Labor Force,0.0,1
b27eb774,63,Female,South West,Urban,Secondary,Manufacturing,Self-employed,155539.54,0
af337b04,3,Female,North West,Urban,None,None,Not in Labor Force,0.0,1
74a0363a,23,Female,South East,Rural,None,Agriculture,Informal,71881.56,1
041bec7b,0,Male,North West,Rural,None,None,Not in Labor Force,0.0,1
dc876dd4,17,Female,South East,Urban,Secondary,Trade/Services,Self-employed,124941.1,0
6dd12cfd,35,Male,North West,Urban,Primary,Informal,Informal,78501.73,1
9957b39e,37,Male,South West,Urban,Secondary,Unemployed,Self-employed,49439.44,1
7623339d,8,Male,North West,Urban,Primary,Student,Not in Labor Force,0.0,1
664f6bd2,5,Female,North East,Urban,None,None,Not in Labor Force,0.0,1
c8dbd4af,2,Female,South West,Urban,None,None,Not in Labor Force,0.0,1
1ff05061,59,Male,North East,Urban,Tertiary,Professional,Wage-employed,237763.36,0
9859b49d,60,Female,North Central,Urban,Primary,Trade/Services,Informal,141811.57,0
2122cbeb,33,Male,South South,Rural,Secondary,Trade/Services,Self-employed,29005.44,1
e01c6da3,37,Male,North West,Rural,None,Informal,Informal,56863.19,1
29aef002,41,Female,South East,Urban,Secondary,Trade/Services,Self-employed,110465.71,0
f8fe7657,10,Male,North West,Rural,Primary,Student,Not in Labor Force,0.0,1
e947fe4d,53,Female,North West,Rural,Primary,Informal,Informal,18115.75,1
7bebf314,3,Male,North West,Urban,None,None,Not in Labor Force,0.0,1
c1905cd0,11,Male,South South,Urban,Primary,Student,Not in Labor Force,0.0,1
2e1e1fd1,41,Female,North West,Rural,None,Agriculture,Informal,165284.89,0
0397b3b0,13,Female,South South,Rural,None,Student,Not in Labor Force,0.0,1
9edda758,1,Male,South South,Urban,None,None,Not in Labor Force,0.0,1
e49c20be,47,Female,North East,Urban,Secondary,Informal,Self-employed,71814.32,1
9de4f681,11,Female,South West,Rural,Primary,Student,Not in Labor Force,0.0,1
b6333d0f,45,Female,South East,Rural,Primary,Agriculture,Informal,83229.41,1
f665fde5,1,Male,North East,Rural,None,None,Not in Labor Force,0.0,1
3f6742db,3,Female,North West,Rural,None,None,Not in Labor Force,0.0,1
6c773b6d,7,Female,North Central,Rural,None,Student,Not in Labor Force,0.0,1
6c90fb73,2,Male,South East,Rural,None,None,Not in Labor Force,0.0,1
e8b936cb,45,Female,South East,Rural,Secondary,Trade/Services,Self-employed,74507.97,1
1ad95464,9,Female,North West,Rural,Primary,Student,Not in Labor Force,0.0,1
45d900f5,45,Female,North West,Urban,None,Informal,Informal,48682.95,1
8bfaa1fa,52,Female,South South,Rural,Secondary,Informal,Self-employed,85683.17,1
ce3736a5,36,Female,North West,Urban,Tertiary,Professional,Wage-employed,323252.02,0
142c38db,59,Female,South West,Urban,None,Informal,Informal,72255.22,1
d533d14f,55,Female,North West,Rural,Primary,Agriculture,Informal,37340.32,1
f2655a08,8,Female,South East,Urban,Primary,Student,Not in Labor Force,0.0,1
a3b6f164,3,Female,South South,Urban,None,None,Not in Labor Force,0.0,1
89aecf6f,8,Male,North East,Rural,Primary,Student,Not in Labor Force,0.0,1
5fe87ea3,29,Male,North West,Rural,Primary,Informal,Informal,32585.06,1
6272d6da,12,Female,North Central,Rural,Secondary,Student,Not in Labor Force,0.0,1
1bb64128,36,Male,North East,Rural,None,Agriculture,Informal,109389.9,0
c4605f6e,30,Female,North Central,Urban,Secondary,Trade/Services,Self-employed,133808.02,0
1ecfb986,1,Female,South West,Urban,None,None,Not in Labor Force,0.0,1
bd84b377,40,Female,North West,Urban,Primary,Trade/Services,Informal,77949.15,1
c2990481,13,Female,North East,Rural,None,Student,Not in Labor Force,0.0,1
96673d7b,10,Female,South East,Rural,Primary,Student,Not in Labor Force,0.0,1
16bf4e69,52,Male,South West,Urban,Primary,Trade/Services,Informal,47340.11,1
9af6dbf1,48,Female,North East,Rural,Primary,Agriculture,Informal,153989.44,0
a948331c,22,Male,South West,Urban,Tertiary,Professional,Wage-employed,379854.23,0
994c8612,50,Male,South East,Urban,Primary,Informal,Informal,25914.93,1
4731ba8c,4,Male,South West,Urban,None,None,Not in Labor Force,0.0,1
f674ad46,60,Male,North West,Rural,Tertiary,Professional,Wage-employed,349932.02,0
d29a1073,57,Male,North West,Urban,Secondary,Trade/Services,Self-employed,84244.93,1
7c0e2639,42,Male,South East,Urban,Tertiary,Trade/Services,Wage-employed,691418.37,0
26d4a0e1,13,Female,South East,Urban,Primary,Student,Not in Labor Force,0.0,1
00967b3e,58,Female,South West,Rural,Secondary,Informal,Self-employed,184067.71,0
0c2e884b,5,Male,North West,Urban,None,None,Not in Labor Force,0.0,1
d2bc3ff1,3,Male,South West,Urban,None,None,Not in Labor Force,0.0,1
6bd98a53,45,Female,South East,Urban,Primary,Trade/Services,Informal,140612.09,0
3dbff889,0,Female,North East,Rural,None,None,Not in Labor Force,0.0,1
3920a2ef,58,Female,North West,Rural,None,Agriculture,Informal,45394.94,1
26cd358d,21,Male,South West,Urban,Tertiary,Professional,Wage-employed,374093.48,0
b990625c,7,Female,South East,Rural,Primary,Student,Not in Labor Force,0.0,1
df07df37,23,Female,North West,Urban,Secondary,Informal,Self-employed,154687.68,0
6acae10c,16,Female,South West,Urban,Tertiary,Manufacturing,Wage-employed,683920.38,0
ad805bee,31,Male,South West,Urban,Secondary,Trade/Services,Self-employed,71492.52,1
217b3fff,59,Male,South West,Urban,Secondary,Informal,Self-employed,140935.21,0
d1f0f867,51,Male,South West,Rural,None,Agriculture,Informal,183643.89,0
2d442fea,56,Male,South West,Rural,Primary,Agriculture,Informal,43423.84,1
65fff3b5,58,Male,North West,Urban,Tertiary,Professional,Wage-employed,394099.04,0
9cb72dbe,0,Female,North West,Urban,None,None,Not in Labor Force,0.0,1
8e013602,52,Female,South West,Urban,Secondary,Manufacturing,Self-employed,639276.62,0
45ceb48f,2,Female,North West,Rural,None,None,Not in Labor Force,0.0,1
bcb9155d,92,Female,South West,Rural,Secondary,Retired/None,Not in Labor Force,0.0,1
2b6ee909,61,Male,South West,Rural,Secondary,Informal,Self-employed,85413.38,1
cdc8155b,6,Female,North West,Rural,Primary,Student,Not in Labor Force,0.0,1
d5497ae3,44,Female,South West,Urban,None,Informal,Informal,32103.6,1
287b2442,20,Male,North Central,Rural,Secondary,Unemployed,Self-employed,95374.99,1
e63ad95b,3,Male,North East,Urban,None,None,Not in Labor Force,0.0,1
1c0afdf8,51,Female,North Central,Rural,None,Agriculture,Informal,163367.53,0
5bcc87e5,49,Female,South South,Urban,Secondary,Manufacturing,Self-employed,251206.04,0
2685df2e,9,Male,North Central,Rural,None,Student,Not in Labor Force,0.0,1
5ddd8d5f,23,Female,South West,Urban,None,Informal,Informal,44899.65,1
be016295,5,Female,North West,Rural,None,None,Not in Labor Force,0.0,1
d4c4a5a2,27,Female,North West,Rural,Primary,Agriculture,Informal,76821.27,1
21967c48,91,Male,North West,Rural,Secondary,Retired/None,Not in Labor Force,0.0,1
24c27157,36,Male,South East,Rural,Secondary,Informal,Self-employed,88831.19,1
47bfe050,42,Female,North East,Rural,Secondary,Informal,Self-employed,160688.06,0
c55aaa83,44,Female,North West,Urban,None,Trade/Services,Informal,55868.81,1
42218c50,50,Male,South West,Rural,Primary,Informal,Informal,80556.22,1
3bdc18e3,1,Male,North West,Rural,None,None,Not in Labor Force,0.0,1
e37f7190,50,Male,North West,Urban,Secondary,Informal,Self-employed,419220.24,0
ceea7b5e,7,Male,North Central,Rural,None,Student,Not in Labor Force,0.0,1
80fcac6d,59,Female,North East,Rural,Primary,Informal,Informal,12488.71,1
271c173b,9,Female,South West,Urban,Primary,Student,Not in Labor Force,0.0,1
b36acf0f,1,Male,North East,Urban,None,None,Not in Labor Force,0.0,1
4144b394,8,Male,North East,Rural,Primary,Student,Not in Labor Force,0.0,1
8cfd2589,15,Female,South South,Urban,Secondary,Unemployed,Self-employed,190181.77,0
b9dad22c,12,Male,South South,Rural,Primary,Student,Not in Labor Force,0.0,1
3dda86bb,64,Female,South East,Urban,Secondary,Informal,Self-employed,294030.93,0
83825af1,14,Female,South South,Rural,Primary,Student,Not in Labor Force,0.0,1
b514ecb6,1,Female,South West,Urban,None,None,Not in Labor Force,0.0,1
b3a258f2,57,Male,South West,Urban,Secondary,Trade/Services,Self-employed,52375.69,1
25cd6e59,45,Male,South West,Urban,Tertiary,Trade/Services,Wage-employed,259793.38,0
498039be,13,Male,South East,Urban,Tertiary,Student,Not in Labor Force,0.0,1
2d76887c,61,Male,South West,Urban,Primary,Informal,Informal,63817.19,1
80dabde3,28,Male,North West,Rural,Secondary,Trade/Services,Self-employed,63669.05,1
ae25419d,62,Female,South East,Urban,Secondary,Trade/Services,Self-employed,82167.23,1
38205cde,6,Female,South East,Rural,Primary,Student,Not in Labor Force,0.0,1
7a17dbf5,12,Female,South East,Urban,Secondary,Student,Not in Labor Force,0.0,1
3f154d20,61,Male,North West,Rural,Tertiary,Professional,Wage-employed,236843.35,0
b69427c0,14,Female,North East,Urban,Primary,Student,Not in Labor Force,0.0,1
caff670d,33,Female,North East,Rural,Primary,Agriculture,Informal,99809.33,0
9b7b80e0,41,Male,North Central,Rural,Primary,Informal,Informal,146179.62,0
9a3dee81,23,Female,North West,Rural,None,Agriculture,Informal,130821.94,0
c47892ce,51,Male,North East,Rural,Secondary,Informal,Self-employed,179204.07,0
8adcbadd,69,Male,North West,Rural,Secondary,Informal,Self-employed,296341.88,0
78ca32b7,10,Male,North East,Rural,None,Student,Not in Labor Force,0.0,1
f00e2212,42,Female,South West,Urban,Primary,Informal,Informal,273428.81,0
e87ef08e,3,Female,South South,Urban,None,None,Not in Labor Force,0.0,1
e159820e,38,Male,North West,Rural,None,Agriculture,Informal,66147.04,1
6c54671d,42,Male,South West,Rural,Secondary,Informal,Self-employed,232950.01,0
5dd0d53e,50,Male,North West,Rural,None,Informal,Informal,77215.19,1
724706d1,84,Male,North West,Rural,Secondary,Retired/None,Not in Labor Force,0.0,1
49826ad0,32,Male,South West,Urban,Secondary,Trade/Services,Self-employed,117038.31,0
b68fdd85,8,Male,South West,Urban,Primary,Student,Not in Labor Force,0.0,1
787b7e7d,2,Male,South East,Urban,None,None,Not in Labor Force,0.0,1
7c1895cd,18,Female,North Central,Rural,None,Agriculture,Informal,58112.66,1
3b469b0f,13,Female,South South,Urban,Primary,Student,Not in Labor Force,0.0,1
d78aae59,6,Female,North West,Rural,Primary,Student,Not in Labor Force,0.0,1
9841a60d,9,Male,North West,Rural,None,Student,Not in Labor Force,0.0,1
52ef9db1,7,Male,North West,Urban,Primary,Student,Not in Labor Force,0.0,1
3036e88e,7,Male,South East,Urban,Primary,Student,Not in Labor Force,0.0,1
bd13cdc9,3,Male,North West,Urban,None,None,Not in Labor Force,0.0,1
11f8b81a,14,Male,North West,Urban,Primary,Student,Not in Labor Force,0.0,1
86a7c64e,6,Female,South West,Urban,Primary,Student,Not in Labor Force,0.0,1
195e0adc,90,Female,North West,Urban,Primary,Retired/None,Not in Labor Force,0.0,1
81e59585,0,Male,North West,Rural,None,None,Not in Labor Force,0.0,1
52cd68f7,5,Male,North West,Rural,None,None,Not in Labor Force,0.0,1
741ac481,36,Female,North West,Rural,None,Informal,Informal,109920.26,0
b9b0fbd6,5,Male,South West,Rural,None,None,Not in Labor Force,0.0,1
f41f465e,26,Female,South West,Urban,Secondary,Informal,Self-employed,321050.82,0
f6d78ab6,32,Female,North West,Urban,Secondary,Informal,Self-employed,188767.73,0
f22844ba,7,Female,North West,Urban,Primary,Student,Not in Labor Force,0.0,1
9c361ce8,13,Male,South East,Rural,None,Student,Not in Labor Force,0.0,1
1cd1c5ef,61,Male,North Central,Rural,Primary,Informal,Informal,47210.77,1
b752ca41,29,Male,South West,Urban,Secondary,Informal,Self-employed,99340.9,0
4730955c,51,Female,North Central,Urban,Primary,Trade/Services,Informal,26583.06,1
e05e5367,30,Female,North West,Rural,Secondary,Manufacturing,Self-employed,122585.06,0
84ac90b5,4,Female,South South,Urban,None,None,Not in Labor Force,0.0,1
6401a497,66,Female,South West,Urban,Tertiary,Professional,Wage-employed,477221.28,0
3cef9a3a,3,Female,North West,Urban,None,None,Not in Labor Force,0.0,1
21485c6b,42,Female,North Central,Rural,Primary,Agriculture,Informal,31991.25,1
bbf08bbe,55,Female,North East,Rural,Secondary,Manufacturing,Self-employed,131119.31,0
e9a89a4c,41,Female,North West,Rural,Secondary,Trade/Services,Self-employed,129806.48,0
10343378,45,Female,South South,Rural,None,Informal,Informal,24582.07,1
801af825,8,Male,South South,Urban,Primary,Student,Not in Labor Force,0.0,1
f8ef13cf,3,Female,North West,Rural,None,None,Not in Labor Force,0.0,1
a5c70ad5,14,Male,North East,Rural,Primary,Student,Not in Labor Force,0.0,1
9117354b,10,Male,South East,Urban,Primary,Student,Not in Labor Force,0.0,1
19cb8a14,15,Female,North West,Rural,Primary,Agriculture,Informal,49362.86,1
d0172f77,1,Female,South West,Urban,None,None,Not in Labor Force,0.0,1
2e252b77,12,Female,South West,Urban,Secondary,Student,Not in Labor Force,0.0,1
6b395947,65,Male,South West,Rural,None,Agriculture,Informal,139445.26,0
5e51b842,22,Female,South West,Rural,Primary,Informal,Informal,40949.37,1
f4459256,30,Male,South West,Urban,Secondary,Informal,Self-employed,134670.32,0
9006b04b,90,Female,South South,Urban,Secondary,Retired/None,Not in Labor Force,0.0,1
c26f9619,11,Male,North East,Rural,Primary,Student,Not in Labor Force,0.0,1
f2aed0f0,5,Female,South South,Rural,None,None,Not in Labor Force,0.0,1
e9494210,32,Female,North West,Urban,Tertiary,Trade/Services,Wage-employed,440768.06,0
1e8e5572,36,Male,North East,Rural,Primary,Agriculture,Informal,58935.46,1
79e5d5d1,8,Female,North West,Urban,Primary,Student,Not in Labor Force,0.0,1
3d03e702,26,Female,South West,Urban,Tertiary,Manufacturing,Wage-employed,605144.43,0
19d568ab,2,Male,North West,Rural,None,None,Not in Labor Force,0.0,1
b9ff85fc,8,Male,South East,Urban,Primary,Student,Not in Labor Force,0.0,1
d421c6f9,64,Male,South West,Rural,Secondary,Trade/Services,Self-employed,173014.9,0
151d0417,19,Male,North West,Rural,Primary,Informal,Informal,127867.47,0
9c0eed8e,48,Female,South West,Urban,Primary,Informal,Informal,66963.38,1
63e3e156,6,Female,South South,Urban,Primary,Student,Not in Labor Force,0.0,1
3238fcc1,24,Male,South West,Urban,Secondary,Trade/Services,Self-employed,182466.15,0
60c358bb,14,Male,North West,Urban,Primary,Student,Not in Labor Force,0.0,1
b7e51b7e,8,Female,South South,Rural,Primary,Student,Not in Labor Force,0.0,1
832edb90,21,Male,South West,Urban,None,Informal,Informal,133772.73,0
59817034,51,Male,North East,Urban,Tertiary,Trade/Services,Wage-employed,372875.53,0
f380b0d3,61,Male,North East,Urban,Secondary,Informal,Self-employed,86552.2,1
81f47661,29,Female,North Central,Urban,Secondary,Trade/Services,Self-employed,145240.59,0
cdd844f4,56,Female,South South,Urban,Primary,Informal,Informal,56193.76,1
765984d0,38,Female,North East,Rural,Primary,Agriculture,Informal,39240.44,1
7bb4b1c8,9,Male,North West,Urban,Primary,Student,Not in Labor Force,0.0,1
a91da08a,12,Female,South South,Urban,Secondary,Student,Not in Labor Force,0.0,1
26b20d29,9,Female,North West,Urban,Primary,Student,Not in Labor Force,0.0,1
ed9a4a8e,13,Female,South South,Rural,Secondary,Student,Not in Labor Force,0.0,1
18a6acda,40,Male,North East,Rural,None,Agriculture,Informal,68328.37,1
755bbd32,24,Female,North Central,Rural,Primary,Informal,Informal,53477.18,1
ca9ad534,0,Female,North West,Urban,None,None,Not in Labor Force,0.0,1
51ce6445,4,Male,South South,Rural,None,None,Not in Labor Force,0.0,1
d15d6dee,28,Male,South West,Urban,Primary,Informal,Informal,89797.56,1
6fe6bdf0,1,Female,South South,Urban,None,None,Not in Labor Force,0.0,1
1264b26f,62,Female,South West,Urban,Secondary,Trade/Services,Self-employed,52536.53,1
4016da17,27,Female,North West,Rural,None,Agriculture,Informal,53888.46,1
49b05299,41,Female,North East,Rural,None,Informal,Informal,15426.48,1
79dad592,23,Female,North Central,Urban,None,Informal,Informal,43162.09,1
e88a0e64,21,Male,South West,Urban,Secondary,Trade/Services,Self-employed,126328.37,0
757b3295,9,Male,South South,Urban,None,Student,Not in Labor Force,0.0,1
5e771407,23,Female,North East,Urban,Tertiary,Professional,Wage-employed,828915.53,0
42edfe26,36,Male,South West,Urban,Secondary,Informal,Self-employed,183893.22,0
56caa747,6,Male,South South,Rural,Primary,Student,Not in Labor Force,0.0,1
9615ae24,21,Female,North West,Rural,None,Agriculture,Informal,63206.73,1
71173529,62,Female,South South,Urban,Tertiary,Trade/Services,Wage-employed,319321.28,0
dba5812d,23,Male,North Central,Rural,None,Agriculture,Informal,51515.84,1
c84427ce,41,Male,South West,Urban,None,Informal,Informal,176922.58,0
8c32e7bc,38,Male,North East,Rural,None,Informal,Informal,30828.38,1
2190f079,43,Male,North East,Rural,None,Agriculture,Informal,38741.9,1
b73b0973,31,Female,North West,Rural,Primary,Agriculture,Informal,113556.21,0
efd756b8,34,Male,South South,Urban,Secondary,Unemployed,Self-employed,108406.54,0
29e65a38,21,Female,South East,Urban,Primary,Trade/Services,Informal,258707.04,0
3bae1b03,57,Female,North West,Urban,Secondary,Informal,Self-employed,201676.44,0
f31e8cb8,54,Female,South South,Rural,Secondary,Manufacturing,Self-employed,197397.4,0
80f484ec,6,Male,South West,Urban,Primary,Student,Not in Labor Force,0.0,1
8dd4a943,42,Female,South South,Urban,Primary,Informal,Informal,30473.83,1
ca466690,33,Male,North West,Rural,None,Agriculture,Informal,113057.97,0
15079c98,14,Male,North East,Rural,None,Student,Not in Labor Force,0.0,1
461a57b4,34,Female,South West,Urban,Secondary,Manufacturing,Self-employed,80046.76,1
e46b01a7,11,Male,North West,Rural,Primary,Student,Not in Labor Force,0.0,1
634a87e7,6,Female,North Central,Rural,Primary,Student,Not in Labor Force,0.0,1
849e7dea,54,Male,North Central,Rural,None,Informal,Informal,91992.17,1
1fdc0c4a,6,Male,North West,Rural,Primary,Student,Not in Labor Force,0.0,1
a80efba0,20,Female,North East,Urban,Primary,Informal,Informal,64976.39,1
3720621d,39,Female,South South,Rural,Primary,Agriculture,Informal,68437.9,1
5fd310e4,55,Female,North East,Rural,None,Agriculture,Informal,30830.56,1
cda0e0e9,10,Female,North West,Rural,Primary,Student,Not in Labor Force,0.0,1
005a60c4,12,Male,North Central,Rural,Primary,Student,Not in Labor Force,0.0,1
a1d0537e,53,Female,South West,Rural,Secondary,Informal,Self-employed,35159.56,1
c5c32699,72,Male,South West,Urban,Tertiary,Retired/None,Not in Labor Force,0.0,1
4d218737,36,Female,South East,Urban,Secondary,Informal,Self-employed,145849.98,0
42983f87,0,Female,North West,Urban,None,None,Not in Labor Force,0.0,1
381e08b2,31,Female,North East,Urban,None,Trade/Services,Informal,67759.51,1
c7402cbf,62,Female,South East,Rural,Tertiary,Professional,Wage-employed,173463.53,0
5fcad7cb,36,Male,South South,Urban,Secondary,Trade/Services,Self-employed,48570.42,1
d519c070,1,Female,South West,Urban,None,None,Not in Labor Force,0.0,1
451323a1,22,Male,North West,Rural,Primary,Agriculture,Informal,12027.7,1
62128d5d,63,Male,North East,Rural,None,Informal,Informal,81972.21,1
15f22637,77,Male,North West,Rural,Secondary,Retired/None,Not in Labor Force,0.0,1
b16ac9f2,1,Female,South West,Rural,None,None,Not in Labor Force,0.0,1
65f191b3,38,Male,North West,Rural,None,Agriculture,Informal,51377.78,1
7c741503,56,Male,North West,Rural,None,Agriculture,Informal,41676.01,1
b2c86f9e,1,Female,North Central,Rural,None,None,Not in Labor Force,0.0,1
8b305074,16,Female,North Central,Rural,Primary,Agriculture,Informal,68028.83,1
6de4da1b,41,Male,North Central,Urban,Primary,Informal,Informal,148544.9,0
dca9aa33,13,Male,North Central,Rural,Primary,Student,Not in Labor Force,0.0,1
0ec9bdc7,6,Female,South West,Urban,Primary,Student,Not in Labor Force,0.0,1
457f1ab3,26,Female,North East,Rural,None,Informal,Informal,70385.31,1
dd414834,11,Male,North Central,Rural,Primary,Student,Not in Labor Force,0.0,1
757b4b86,42,Female,North East,Rural,Secondary,Trade/Services,Self-employed,75668.9,1
aa41d786,13,Female,North East,Rural,Primary,Student,Not in Labor Force,0.0,1
dd4e9e72,39,Female,South West,Urban,Secondary,Trade/Services,Self-employed,479017.83,0
8d7b4a29,3,Female,North Central,Urban,None,None,Not in Labor Force,0.0,1
67d4e3ba,40,Female,South West,Urban,None,Informal,Informal,55190.63,1
527a13a2,68,Female,South West,Urban,Secondary,Manufacturing,Self-employed,57194.98,1
73e0718f,82,Male,South East,Urban,None,Retired/None,Not in Labor Force,0.0,1
c2d16463,17,Female,North Central,Rural,Primary,Agriculture,Informal,63569.52,1
176dbcb1,0,Female,North Central,Rural,None,None,Not in Labor Force,0.0,1
081c43c1,31,Male,South West,Rural,None,Agriculture,Informal,51362.5,1
719c004f,6,Female,North West,Rural,Primary,Student,Not in Labor Force,0.0,1
a90ca10e,13,Male,North East,Rural,Secondary,Student,Not in Labor Force,0.0,1
fa385425,13,Male,South West,Urban,Secondary,Student,Not in Labor Force,0.0,1
5f3066c3,19,Male,North West,Rural,Tertiary,Professional,Wage-employed,523481.28,0
aefedaf4,33,Female,North Central,Rural,Tertiary,Trade/Services,Wage-employed,216257.86,0
9eb96bf9,53,Female,South West,Urban,Secondary,Informal,Self-employed,120681.2,0
59fd1967,60,Male,South South,Urban,Tertiary,Trade/Services,Wage-employed,238122.22,0
a57f2a0b,1,Female,South South,Urban,None,None,Not in Labor Force,0.0,1
973e5c2d,67,Male,North East,Rural,None,Agriculture,Informal,97206.72,0
e653416b,0,Female,North Central,Rural,None,None,Not in Labor Force,0.0,1
24f80c64,30,Female,North West,Rural,None,Agriculture,Informal,65260.48,1
9360f207,7,Female,North West,Urban,None,Student,Not in Labor Force,0.0,1
109a2b7c,64,Female,South East,Urban,Primary,Informal,Informal,68520.56,1
28304a60,61,Male,North West,Urban,Secondary,Trade/Services,Self-employed,121784.18,0
531fbfa7,6,Female,North East,Urban,Primary,Student,Not in Labor Force,0.0,1
9af7433f,10,Female,South South,Urban,Primary,Student,Not in Labor Force,0.0,1
3566c072,55,Male,South East,Urban,Tertiary,Trade/Services,Wage-employed,395226.26,0
1efe9f60,52,Female,South East,Rural,Secondary,Informal,Self-employed,41671.95,1
f0f5a6f5,1,Female,South South,Urban,None,None,Not in Labor Force,0.0,1
7fd57bcd,64,Male,South West,Urban,Primary,Informal,Informal,162368.71,0
a3803ef5,8,Female,North West,Rural,None,Student,Not in Labor Force,0.0,1
f2cc15f9,40,Female,North Central,Rural,None,Agriculture,Informal,116124.36,0
7e900746,28,Female,North Central,Rural,Primary,Agriculture,Informal,61353.55,1
518b9066,13,Male,North East,Urban,Secondary,Student,Not in Labor Force,0.0,1
94d22495,28,Male,South East,Rural,Secondary,Trade/Services,Self-employed,94872.17,1
852999e8,8,Male,North Central,Rural,None,Student,Not in Labor Force,0.0,1
7f39d885,3,Female,North West,Urban,None,None,Not in Labor Force,0.0,1
76eab1e7,68,Female,North East,Urban,None,Informal,Informal,44444.89,1
456afe29,14,Female,North West,Rural,None,Student,Not in Labor Force,0.0,1
4fee803b,29,Male,South South,Rural,Secondary,Unemployed,Self-employed,278284.98,0
ed9565fd,1,Male,South West,Urban,None,None,Not in Labor Force,0.0,1
333ff544,13,Female,South West,Urban,Secondary,Student,Not in Labor Force,0.0,1
e44b6614,9,Female,North Central,Rural,None,Student,Not in Labor Force,0.0,1
a74680ba,15,Female,South West,Urban,None,Informal,Informal,197061.81,0
da8a409f,9,Female,South East,Rural,Primary,Student,Not in Labor Force,0.0,1
0d98835e,34,Female,South West,Urban,Primary,Informal,Informal,102399.47,0
818948c0,24,Female,South South,Rural,None,Agriculture,Informal,97932.02,0
5b6c8968,74,Female,South South,Urban,Secondary,Retired/None,Not in Labor Force,0.0,1
ffb3b625,10,Male,South South,Urban,Primary,Student,Not in Labor Force,0.0,1
568be2f8,38,Female,South West,Rural,Secondary,Informal,Self-employed,206548.1,0
8eabff80,48,Female,South South,Urban,Tertiary,Professional,Wage-employed,741538.26,0
22fffbe6,42,Male,North Central,Urban,Secondary,Trade/Services,Self-employed,79720.58,1
c3d17d72,41,Male,South South,Rural,Primary,Informal,Informal,49678.33,1
1bd2eeb7,54,Male,South South,Urban,Secondary,Trade/Services,Self-employed,176470.55,0
e28b0ec6,15,Female,South South,Urban,Secondary,Informal,Self-employed,150541.63,0
22af109d,14,Male,South East,Urban,None,Student,Not in Labor Force,0.0,1
e081e0eb,0,Male,North Central,Rural,None,None,Not in Labor Force,0.0,1
e6587e4c,18,Female,North West,Rural,Secondary,Manufacturing,Self-employed,155101.57,0
04b65cef,21,Male,North East,Rural,None,Informal,Informal,88100.65,1
04399ccd,23,Female,South East,Urban,Secondary,Trade/Services,Self-employed,154536.07,0
9cee1943,30,Male,North West,Rural,None,Agriculture,Informal,12553.54,1
01effefb,4,Female,North Central,Urban,None,None,Not in Labor Force,0.0,1
08f0fcbd,1,Male,South West,Rural,None,None,Not in Labor Force,0.0,1
7742f4e2,37,Male,South West,Urban,Tertiary,Manufacturing,Wage-employed,809119.39,0
570ecb0c,57,Male,South South,Rural,None,Agriculture,Informal,99054.1,0
861fac5d,1,Female,South West,Rural,None,None,Not in Labor Force,0.0,1
475165f8,39,Female,South East,Urban,Secondary,Informal,Self-employed,461172.98,0
4d9403e1,8,Male,South West,Urban,Primary,Student,Not in Labor Force,0.0,1
1564f957,27,Female,South East,Rural,Secondary,Trade/Services,Self-employed,74124.5,1
1ac6a809,7,Male,North East,Urban,None,Student,Not in Labor Force,0.0,1
90db622e,25,Female,North West,Urban,Primary,Informal,Informal,26749.11,1
241e25cb,3,Female,South South,Rural,None,None,Not in Labor Force,0.0,1
8b890904,31,Female,South West,Urban,Secondary,Informal,Self-employed,119578.82,0
b88cffd0,4,Female,South West,Urban,None,None,Not in Labor Force,0.0,1
6ee4eba0,12,Female,North Central,Rural,None,Student,Not in Labor Force,0.0,1
97c2d9fe,13,Female,North East,Rural,Primary,Student,Not in Labor Force,0.0,1
96d94d3e,41,Female,South West,Urban,None,Informal,Informal,106298.69,0
159ed2ce,34,Female,North West,Rural,Primary,Agriculture,Informal,45925.54,1
77ebb0ea,0,Female,North Central,Rural,None,None,Not in Labor Force,0.0,1
c54cea9b,56,Female,North Central,Rural,Primary,Informal,Informal,136363.06,0
aacc1f8d,46,Female,North Central,Rural,None,Agriculture,Informal,40292.33,1
6c58587e,22,Female,South West,Rural,Secondary,Informal,Self-employed,92917.64,1
c63eda5d,7,Female,South South,Urban,Primary,Student,Not in Labor Force,0.0,1
8a930a7f,43,Male,South West,Rural,Primary,Agriculture,Informal,51658.29,1
eed23828,7,Male,South South,Rural,Primary,Student,Not in Labor Force,0.0,1
a014dbc0,2,Male,South West,Urban,None,None,Not in Labor Force,0.0,1
9e3cf786,70,Female,South West,Urban,Tertiary,Manufacturing,Wage-employed,2115045.48,0
0162336a,11,Male,North West,Rural,Primary,Student,Not in Labor Force,0.0,1
278783f9,53,Female,North West,Rural,Primary,Informal,Informal,34764.55,1
e5596229,62,Female,South West,Urban,Primary,Trade/Services,Informal,114718.76,0
0b5939f1,55,Female,North East,Rural,Primary,Informal,Informal,29122.77,1
4ec073b1,35,Male,South East,Rural,None,Agriculture,Informal,73554.28,1
dabf1968,8,Female,North Central,Rural,Primary,Student,Not in Labor Force,0.0,1
d2a1c0fd,5,Female,South South,Urban,None,None,Not in Labor Force,0.0,1
5d7acf4d,56,Female,South South,Urban,Primary,Informal,Informal,45584.35,1
269863aa,9,Male,North West,Urban,None,Student,Not in Labor Force,0.0,1
0fcb00b2,9,Female,North East,Urban,Primary,Student,Not in Labor Force,0.0,1
74e224de,3,Female,South West,Urban,None,None,Not in Labor Force,0.0,1
e3531d01,12,Female,North East,Rural,None,Student,Not in Labor Force,0.0,1
22970208,0,Female,North East,Rural,None,None,Not in Labor Force,0.0,1
11248ba0,0,Female,South East,Urban,None,None,Not in Labor Force,0.0,1
d8e440f8,44,Female,South South,Urban,Secondary,Trade/Services,Self-employed,257807.06,0
1a4ea394,40,Female,South East,Rural,Secondary,Trade/Services,Self-employed,170225.14,0
25081707,60,Female,North Central,Urban,Secondary,Manufacturing,Self-employed,156829.13,0
ca637643,2,Female,North Central,Rural,None,None,Not in Labor Force,0.0,1
5ff28f4a,4,Male,North Central,Urban,None,None,Not in Labor Force,0.0,1
79748892,4,Male,North Central,Urban,None,None,Not in Labor Force,0.0,1
7f980856,31,Male,North Central,Rural,None,Informal,Informal,25981.56,1
aa843b89,60,Male,North West,Rural,None,Agriculture,Informal,57992.99,1
7ff79696,7,Male,South South,Rural,Primary,Student,Not in Labor Force,0.0,1
866fdfa7,35,Male,South East,Rural,Secondary,Trade/Services,Self-employed,82249.89,1
1bde6f55,4,Female,South West,Urban,None,None,Not in Labor Force,0.0,1
0457cc0a,55,Male,South South,Rural,Primary,Informal,Informal,98541.76,0
20d2a626,54,Male,North East,Rural,None,Agriculture,Informal,34839.5,1
17b66994,59,Female,North West,Rural,Primary,Agriculture,Informal,119735.08,0
f8828d82,63,Female,South East,Urban,Secondary,Informal,Self-employed,238096.72,0
24832172,33,Female,South South,Urban,Tertiary,Trade/Services,Wage-employed,175493.88,0
1a730d98,11,Female,South West,Urban,Primary,Student,Not in Labor Force,0.0,1
e5654e43,21,Male,North West,Rural,Secondary,Informal,Self-employed,86529.28,1
1e1bb3fe,0,Male,South East,Urban,None,None,Not in Labor Force,0.0,1
8c25e95a,15,Male,North West,Urban,None,Informal,Informal,78370.18,1
58766c6c,51,Male,North Central,Urban,Secondary,Trade/Services,Self-employed,243669.66,0
b2931c18,20,Male,North East,Rural,None,Informal,Informal,39652.43,1
a7966f94,40,Female,South South,Urban,Tertiary,Professional,Wage-employed,453414.73,0
a41dbb63,16,Male,North Central,Urban,Secondary,Trade/Services,Self-employed,257670.03,0
d823ae58,46,Male,South South,Rural,Secondary,Trade/Services,Self-employed,114778.74,0
4948c895,62,Male,North East,Urban,Primary,Informal,Informal,26518.75,1
399564f1,5,Female,North East,Urban,None,None,Not in Labor Force,0.0,1
456a35cc,4,Male,South South,Urban,None,None,Not in Labor Force,0.0,1
7d44f2e7,4,Male,North West,Rural,None,None,Not in Labor Force,0.0,1
091853b5,14,Male,South West,Urban,None,Student,Not in Labor Force,0.0,1
6849a09a,26,Male,North East,Urban,Secondary,Informal,Self-employed,99040.84,0
c675b94f,2,Male,South East,Urban,None,None,Not in Labor Force,0.0,1
79247664,94,Female,North West,Rural,None,Retired/None,Not in Labor Force,0.0,1
d74e5247,5,Male,North Central,Urban,None,None,Not in Labor Force,0.0,1
b25bbfbc,14,Female,South West,Urban,Secondary,Student,Not in Labor Force,0.0,1
0dc5bcd8,29,Female,North Central,Urban,None,Informal,Informal,139043.13,0
40f0bee6,30,Female,North West,Urban,None,Trade/Services,Informal,129007.43,0
6f9cf1c1,34,Male,South West,Rural,None,Informal,Informal,15527.46,1
86395ec3,27,Male,North Central,Urban,Tertiary,Professional,Wage-employed,451550.58,0
cf87a5b6,58,Male,North West,Rural,None,Agriculture,Informal,105619.97,0
f392b9e0,9,Female,South West,Rural,Primary,Student,Not in Labor Force,0.0,1
9c691fc7,78,Female,South South,Rural,Primary,Retired/None,Not in Labor Force,0.0,1
c2063a77,95,Male,North West,Rural,Primary,Retired/None,Not in Labor Force,0.0,1
c4f5be67,48,Female,South West,Urban,Secondary,Informal,Self-employed,184122.15,0
f0ce373e,12,Female,South West,Urban,Tertiary,Student,Not in Labor Force,0.0,1
a97bbbcd,17,Female,North West,Rural,Primary,Informal,Informal,88622.85,1
d4aff1b0,8,Male,North West,Rural,Primary,Student,Not in Labor Force,0.0,1
8c965f4a,10,Female,North Central,Urban,Primary,Student,Not in Labor Force,0.0,1
12e16e1a,10,Male,South East,Rural,Primary,Student,Not in Labor Force,0.0,1
90d0ee0f,39,Female,North West,Rural,None,Agriculture,Informal,206362.55,0
0f53085b,36,Male,South East,Rural,Secondary,Trade/Services,Self-employed,96175.33,1
28de8ea5,56,Male,South West,Urban,Primary,Informal,Informal,97038.78,0
d4c11f3e,60,Female,North East,Rural,Secondary,Trade/Services,Self-employed,56179.25,1
2f4f22af,8,Female,North Central,Urban,Primary,Student,Not in Labor Force,0.0,1
77cf4a4d,3,Male,South South,Urban,None,None,Not in Labor Force,0.0,1
ed2378fe,10,Male,North West,Urban,Primary,Student,Not in Labor Force,0.0,1
1fa3834c,85,Female,North Central,Rural,Secondary,Retired/None,Not in Labor Force,0.0,1
4b6cd103,9,Female,South West,Urban,Primary,Student,Not in Labor Force,0.0,1
7eec0bbb,36,Female,North West,Rural,None,Informal,Informal,40912.76,1
255c2a79,43,Female,North West,Urban,Primary,Informal,Informal,66225.14,1
7e24ae32,23,Male,North West,Rural,None,Agriculture,Informal,99691.47,0
c2610ab7,19,Female,North East,Rural,None,Agriculture,Informal,38232.25,1
c6453dd3,54,Female,North West,Rural,None,Agriculture,Informal,125589.49,0
2a6c8b0c,25,Female,South East,Urban,Tertiary,Professional,Wage-employed,207751.98,0
c83a8f36,15,Male,South South,Rural,Secondary,Trade/Services,Self-employed,144894.76,0
48f6bcc3,4,Female,North West,Rural,None,None,Not in Labor Force,0.0,1
934555d8,9,Female,North Central,Rural,None,Student,Not in Labor Force,0.0,1
9f2304e0,15,Female,North West,Urban,Primary,Trade/Services,Informal,112559.8,0
e5145df1,53,Female,North West,Rural,None,Agriculture,Informal,69876.65,1
8f485b5d,11,Female,North East,Rural,Primary,Student,Not in Labor Force,0.0,1
f61a2f7a,60,Female,North East,Rural,None,Agriculture,Informal,108096.89,0
c2ec3053,19,Male,South South,Urban,Tertiary,Professional,Wage-employed,256395.17,0
236b0019,63,Male,North East,Rural,None,Agriculture,Informal,45266.57,1
72cd7005,5,Female,North Central,Rural,None,None,Not in Labor Force,0.0,1
e02632db,40,Female,North West,Urban,Tertiary,Trade/Services,Wage-employed,224580.18,0
813fb465,20,Male,North West,Rural,None,Agriculture,Informal,60198.77,1
dcca57d2,10,Female,South South,Urban,Primary,Student,Not in Labor Force,0.0,1
ce93f45a,9,Male,North West,Rural,None,Student,Not in Labor Force,0.0,1
49c0269d,79,Male,South South,Rural,Secondary,Retired/None,Not in Labor Force,0.0,1
b955f7f6,6,Female,North West,Urban,Primary,Student,Not in Labor Force,0.0,1
55537ec0,48,Female,South West,Urban,Tertiary,Manufacturing,Wage-employed,372515.81,0
cf85f991,45,Male,South South,Rural,Tertiary,Professional,Wage-employed,495772.8,0
da1a59bc,11,Female,North West,Rural,Primary,Student,Not in Labor Force,0.0,1
56614345,58,Female,North Central,Rural,None,Informal,Informal,75515.03,1
5dd48fc0,30,Female,South East,Rural,Tertiary,Professional,Wage-employed,448493.92,0
1dcb90f5,52,Male,North West,Rural,Primary,Agriculture,Informal,53195.15,1
6dcbc2a1,2,Female,South West,Rural,None,None,Not in Labor Force,0.0,1
5bea9ef7,16,Male,North West,Rural,None,Agriculture,Informal,76374.54,1
51cd3347,3,Male,North West,Rural,None,None,Not in Labor Force,0.0,1
0acb0273,4,Female,North West,Rural,None,None,Not in Labor Force,0.0,1
3d71b4cd,75,Female,South South,Rural,None,Retired/None,Not in Labor Force,0.0,1
d6368106,9,Male,North West,Urban,Primary,Student,Not in Labor Force,0.0,1
5ab67cb1,39,Female,North West,Rural,Tertiary,Trade/Services,Wage-employed,879968.38,0
1a5c2d27,2,Female,South West,Urban,None,None,Not in Labor Force,0.0,1
578357f6,49,Female,North East,Rural,None,Agriculture,Informal,26706.83,1
9541dcf3,5,Female,North Central,Rural,None,None,Not in Labor Force,0.0,1
28176637,69,Male,North West,Rural,None,Agriculture,Informal,19861.6,1
124274e2,36,Female,South West,Urban,Tertiary,Professional,Wage-employed,586628.97,0
f99c2c3e,6,Male,South West,Urban,Primary,Student,Not in Labor Force,0.0,1
bf5cf35c,10,Female,North East,Urban,Primary,Student,Not in Labor Force,0.0,1
bf97ad0e,2,Male,North West,Urban,None,None,Not in Labor Force,0.0,1
c9c7b663,45,Male,South West,Urban,None,Trade/Services,Informal,48575.49,1
716d1c8f,12,Female,South East,Urban,Secondary,Student,Not in Labor Force,0.0,1
f4ba605f,22,Male,North East,Urban,Secondary,Informal,Self-employed,58160.47,1
cb7c0d92,34,Male,North West,Rural,Primary,Agriculture,Informal,82482.77,1
97e7928e,9,Male,North West,Urban,Primary,Student,Not in Labor Force,0.0,1
e01ce140,48,Female,South West,Urban,Secondary,Informal,Self-employed,72938.68,1
9ddf2e65,18,Female,South South,Rural,Secondary,Trade/Services,Self-employed,248558.54,0
d97b65b2,1,Male,North West,Rural,None,None,Not in Labor Force,0.0,1
34e0c97a,2,Male,North East,Rural,None,None,Not in Labor Force,0.0,1
a8c82f5c,3,Male,North West,Urban,None,None,Not in Labor Force,0.0,1
179641e2,34,Female,North East,Rural,None,Agriculture,Informal,65767.55,1
3ad7c04d,23,Female,North Central,Urban,Secondary,Trade/Services,Self-employed,117999.6,0
6346dce2,30,Male,South South,Urban,Secondary,Trade/Services,Self-employed,81393.59,1
58801433,40,Male,North West,Rural,Secondary,Informal,Self-employed,112320.65,0
cded5652,52,Male,South East,Rural,Secondary,Informal,Self-employed,38004.02,1
87286713,39,Male,North East,Rural,None,Agriculture,Informal,13616.34,1
328cbfea,18,Male,South East,Urban,Secondary,Trade/Services,Self-employed,52444.33,1
491fd92c,8,Female,North Central,Urban,None,Student,Not in Labor Force,0.0,1
3a4cb899,10,Male,North West,Rural,None,Student,Not in Labor Force,0.0,1
5b3ff33c,12,Male,South South,Rural,Secondary,Student,Not in Labor Force,0.0,1
1a6e69ee,8,Female,North West,Rural,Primary,Student,Not in Labor Force,0.0,1
e78ef9ea,52,Male,South West,Urban,Primary,Informal,Informal,159901.63,0
66d1897e,33,Female,South South,Rural,Primary,Informal,Informal,34389.84,1
feee80a0,13,Female,North West,Urban,Secondary,Student,Not in Labor Force,0.0,1
75facc82,14,Male,South West,Urban,Secondary,Student,Not in Labor Force,0.0,1
b6f65408,35,Female,South East,Urban,Tertiary,Professional,Wage-employed,169278.17,0
5e58dcb3,29,Male,South South,Urban,Primary,Informal,Informal,76628.1,1
895a3a65,2,Female,South West,Urban,None,None,Not in Labor Force,0.0,1
3eb8ae2d,51,Female,North East,Rural,None,Agriculture,Informal,227478.86,0
86fe57fd,4,Female,South West,Urban,None,None,Not in Labor Force,0.0,1
ac6521b3,1,Female,South West,Urban,None,None,Not in Labor Force,0.0,1
38a1b151,78,Female,South West,Urban,Tertiary,Retired/None,Not in Labor Force,0.0,1
8c2a4d27,80,Female,South South,Rural,None,Retired/None,Not in Labor Force,0.0,1
69d0e7c6,13,Female,North West,Rural,Tertiary,Student,Not in Labor Force,0.0,1
e6e2925a,23,Male,North West,Rural,Secondary,Manufacturing,Self-employed,190067.92,0
cff77ff3,61,Female,South West,Urban,Secondary,Unemployed,Self-employed,82432.34,1
acbe64c6,21,Male,South South,Urban,Secondary,Manufacturing,Self-employed,81545.92,1
412593d6,28,Male,North Central,Urban,Tertiary,Professional,Wage-employed,248308.43,0
cd8b0ba3,20,Female,South South,Urban,Secondary,Trade/Services,Self-employed,77175.8,1
0d16e833,35,Male,South South,Urban,Primary,Trade/Services,Informal,112002.44,0
5371e9fa,29,Male,South South,Urban,Tertiary,Professional,Wage-employed,327234.04,0
2be00dd6,3,Female,South South,Urban,None,None,Not in Labor Force,0.0,1
dcb1a3eb,7,Male,South South,Rural,Primary,Student,Not in Labor Force,0.0,1
252e6af2,1,Male,South East,Rural,None,None,Not in Labor Force,0.0,1
cccad993,54,Female,South West,Rural,None,Agriculture,Informal,30703.01,1
cb0c6c96,0,Female,North West,Rural,None,None,Not in Labor Force,0.0,1
f720b67d,46,Female,North West,Urban,Secondary,Trade/Services,Self-employed,59768.84,1
1d5c78a3,90,Female,North West,Rural,None,Retired/None,Not in Labor Force,0.0,1
65b2cd2a,0,Female,North West,Rural,None,None,Not in Labor Force,0.0,1
eb42b124,19,Female,North West,Urban,None,Trade/Services,Informal,321457.35,0
629ae3f0,44,Male,South South,Rural,Secondary,Informal,Self-employed,153775.3,0
e5b970b9,36,Female,South West,Urban,Tertiary,Trade/Services,Wage-employed,239508.91,0
f6dc8a7e,3,Female,North East,Urban,None,None,Not in Labor Force,0.0,1
e56a030c,30,Male,South East,Rural,Secondary,Informal,Self-employed,204314.49,0
5073c008,21,Male,North Central,Rural,None,Informal,Informal,29988.42,1
7e5d7d5c,21,Male,North West,Rural,Primary,Agriculture,Informal,55145.68,1
fc78ba86,64,Female,South South,Urban,Secondary,Trade/Services,Self-employed,114928.04,0
b1fd2dcc,64,Male,North East,Rural,Secondary,Informal,Self-employed,110127.68,0
734b508d,16,Male,South West,Urban,Tertiary,Professional,Wage-employed,227462.05,0
09a187f1,61,Female,North East,Rural,Primary,Agriculture,Informal,64672.72,1
fed8f48d,28,Female,North Central,Rural,Tertiary,Professional,Wage-employed,103877.98,0
360d0c2d,14,Male,South East,Rural,Secondary,Student,Not in Labor Force,0.0,1
cebb0e73,64,Female,North West,Urban,None,Informal,Informal,64470.36,1
452f2b53,55,Male,South South,Rural,Secondary,Trade/Services,Self-employed,219946.25,0
d5c643a4,28,Female,North West,Rural,Secondary,Trade/Services,Self-employed,182628.9,0
4bc4b748,4,Female,North Central,Urban,None,None,Not in Labor Force,0.0,1
ec68a3fa,25,Male,South South,Rural,Primary,Agriculture,Informal,39434.31,1
943b7ce7,7,Female,South South,Urban,Primary,Student,Not in Labor Force,0.0,1
80b2a66d,19,Male,North West,Rural,None,Agriculture,Informal,23967.13,1
ea8ea00f,12,Female,North West,Rural,None,Student,Not in Labor Force,0.0,1
47897892,25,Male,South West,Urban,Tertiary,Manufacturing,Wage-employed,108024.47,0
c0547dcb,69,Male,North West,Urban,Tertiary,Manufacturing,Wage-employed,579825.52,0
bf6eed8d,0,Male,North Central,Rural,None,None,Not in Labor Force,0.0,1
7f8b14c7,86,Male,South East,Urban,None,Retired/None,Not in Labor Force,0.0,1
4b6dd480,3,Female,South West,Urban,None,None,Not in Labor Force,0.0,1
3d930a74,29,Female,North West,Rural,Primary,Agriculture,Informal,70758.91,1
7dd37abc,33,Female,North Central,Urban,None,Informal,Informal,101865.02,0
f00c7ba9,36,Male,South South,Rural,None,Informal,Informal,165109.09,0
7ec87593,48,Male,South West,Rural,None,Agriculture,Informal,65626.61,1
2f800654,31,Female,South West,Urban,Secondary,Informal,Self-employed,152794.52,0
d161e7aa,11,Male,North East,Rural,None,Student,Not in Labor Force,0.0,1
233d00e2,8,Female,North West,Rural,None,Student,Not in Labor Force,0.0,1
6ab7652b,31,Female,North East,Rural,Secondary,Trade/Services,Self-employed,42683.69,1
58960805,24,Male,North Central,Rural,Tertiary,Trade/Services,Wage-employed,785725.08,0
e20cc946,42,Female,North East,Rural,None,Agriculture,Informal,54264.49,1
49aeeae8,32,Female,North Central,Rural,None,Informal,Informal,36675.87,1
dcadd5fa,32,Female,South West,Rural,Secondary,Informal,Self-employed,111827.63,0
3bad21a0,59,Male,South West,Rural,None,Agriculture,Informal,198826.32,0
30166535,13,Male,North West,Rural,None,Student,Not in Labor Force,0.0,1
fce5d818,30,Male,South East,Rural,Primary,Informal,Informal,215586.93,0
92df05ec,1,Male,South West,Urban,None,None,Not in Labor Force,0.0,1
8634ba41,9,Male,North West,Urban,Primary,Student,Not in Labor Force,0.0,1
6067266f,1,Female,North West,Urban,None,None,Not in Labor Force,0.0,1
4527abd5,14,Female,South West,Rural,Secondary,Student,Not in Labor Force,0.0,1
508f5a34,31,Female,North East,Urban,Secondary,Informal,Self-employed,74440.86,1
f1d54b04,6,Male,North West,Urban,Primary,Student,Not in Labor Force,0.0,1
8b0f6c5b,26,Female,North West,Rural,Primary,Informal,Informal,121203.1,0
20b38a45,1,Male,North West,Urban,None,None,Not in Labor Force,0.0,1
4f010863,9,Female,South South,Rural,Primary,Student,Not in Labor Force,0.0,1
f706924c,4,Female,South West,Urban,None,None,Not in Labor Force,0.0,1
c0fc9c34,4,Female,North Central,Rural,None,None,Not in Labor Force,0.0,1
d27869f5,17,Female,South South,Urban,Tertiary,Trade/Services,Wage-employed,489646.45,0
9228f77c,33,Female,South West,Urban,Secondary,Informal,Self-employed,241000.75,0
af8531a8,59,Male,South West,Urban,Primary,Trade/Services,Informal,95418.69,1
f261e5bd,58,Male,North East,Rural,None,Agriculture,Informal,86589.25,1
0db8d807,2,Male,South West,Urban,None,None,Not in Labor Force,0.0,1
9aaf3821,20,Male,North West,Rural,None,Agriculture,Informal,132294.15,0
67039da6,28,Female,North Central,Rural,None,Agriculture,Informal,20962.66,1
d265ab34,18,Male,North West,Urban,Secondary,Trade/Services,Self-employed,165416.93,0
48c93e5c,12,Female,North West,Rural,None,Student,Not in Labor Force,0.0,1
4fdf5a21,2,Male,North West,Urban,None,None,Not in Labor Force,0.0,1
49ccbe5b,1,Male,North East,Rural,None,None,Not in Labor Force,0.0,1
60fd7dab,12,Female,South East,Urban,None,Student,Not in Labor Force,0.0,1
eea0df9d,49,Male,North East,Rural,Secondary,Informal,Self-employed,48937.18,1
6b60cc3e,52,Female,South East,Urban,Secondary,Trade/Services,Self-employed,100895.48,0
90a08bde,30,Female,South West,Urban,Secondary,Trade/Services,Self-employed,133330.03,0
5c4778a5,34,Male,North Central,Urban,None,Informal,Informal,44147.91,1
90404e9d,38,Male,North West,Rural,None,Agriculture,Informal,42241.88,1
4a1d656a,49,Male,South South,Rural,Secondary,Trade/Services,Self-employed,42598.32,1
3e3741fe,58,Female,North West,Rural,None,Agriculture,Informal,41941.54,1
1bd0b3f4,2,Female,South West,Urban,None,None,Not in Labor Force,0.0,1
13f2aaed,2,Male,South West,Rural,None,None,Not in Labor Force,0.0,1
d610f20c,7,Female,North Central,Urban,Primary,Student,Not in Labor Force,0.0,1
46afa58d,18,Male,North West,Urban,Secondary,Trade/Services,Self-employed,181155.47,0
278cdcba,47,Female,North Central,Rural,None,Informal,Informal,100636.63,0
d419d104,1,Female,South South,Rural,None,None,Not in Labor Force,0.0,1
13761a43,27,Female,South East,Urban,Secondary,Informal,Self-employed,83983.26,1
3cc22b0a,13,Female,South South,Urban,Tertiary,Student,Not in Labor Force,0.0,1
a86eff50,59,Male,North East,Rural,None,Agriculture,Informal,132810.0,0
497a8185,13,Female,North East,Rural,None,Student,Not in Labor Force,0.0,1
8e418fd3,1,Male,North West,Rural,None,None,Not in Labor Force,0.0,1
2017818d,44,Female,South South,Rural,Secondary,Trade/Services,Self-employed,139585.21,0
3d0553b6,2,Male,North East,Urban,None,None,Not in Labor Force,0.0,1
19e14af8,5,Female,North Central,Rural,None,None,Not in Labor Force,0.0,1
84732901,7,Female,South South,Urban,Primary,Student,Not in Labor Force,0.0,1
2416213b,62,Female,North Central,Urban,Tertiary,Professional,Wage-employed,946033.67,0
283983f6,58,Male,South West,Urban,Tertiary,Trade/Services,Wage-employed,138348.79,0
4a245a1d,0,Female,North West,Rural,None,None,Not in Labor Force,0.0,1
54e089b9,55,Female,North Central,Urban,None,Informal,Informal,97416.47,0
4fe5cc45,63,Female,South South,Urban,Tertiary,Professional,Wage-employed,577652.58,0
016212a9,9,Male,South West,Rural,Primary,Student,Not in Labor Force,0.0,1
c0a0e9bc,1,Male,North East,Rural,None,None,Not in Labor Force,0.0,1
5ecc58f4,2,Male,North West,Urban,None,None,Not in Labor Force,0.0,1
c6221824,6,Male,North East,Urban,Primary,Student,Not in Labor Force,0.0,1
96a4c841,33,Male,South West,Urban,Secondary,Informal,Self-employed,47519.03,1
a11e0eb2,7,Male,North West,Rural,Primary,Student,Not in Labor Force,0.0,1
852813b2,29,Male,South West,Rural,Secondary,Trade/Services,Self-employed,420226.33,0
0cc94f06,55,Male,North Central,Rural,None,Agriculture,Informal,40866.36,1
44a75ae8,9,Male,South East,Urban,Primary,Student,Not in Labor Force,0.0,1
fd3c0e23,37,Female,North West,Urban,Primary,Trade/Services,Informal,112006.84,0
4a424d6b,3,Female,South East,Rural,None,None,Not in Labor Force,0.0,1
2b51334c,84,Male,North Central,Rural,Secondary,Retired/None,Not in Labor Force,0.0,1
b3f4b947,18,Female,North East,Rural,None,Agriculture,Informal,104406.43,0
39e1c3f7,52,Female,South South,Urban,Secondary,Informal,Self-employed,141592.68,0
f2c70154,18,Female,North West,Rural,None,Agriculture,Informal,137516.18,0
c9a641d4,4,Male,North Central,Rural,None,None,Not in Labor Force,0.0,1
243bf476,55,Male,North East,Urban,Tertiary,Trade/Services,Wage-employed,1325271.52,0
928f3dfd,58,Female,North Central,Rural,Primary,Informal,Informal,30768.08,1
effedfdf,37,Male,South West,Urban,Tertiary,Professional,Wage-employed,429204.01,0
af61bec8,54,Male,North West,Rural,Primary,Agriculture,Informal,103715.42,0
bf0a7f3e,51,Male,South West,Urban,Primary,Trade/Services,Informal,30338.62,1
59556a42,12,Male,South West,Urban,Secondary,Student,Not in Labor Force,0.0,1
5c15307e,10,Female,South East,Urban,Primary,Student,Not in Labor Force,0.0,1
7d19a2dd,25,Male,North West,Rural,Primary,Agriculture,Informal,113387.22,0
d6b89280,12,Female,North East,Urban,Secondary,Student,Not in Labor Force,0.0,1
e63af6a6,28,Female,South West,Urban,Tertiary,Professional,Wage-employed,1114505.56,0
ac03ebf0,22,Female,North West,Urban,None,Trade/Services,Informal,174613.83,0
c1d506d7,8,Male,South West,Urban,Primary,Student,Not in Labor Force,0.0,1
d9c9a0a5,14,Male,North West,Rural,Secondary,Student,Not in Labor Force,0.0,1
db845796,32,Male,North East,Rural,None,Agriculture,Informal,77891.1,1
5d199731,2,Male,South East,Urban,None,None,Not in Labor Force,0.0,1
3d306a66,58,Female,South East,Urban,Primary,Informal,Informal,203551.8,0
d3a8b2e1,11,Male,South West,Urban,None,Student,Not in Labor Force,0.0,1
f2f97a64,32,Female,South South,Urban,Tertiary,Professional,Wage-employed,496069.23,0
a26ce0cf,9,Female,South West,Urban,Primary,Student,Not in Labor Force,0.0,1
7c886d77,21,Female,North Central,Urban,Secondary,Informal,Self-employed,60368.94,1
9a532ab8,64,Female,South South,Urban,Secondary,Unemployed,Self-employed,97427.45,0
8915d858,58,Male,South West,Urban,Primary,Trade/Services,Informal,69329.48,1
395052c4,13,Male,South West,Urban,Secondary,Student,Not in Labor Force,0.0,1
f29c804c,29,Male,North Central,Urban,None,Informal,Informal,77779.24,1
7823f161,30,Male,South South,Rural,Primary,Agriculture,Informal,56582.9,1
f24ce726,1,Female,North East,Rural,None,None,Not in Labor Force,0.0,1
00b4343f,13,Male,North West,Rural,Tertiary,Student,Not in Labor Force,0.0,1
db7871c2,13,Male,North West,Urban,Primary,Student,Not in Labor Force,0.0,1
b5158729,32,Female,North West,Rural,None,Informal,Informal,48876.39,1
a9965385,45,Male,North East,Rural,None,Agriculture,Informal,68275.49,1
fbcf66db,58,Female,South East,Rural,Tertiary,Trade/Services,Wage-employed,731272.75,0
efe5b266,12,Male,South West,Rural,None,Student,Not in Labor Force,0.0,1
5318bd1d,3,Male,North West,Rural,None,None,Not in Labor Force,0.0,1
91642dbf,63,Female,South East,Rural,Tertiary,Professional,Wage-employed,337212.14,0
c75c8c0d,64,Female,North Central,Urban,Primary,Informal,Informal,117857.3,0
4d6e4135,67,Male,North Central,Urban,None,Informal,Informal,21669.2,1
f4b9f03e,6,Male,North East,Rural,None,Student,Not in Labor Force,0.0,1
11985ffd,56,Male,South South,Rural,Tertiary,Manufacturing,Wage-employed,319843.25,0
ed119705,0,Male,North East,Rural,None,None,Not in Labor Force,0.0,1
5289ffb0,5,Male,North West,Rural,None,None,Not in Labor Force,0.0,1
4ea210b0,49,Female,North East,Rural,Secondary,Informal,Self-employed,189491.77,0
7917def4,50,Male,South West,Urban,Tertiary,Manufacturing,Wage-employed,845860.76,0
87ffb08a,93,Male,South West,Urban,None,Retired/None,Not in Labor Force,0.0,1
a5e32d59,3,Female,North West,Rural,None,None,Not in Labor Force,0.0,1
1556febe,6,Male,North West,Urban,None,Student,Not in Labor Force,0.0,1
f214d3b7,17,Male,South West,Urban,Secondary,Trade/Services,Self-employed,264887.76,0
e34852a4,22,Female,South West,Rural,Primary,Agriculture,Informal,71829.24,1
3c35c420,7,Male,North East,Urban,Primary,Student,Not in Labor Force,0.0,1
bcfcfffb,10,Female,South East,Rural,Primary,Student,Not in Labor Force,0.0,1
e6d46fb1,12,Male,South South,Rural,Secondary,Student,Not in Labor Force,0.0,1
d7f5d34d,21,Male,North West,Rural,None,Agriculture,Informal,76754.03,1
6e711ff5,1,Male,South West,Rural,None,None,Not in Labor Force,0.0,1
205809e0,4,Male,North West,Rural,None,None,Not in Labor Force,0.0,1
b2c92139,5,Male,South West,Urban,None,None,Not in Labor Force,0.0,1
3d44d82f,11,Male,North Central,Rural,Primary,Student,Not in Labor Force,0.0,1
a5e8dbd8,9,Female,North West,Rural,None,Student,Not in Labor Force,0.0,1
a86d10a7,50,Female,South East,Urban,Secondary,Trade/Services,Self-employed,88997.83,1
c610557c,12,Male,South East,Rural,None,Student,Not in Labor Force,0.0,1
90833c61,56,Female,North West,Rural,None,Agriculture,Informal,99410.3,0
c988a80b,4,Female,North West,Rural,None,None,Not in Labor Force,0.0,1
c68d608a,60,Female,North East,Rural,None,Agriculture,Informal,40117.33,1
a8b5212a,23,Male,South West,Urban,Secondary,Manufacturing,Self-employed,200493.38,0
1480250e,25,Female,South East,Rural,None,Agriculture,Informal,61384.2,1
6c6d9ef9,37,Male,North Central,Rural,None,Agriculture,Informal,60413.32,1
af883433,1,Male,South West,Urban,None,None,Not in Labor Force,0.0,1
b250f92a,10,Female,South East,Rural,None,Student,Not in Labor Force,0.0,1
99d2fadc,63,Female,North Central,Urban,None,Trade/Services,Informal,147376.4,0
0e6e7069,66,Female,South West,Rural,Primary,Informal,Informal,83844.92,1
f83be6c1,17,Female,North Central,Rural,None,Informal,Informal,70937.78,1
418190c2,25,Male,South South,Rural,None,Agriculture,Informal,44416.39,1
72446be1,64,Female,North West,Rural,None,Agriculture,Informal,156590.27,0
80e3964b,49,Male,North East,Rural,None,Agriculture,Informal,73114.21,1
244c724e,9,Male,North West,Urban,Primary,Student,Not in Labor Force,0.0,1
3bb921f1,29,Female,South East,Rural,None,Agriculture,Informal,93754.26,1
805bccad,57,Male,North Central,Urban,Secondary,Trade/Services,Self-employed,139883.93,0
f83c7155,10,Female,North East,Rural,Primary,Student,Not in Labor Force,0.0,1
dec0014d,45,Male,South South,Urban,Primary,Informal,Informal,53303.68,1
5ed10da4,11,Female,South South,Rural,None,Student,Not in Labor Force,0.0,1
ebe27464,42,Male,South South,Urban,None,Trade/Services,Informal,100004.18,0
c148d978,8,Male,North West,Rural,Primary,Student,Not in Labor Force,0.0,1
93a98c55,34,Female,South South,Urban,Secondary,Informal,Self-employed,93203.49,1
9b5be2ad,42,Male,North East,Rural,Primary,Agriculture,Informal,77859.93,1
bf6bff7c,8,Female,North West,Urban,Primary,Student,Not in Labor Force,0.0,1
54072242,25,Female,North East,Urban,None,Informal,Informal,11393.74,1
81fe62ce,33,Female,North Central,Rural,Secondary,Trade/Services,Self-employed,77614.66,1
1b8d4db2,42,Female,North West,Urban,Primary,Informal,Informal,80128.81,1
2a6394c3,0,Male,North Central,Urban,None,None,Not in Labor Force,0.0,1
a3c833ee,10,Female,South East,Urban,Primary,Student,Not in Labor Force,0.0,1
318b962c,4,Male,North East,Rural,None,None,Not in Labor Force,0.0,1
1e2c53ff,74,Male,North East,Rural,Secondary,Retired/None,Not in Labor Force,0.0,1
638fd3d6,56,Male,North East,Rural,Primary,Informal,Informal,33770.5,1
663455f0,60,Female,South South,Rural,Secondary,Informal,Self-employed,122794.72,0
b5f1050e,48,Female,North West,Rural,None,Agriculture,Informal,46474.81,1
04802a50,50,Female,North Central,Urban,Secondary,Informal,Self-employed,132780.71,0
5e46e6c6,16,Female,North East,Urban,Tertiary,Professional,Wage-employed,287530.61,0
e3bce8c7,1,Female,South South,Rural,None,None,Not in Labor Force,0.0,1
fd53e544,27,Female,North West,Rural,None,Agriculture,Informal,107274.54,0
f0e37012,2,Male,North Central,Rural,None,None,Not in Labor Force,0.0,1
8586045f,19,Female,North Central,Urban,Tertiary,Professional,Wage-employed,555477.34,0
b7a45fbd,34,Female,South South,Urban,Secondary,Informal,Self-employed,159331.72,0
b2996d4b,16,Male,North West,Urban,Tertiary,Manufacturing,Wage-employed,415481.97,0
99e33cac,14,Female,South West,Rural,Primary,Student,Not in Labor Force,0.0,1
a41ab872,10,Male,North West,Urban,Primary,Student,Not in Labor Force,0.0,1
e475dab6,13,Female,South South,Rural,None,Student,Not in Labor Force,0.0,1
e857e92b,13,Female,South West,Urban,Secondary,Student,Not in Labor Force,0.0,1
65dfe8fb,9,Female,South West,Urban,Primary,Student,Not in Labor Force,0.0,1
6fdc8c4a,64,Female,North Central,Urban,Secondary,Informal,Self-employed,608273.11,0
e43a4c68,52,Female,North East,Urban,Primary,Informal,Informal,73537.75,1
c058dda0,6,Female,North West,Urban,Primary,Student,Not in Labor Force,0.0,1
f02ab9f8,11,Male,South West,Urban,Primary,Student,Not in Labor Force,0.0,1
a3137de1,24,Male,South South,Urban,Secondary,Informal,Self-employed,87716.75,1
8062dcce,36,Female,North East,Rural,None,Informal,Informal,29618.77,1
c7aa6cac,31,Female,South South,Urban,None,Informal,Informal,139136.82,0
e98799b2,36,Female,North West,Urban,Primary,Informal,Informal,215072.68,0
2f7c3309,57,Male,South South,Rural,Secondary,Trade/Services,Self-employed,59347.57,1
b572ce68,83,Female,North East,Rural,None,Retired/None,Not in Labor Force,0.0,1
792afab4,31,Female,North East,Urban,Secondary,Trade/Services,Self-employed,112314.92,0
e4644732,7,Male,North Central,Rural,Primary,Student,Not in Labor Force,0.0,1
35a36f20,50,Female,South West,Rural,Secondary,Trade/Services,Self-employed,79565.98,1
83fe58fc,9,Female,South West,Urban,Primary,Student,Not in Labor Force,0.0,1
8ee4cf2d,60,Female,North Central,Rural,Primary,Informal,Informal,55577.95,1
77e58e85,10,Female,North Central,Urban,None,Student,Not in Labor Force,0.0,1
07b23e96,50,Male,North West,Urban,None,Informal,Informal,27982.56,1
d3e39395,42,Female,North East,Rural,Secondary,Informal,Self-employed,160177.16,0
f64e3507,28,Female,North East,Urban,Primary,Informal,Informal,165073.56,0
33db58e5,50,Male,South West,Urban,Tertiary,Trade/Services,Wage-employed,127678.07,0
c510dc3c,5,Female,South West,Rural,None,None,Not in Labor Force,0.0,1
682573c4,13,Female,South West,Urban,Secondary,Student,Not in Labor Force,0.0,1
66c70800,8,Male,South West,Urban,Primary,Student,Not in Labor Force,0.0,1
5b9e93b6,4,Male,North West,Rural,None,None,Not in Labor Force,0.0,1
b352903f,26,Male,South East,Rural,Tertiary,Trade/Services,Wage-employed,851505.33,0
dfcccf9b,12,Female,North West,Rural,None,Student,Not in Labor Force,0.0,1
be07bdb2,90,Female,South West,Urban,Primary,Retired/None,Not in Labor Force,0.0,1
c112a456,44,Male,North West,Rural,Primary,Agriculture,Informal,158027.26,0
5266a1c2,45,Male,South West,Urban,Tertiary,Professional,Wage-employed,63455.21,1
0d6a08c2,7,Male,North Central,Urban,Primary,Student,Not in Labor Force,0.0,1
0c9f07a9,18,Female,North Central,Urban,Secondary,Trade/Services,Self-employed,36170.86,1
85288ca8,45,Female,South West,Urban,None,Informal,Informal,74625.84,1
2040b4db,41,Female,North West,Urban,Secondary,Manufacturing,Self-employed,293497.46,0
c4d668ca,39,Female,North West,Urban,Secondary,Trade/Services,Self-employed,158555.89,0
8c3ad5e7,19,Female,South West,Urban,Primary,Informal,Informal,81865.31,1
3ce9c7d4,5,Male,South East,Rural,None,None,Not in Labor Force,0.0,1
df930a52,19,Female,North East,Rural,Secondary,Trade/Services,Self-employed,139273.82,0
e1e4c5f8,2,Female,North East,Rural,None,None,Not in Labor Force,0.0,1
619cbc94,10,Female,North Central,Rural,None,Student,Not in Labor Force,0.0,1
34379617,7,Female,South West,Urban,Primary,Student,Not in Labor Force,0.0,1
53ef6bc5,8,Female,North Central,Rural,Primary,Student,Not in Labor Force,0.0,1
0114d3bf,14,Female,South South,Rural,None,Student,Not in Labor Force,0.0,1
5c980a85,3,Female,North Central,Rural,None,None,Not in Labor Force,0.0,1
20677f34,89,Female,North West,Rural,None,Retired/None,Not in Labor Force,0.0,1
2c24b31a,55,Female,North West,Rural,Secondary,Informal,Self-employed,60787.74,1
e5734145,71,Male,North Central,Urban,Primary,Retired/None,Not in Labor Force,0.0,1
ffd0cdca,46,Male,South West,Rural,Secondary,Informal,Self-employed,212440.2,0
93bd9062,7,Female,North West,Rural,None,Student,Not in Labor Force,0.0,1
39ef3bb0,61,Male,South South,Rural,Primary,Agriculture,Informal,56265.12,1
e7d9413c,29,Male,North East,Urban,Primary,Informal,Informal,30338.81,1
3acb8357,4,Male,North Central,Urban,None,None,Not in Labor Force,0.0,1
e197974c,33,Female,North West,Rural,Secondary,Manufacturing,Self-employed,61249.65,1
b6a1bf48,6,Male,South South,Rural,None,Student,Not in Labor Force,0.0,1
f66f9f6b,20,Male,South East,Rural,None,Agriculture,Informal,74712.69,1
f3f7ab60,33,Male,North West,Urban,Secondary,Trade/Services,Self-employed,111993.08,0
64a2f75e,8,Female,South South,Rural,Primary,Student,Not in Labor Force,0.0,1
bfabc050,11,Male,North East,Urban,None,Student,Not in Labor Force,0.0,1
4baa3d74,31,Male,South West,Urban,Primary,Informal,Informal,63834.02,1
ae80933c,56,Female,South East,Urban,None,Informal,Informal,91286.63,1
b4841871,2,Female,South West,Rural,None,None,Not in Labor Force,0.0,1
f97edcc9,95,Male,South South,Rural,None,Retired/None,Not in Labor Force,0.0,1
9e135a43,14,Female,South South,Urban,Secondary,Student,Not in Labor Force,0.0,1
e7f3080a,45,Male,South South,Urban,Tertiary,Manufacturing,Wage-employed,496418.53,0
a88260c8,75,Female,North West,Rural,None,Retired/None,Not in Labor Force,0.0,1
39e45f65,14,Male,North East,Rural,Secondary,Student,Not in Labor Force,0.0,1
7b0b298e,9,Male,South West,Rural,Primary,Student,Not in Labor Force,0.0,1
7091d8ab,10,Female,South West,Rural,Primary,Student,Not in Labor Force,0.0,1
1db794f4,6,Female,North Central,Urban,Primary,Student,Not in Labor Force,0.0,1
0fd88fd6,2,Male,North West,Rural,None,None,Not in Labor Force,0.0,1
60df3708,17,Male,South East,Urban,Secondary,Unemployed,Self-employed,63689.27,1
a260bcda,1,Female,South South,Urban,None,None,Not in Labor Force,0.0,1
03ec8b1c,39,Female,North Central,Rural,None,Agriculture,Informal,124753.49,0
61ebf9cc,75,Male,North West,Urban,None,Retired/None,Not in Labor Force,0.0,1
4af636ab,34,Female,North West,Rural,Secondary,Informal,Self-employed,91247.14,1
180499d5,43,Male,North West,Rural,Primary,Agriculture,Informal,77019.34,1
cbcf2df8,5,Female,South West,Rural,None,None,Not in Labor Force,0.0,1
2252c6cc,64,Male,South South,Urban,Tertiary,Professional,Wage-employed,424398.93,0
62269734,29,Male,North West,Rural,None,Agriculture,Informal,46813.64,1
ba00d2ae,6,Male,South West,Rural,Primary,Student,Not in Labor Force,0.0,1
061bf057,9,Male,South West,Urban,Primary,Student,Not in Labor Force,0.0,1
4d3c49ae,35,Male,North East,Rural,Primary,Agriculture,Informal,103464.75,0
558eb502,43,Male,South West,Rural,Secondary,Manufacturing,Self-employed,103642.37,0
8f37c5c3,9,Male,South West,Urban,Primary,Student,Not in Labor Force,0.0,1
6e58caf8,12,Male,South East,Urban,Tertiary,Student,Not in Labor Force,0.0,1
0c4585ab,14,Female,North Central,Rural,Tertiary,Student,Not in Labor Force,0.0,1
8c63910b,37,Male,South West,Urban,None,Trade/Services,Informal,84456.39,1
970b061c,64,Female,North East,Rural,None,Informal,Informal,13450.66,1
f8ebe22e,37,Male,North West,Rural,None,Informal,Informal,97926.37,0
a9216410,14,Male,North West,Rural,Secondary,Student,Not in Labor Force,0.0,1
e9c4dbb1,3,Female,North East,Urban,None,None,Not in Labor Force,0.0,1
304f6e29,63,Female,North West,Rural,Primary,Agriculture,Informal,54050.81,1
15c62ae0,11,Male,North East,Rural,Primary,Student,Not in Labor Force,0.0,1
2a6d4f81,2,Male,South West,Urban,None,None,Not in Labor Force,0.0,1
84dbc4aa,35,Female,South West,Urban,Secondary,Trade/Services,Self-employed,209600.67,0
e13f83e4,4,Female,North West,Urban,None,None,Not in Labor Force,0.0,1
cdb7fb9a,16,Female,North East,Rural,None,Agriculture,Informal,160648.95,0
52925fab,3,Male,South West,Urban,None,None,Not in Labor Force,0.0,1
05723c27,0,Male,North East,Rural,None,None,Not in Labor Force,0.0,1
91c93633,14,Female,North Central,Urban,None,Student,Not in Labor Force,0.0,1
48b7fd37,89,Female,South West,Urban,Primary,Retired/None,Not in Labor Force,0.0,1
e93c3875,47,Female,North West,Urban,None,Informal,Informal,132457.87,0
0f8f93c4,20,Female,North East,Rural,Primary,Agriculture,Informal,61851.45,1
5faa802a,21,Female,North West,Urban,Tertiary,Trade/Services,Wage-employed,337102.98,0
2db389cd,2,Male,North West,Rural,None,None,Not in Labor Force,0.0,1
45adbbf7,58,Male,South South,Rural,Secondary,Informal,Self-employed,449294.53,0
b9286522,15,Female,North East,Urban,Secondary,Informal,Self-employed,178087.66,0
6fdec558,53,Male,North Central,Urban,Primary,Informal,Informal,91654.2,1
d80db648,2,Male,South West,Rural,None,None,Not in Labor Force,0.0,1
9b31fa07,59,Male,North West,Rural,None,Agriculture,Informal,53649.96,1
fdbc1bbb,9,Male,North West,Rural,None,Student,Not in Labor Force,0.0,1
858de839,11,Male,South East,Urban,Primary,Student,Not in Labor Force,0.0,1
1c4ebd68,26,Female,South South,Urban,Primary,Informal,Informal,47196.07,1
73ea5d97,36,Male,North East,Urban,Secondary,Unemployed,Self-employed,41340.09,1
12fdc591,12,Female,North East,Rural,None,Student,Not in Labor Force,0.0,1
63f69926,11,Male,South East,Urban,Primary,Student,Not in Labor Force,0.0,1
b7d9eded,28,Male,North East,Rural,Tertiary,Trade/Services,Wage-employed,738743.3,0
92bc902d,36,Female,North West,Urban,None,Trade/Services,Informal,50633.57,1
589599f1,44,Female,North East,Rural,Primary,Informal,Informal,53413.07,1
e10d497e,58,Male,North East,Urban,None,Trade/Services,Informal,75838.77,1
2289b55f,34,Female,North West,Rural,None,Agriculture,Informal,141473.08,0
5d51b377,11,Male,North Central,Rural,Primary,Student,Not in Labor Force,0.0,1
39f5bd67,41,Female,South West,Urban,Secondary,Informal,Self-employed,84138.95,1
ef2da8bc,52,Male,North Central,Urban,None,Informal,Informal,94316.29,1
d6b0be2e,10,Male,North West,Urban,Primary,Student,Not in Labor Force,0.0,1
89ebbe20,56,Female,North Central,Urban,Secondary,Manufacturing,Self-employed,181189.37,0
ea3e5eb4,3,Female,South West,Urban,None,None,Not in Labor Force,0.0,1
d69d10c1,55,Male,North West,Urban,None,Trade/Services,Informal,35218.56,1
98defb91,48,Female,North West,Rural,Secondary,Trade/Services,Self-employed,40656.8,1
bac74407,53,Male,North East,Urban,Secondary,Informal,Self-employed,86767.58,1
7454bd62,55,Female,North West,Rural,None,Informal,Informal,69300.12,1
1cfa4b1c,58,Male,South South,Urban,Secondary,Informal,Self-employed,142899.11,0
55d67db5,51,Female,South West,Urban,Primary,Trade/Services,Informal,75248.44,1
8671949b,15,Male,North East,Rural,None,Informal,Informal,88559.65,1
61000ffb,5,Male,South West,Rural,None,None,Not in Labor Force,0.0,1
6ec295e8,29,Female,North East,Rural,Tertiary,Professional,Wage-employed,177357.48,0
14d3f8eb,7,Female,North West,Rural,Primary,Student,Not in Labor Force,0.0,1
46dafbdf,47,Female,North West,Rural,Secondary,Trade/Services,Self-employed,89114.12,1
559b9d7d,32,Male,South West,Urban,Primary,Informal,Informal,75498.99,1
54ddf7d0,59,Female,North West,Urban,None,Informal,Informal,49125.2,1
7c346a44,12,Female,North East,Urban,None,Student,Not in Labor Force,0.0,1
10012ae5,0,Female,North West,Rural,None,None,Not in Labor Force,0.0,1
b27a937a,19,Female,North West,Rural,None,Agriculture,Informal,238235.98,0
b9d32223,1,Male,South West,Urban,None,None,Not in Labor Force,0.0,1
a72a9f5d,14,Female,South East,Urban,None,Student,Not in Labor Force,0.0,1
ee27d734,9,Female,South West,Rural,Primary,Student,Not in Labor Force,0.0,1
ac360e94,24,Male,South West,Urban,Secondary,Trade/Services,Self-employed,36451.48,1
60bf1a5b,50,Female,South South,Rural,None,Agriculture,Informal,126046.79,0
d569bd39,0,Female,North West,Urban,None,None,Not in Labor Force,0.0,1
7104ec53,6,Female,North West,Rural,Primary,Student,Not in Labor Force,0.0,1
00bbb4d8,7,Male,North Central,Rural,None,Student,Not in Labor Force,0.0,1
27009b3a,19,Female,North East,Rural,None,Agriculture,Informal,96765.26,0
0a8b2337,48,Male,North Central,Rural,Secondary,Trade/Services,Self-employed,160327.29,0
879a8699,7,Female,North West,Rural,None,Student,Not in Labor Force,0.0,1
2083c7cf,0,Female,North West,Urban,None,None,Not in Labor Force,0.0,1
e4cfcf22,14,Female,North Central,Rural,None,Student,Not in Labor Force,0.0,1
2862f3e4,21,Male,South South,Rural,Secondary,Manufacturing,Self-employed,104559.24,0
0e5611a6,31,Female,North East,Urban,None,Trade/Services,Informal,179898.33,0
56b07a2b,11,Female,North West,Urban,Primary,Student,Not in Labor Force,0.0,1
e1ee449c,5,Male,South West,Urban,None,None,Not in Labor Force,0.0,1
fbbe2a82,12,Female,North East,Rural,None,Student,Not in Labor Force,0.0,1
19f0b25c,86,Female,North West,Rural,None,Retired/None,Not in Labor Force,0.0,1
ea3a2707,14,Female,North East,Urban,Primary,Student,Not in Labor Force,0.0,1
70c0e5e2,51,Male,South West,Rural,Tertiary,Professional,Wage-employed,226609.66,0
023a9cd3,29,Male,South East,Rural,Secondary,Unemployed,Self-employed,124924.34,0
7e2bff8b,1,Female,South West,Urban,None,None,Not in Labor Force,0.0,1
fa266249,1,Male,North East,Rural,None,None,Not in Labor Force,0.0,1
7c0076a9,8,Male,North East,Rural,Primary,Student,Not in Labor Force,0.0,1
96b8717b,35,Female,North West,Urban,None,Trade/Services,Informal,84450.45,1
75b190f9,52,Male,South South,Rural,Secondary,Unemployed,Self-employed,85872.03,1
58e7938e,16,Female,South West,Rural,Secondary,Trade/Services,Self-employed,106203.38,0
bd07d8e2,41,Female,North West,Urban,Secondary,Trade/Services,Self-employed,75413.72,1
c1e60c35,0,Female,South West,Rural,None,None,Not in Labor Force,0.0,1
0e1c6a56,85,Female,North Central,Urban,Secondary,Retired/None,Not in Labor Force,0.0,1
ce12e4be,18,Male,South South,Urban,Tertiary,Trade/Services,Wage-employed,268761.71,0
e8c24f99,11,Male,South East,Rural,Primary,Student,Not in Labor Force,0.0,1
2e05be16,83,Female,North West,Rural,None,Retired/None,Not in Labor Force,0.0,1
bbfe96ae,16,Male,South West,Urban,Tertiary,Trade/Services,Wage-employed,1033217.47,0
1bd83518,40,Female,North Central,Rural,Primary,Agriculture,Informal,337377.81,0
561fd442,48,Female,North West,Rural,Secondary,Trade/Services,Self-employed,134857.4,0
7cedf426,28,Male,South West,Urban,Primary,Informal,Informal,133270.32,0
44946039,29,Female,North Central,Rural,Tertiary,Manufacturing,Wage-employed,344972.12,0
bf045a70,3,Male,North West,Rural,None,None,Not in Labor Force,0.0,1
8a41c83c,1,Male,South West,Rural,None,None,Not in Labor Force,0.0,1
7115ffc7,50,Female,South West,Urban,Primary,Informal,Informal,106195.05,0
b6004e07,2,Female,North West,Rural,None,None,Not in Labor Force,0.0,1
edfcfc3f,8,Female,North East,Urban,None,Student,Not in Labor Force,0.0,1
3a79e843,21,Male,South West,Urban,Primary,Informal,Informal,112002.35,0
056ad23f,44,Male,North West,Urban,Primary,Informal,Informal,150430.59,0
2a387637,27,Male,South South,Urban,Tertiary,Trade/Services,Wage-employed,1006681.56,0
c397eaba,41,Male,North West,Urban,Secondary,Informal,Self-employed,78382.15,1
697f4b3e,14,Male,North West,Urban,Primary,Student,Not in Labor Force,0.0,1
4c1db2c0,11,Female,North West,Rural,Primary,Student,Not in Labor Force,0.0,1
9bff1a6d,2,Female,North Central,Urban,None,None,Not in Labor Force,0.0,1
98b748e6,27,Male,South West,Urban,Tertiary,Manufacturing,Wage-employed,2184022.93,0
f1919d5d,29,Male,North Central,Urban,Tertiary,Trade/Services,Wage-employed,434939.13,0
687d52d8,13,Female,North East,Rural,Secondary,Student,Not in Labor Force,0.0,1
2d2b2e3d,23,Female,South East,Urban,Primary,Informal,Informal,87829.93,1
d7b0bef8,59,Female,North West,Rural,Tertiary,Professional,Wage-employed,231481.31,0
3a193ec6,37,Male,North East,Rural,None,Agriculture,Informal,46842.72,1
bcede99c,50,Male,North West,Urban,Secondary,Informal,Self-employed,192879.81,0
1f2993ee,4,Female,North West,Rural,None,None,Not in Labor Force,0.0,1
16ae38dd,54,Female,North East,Rural,None,Agriculture,Informal,87754.11,1
666bb28f,17,Male,North West,Rural,Primary,Agriculture,Informal,84047.23,1
04e66a31,48,Female,North East,Urban,Primary,Trade/Services,Informal,61518.83,1
02510d9a,33,Male,South East,Urban,Primary,Informal,Informal,15983.15,1
25bf23fd,42,Male,North West,Rural,None,Informal,Informal,20387.55,1
1f9d099b,37,Female,South East,Rural,Tertiary,Professional,Wage-employed,298932.39,0
0e3bfc8c,7,Male,South West,Rural,None,Student,Not in Labor Force,0.0,1
2e8613f9,63,Female,North East,Urban,Secondary,Trade/Services,Self-employed,163003.8,0
62d32656,77,Male,North Central,Urban,Secondary,Retired/None,Not in Labor Force,0.0,1
ebdfefe8,21,Male,North Central,Urban,Secondary,Informal,Self-employed,103588.6,0
eadbe6c6,8,Male,North West,Rural,Primary,Student,Not in Labor Force,0.0,1
e8659f6f,11,Male,South South,Urban,Primary,Student,Not in Labor Force,0.0,1
9fc93e3b,12,Male,South West,Rural,Primary,Student,Not in Labor Force,0.0,1
46bfc2b1,28,Female,South South,Urban,Primary,Informal,Informal,53330.23,1
0911b3fd,60,Female,South East,Rural,Secondary,Trade/Services,Self-employed,117949.98,0
aeb33dd0,14,Male,North West,Urban,Secondary,Student,Not in Labor Force,0.0,1
472a59e3,17,Male,North West,Rural,None,Informal,Informal,56129.75,1
08dae204,29,Female,North West,Rural,Primary,Agriculture,Informal,44985.9,1
609f169a,38,Male,South East,Rural,Primary,Agriculture,Informal,22713.09,1
0d913f77,60,Male,South South,Urban,Tertiary,Trade/Services,Wage-employed,241262.12,0
cfec87a1,22,Male,North Central,Rural,Primary,Agriculture,Informal,104773.43,0
3c500dc9,19,Female,North West,Rural,Secondary,Informal,Self-employed,55404.73,1
e3b58e35,13,Male,North West,Urban,Primary,Student,Not in Labor Force,0.0,1
b8f5f0eb,18,Female,South East,Urban,Tertiary,Professional,Wage-employed,596117.27,0
f0489754,28,Male,South South,Urban,Secondary,Unemployed,Self-employed,306153.67,0
7610c856,30,Male,North West,Urban,Secondary,Trade/Services,Self-employed,82897.71,1
8655d023,34,Male,North West,Urban,Primary,Informal,Informal,61895.81,1
3d1d131d,38,Female,North East,Rural,None,Agriculture,Informal,108272.88,0
ec32d409,5,Female,North West,Urban,None,None,Not in Labor Force,0.0,1
a4ee57d1,45,Male,South East,Urban,Primary,Informal,Informal,169345.97,0
72b4a7ad,5,Male,North Central,Rural,None,None,Not in Labor Force,0.0,1
d26d02c4,2,Female,South West,Urban,None,None,Not in Labor Force,0.0,1
02a2ccdb,29,Female,North Central,Urban,Secondary,Informal,Self-employed,90501.64,1
1ab8f0f7,93,Male,North East,Rural,None,Retired/None,Not in Labor Force,0.0,1
47aca023,2,Female,North West,Urban,None,None,Not in Labor Force,0.0,1
fd011560,10,Male,South East,Rural,Primary,Student,Not in Labor Force,0.0,1
dba0cff9,17,Male,South West,Urban,Secondary,Trade/Services,Self-employed,50372.63,1
05a55a4f,11,Male,North East,Rural,Primary,Student,Not in Labor Force,0.0,1
c0fc37fd,24,Female,North East,Urban,Primary,Trade/Services,Informal,171600.75,0
acd5a33f,64,Male,North West,Rural,Primary,Agriculture,Informal,84992.18,1
986301e5,47,Female,North West,Rural,Secondary,Manufacturing,Self-employed,125539.76,0
493dbc83,10,Female,South West,Urban,Primary,Student,Not in Labor Force,0.0,1
11ea1717,9,Female,North Central,Urban,Primary,Student,Not in Labor Force,0.0,1
a6fe1b21,47,Male,North Central,Urban,Primary,Informal,Informal,139994.06,0
14e6cb82,50,Male,South East,Urban,Secondary,Trade/Services,Self-employed,65443.0,1
bcd0282b,2,Female,North Central,Urban,None,None,Not in Labor Force,0.0,1
d42046f5,19,Female,North East,Rural,Secondary,Manufacturing,Self-employed,124831.41,0
551b2336,11,Female,North West,Rural,Primary,Student,Not in Labor Force,0.0,1
2e2a5d00,58,Male,South East,Urban,Tertiary,Trade/Services,Wage-employed,337337.8,0
9f156886,12,Male,South West,Rural,Primary,Student,Not in Labor Force,0.0,1
dd314dd0,38,Female,North West,Rural,Secondary,Unemployed,Self-employed,141726.37,0
9649cd4e,11,Male,South West,Urban,Primary,Student,Not in Labor Force,0.0,1
f5b7ae46,8,Female,North Central,Rural,Primary,Student,Not in Labor Force,0.0,1
b6f65cab,12,Male,South East,Urban,Tertiary,Student,Not in Labor Force,0.0,1
7469d99f,4,Male,South South,Urban,None,None,Not in Labor Force,0.0,1
18a4167a,50,Male,South West,Urban,Primary,Informal,Informal,130538.44,0
cd1ab49b,85,Male,South West,Urban,Secondary,Retired/None,Not in Labor Force,0.0,1
58cf2106,14,Male,North West,Rural,Secondary,Student,Not in Labor Force,0.0,1
d324cd42,26,Female,South West,Urban,Tertiary,Trade/Services,Wage-employed,719226.77,0
fb505681,35,Male,South East,Urban,Secondary,Trade/Services,Self-employed,190829.68,0
0931b870,35,Male,North Central,Rural,None,Agriculture,Informal,69592.35,1
8f2cb516,57,Female,South West,Urban,Secondary,Trade/Services,Self-employed,158023.26,0
6ae2d67e,13,Male,South South,Rural,Secondary,Student,Not in Labor Force,0.0,1
05170a3b,4,Male,North West,Rural,None,None,Not in Labor Force,0.0,1
1f736945,20,Female,North West,Rural,Secondary,Informal,Self-employed,123014.63,0
cff43b62,8,Female,South West,Rural,Primary,Student,Not in Labor Force,0.0,1
ff107dfa,15,Male,South East,Rural,Secondary,Manufacturing,Self-employed,67874.55,1
b0652926,11,Male,South South,Urban,Primary,Student,Not in Labor Force,0.0,1
6befc283,28,Female,South West,Urban,Tertiary,Professional,Wage-employed,320520.7,0
b4183d56,5,Male,South East,Urban,None,None,Not in Labor Force,0.0,1
5e631e8b,15,Female,South West,Urban,Secondary,Trade/Services,Self-employed,169634.6,0
8796d03e,36,Female,North West,Urban,Secondary,Trade/Services,Self-employed,196867.85,0
333ab74a,48,Female,South East,Urban,Primary,Trade/Services,Informal,54688.26,1
c0ea1f02,7,Male,North West,Rural,Primary,Student,Not in Labor Force,0.0,1
57db5bea,25,Male,North West,Urban,Secondary,Unemployed,Self-employed,69844.09,1
961c4994,17,Female,North East,Rural,Secondary,Unemployed,Self-employed,36127.89,1
4ab7c12d,56,Male,North East,Urban,None,Trade/Services,Informal,37918.67,1
03ce0e1f,20,Male,North East,Rural,None,Agriculture,Informal,43315.49,1
10d73fdc,20,Female,North West,Rural,Primary,Informal,Informal,45799.61,1
c0b83b5a,34,Male,North East,Urban,None,Trade/Services,Informal,68206.69,1
bec4a549,4,Male,North West,Rural,None,None,Not in Labor Force,0.0,1
c839109d,16,Female,North Central,Rural,None,Informal,Informal,29056.25,1
c3d3b54f,40,Male,South East,Rural,Primary,Agriculture,Informal,20180.55,1
863e8990,14,Male,South South,Rural,None,Student,Not in Labor Force,0.0,1
ec9b80fb,9,Male,South East,Urban,Primary,Student,Not in Labor Force,0.0,1
bd335782,7,Female,North Central,Rural,Primary,Student,Not in Labor Force,0.0,1
bd3d48b1,46,Male,South West,Urban,Primary,Informal,Informal,87198.12,1
b3f0e4cc,24,Male,North East,Rural,None,Informal,Informal,64613.66,1
61d298be,37,Female,North West,Urban,Primary,Trade/Services,Informal,117336.53,0
cbed33d8,20,Female,South West,Urban,Primary,Trade/Services,Informal,131797.62,0
6235d4ac,37,Male,South West,Urban,Tertiary,Trade/Services,Wage-employed,506568.5,0
59679912,11,Female,South East,Urban,Primary,Student,Not in Labor Force,0.0,1
4bb825f6,0,Male,South West,Urban,None,None,Not in Labor Force,0.0,1
28ff10db,44,Female,North West,Rural,Secondary,Unemployed,Self-employed,105746.56,0
9a0778ec,13,Male,South South,Rural,Secondary,Student,Not in Labor Force,0.0,1
51d5b8ff,4,Male,South West,Urban,None,None,Not in Labor Force,0.0,1
4dcb6740,46,Female,South East,Urban,Tertiary,Trade/Services,Wage-employed,677119.9,0
e1a58f28,63,Male,South East,Rural,Secondary,Informal,Self-employed,231986.72,0
1affbd32,66,Male,North East,Rural,None,Informal,Informal,39894.52,1
b05cbf08,55,Male,North West,Urban,Secondary,Trade/Services,Self-employed,211537.25,0
c6c31614,58,Female,North West,Rural,Primary,Agriculture,Informal,41171.19,1
5ac7481b,2,Male,North West,Rural,None,None,Not in Labor Force,0.0,1
d93da0e9,36,Male,North West,Urban,Primary,Trade/Services,Informal,92172.83,1
7aaa4376,45,Male,North Central,Urban,None,Trade/Services,Informal,153541.14,0
4c5d33c7,6,Male,South South,Urban,Primary,Student,Not in Labor Force,0.0,1
6e2bd516,8,Male,South South,Rural,Primary,Student,Not in Labor Force,0.0,1
a0ac9043,35,Male,South West,Urban,Tertiary,Trade/Services,Wage-employed,339693.62,0
065a1060,3,Male,North West,Urban,None,None,Not in Labor Force,0.0,1
ac00769e,57,Male,North East,Rural,None,Agriculture,Informal,33818.18,1
477a2f52,58,Female,South West,Urban,None,Trade/Services,Informal,61357.51,1
d1a11316,14,Female,North West,Rural,Primary,Student,Not in Labor Force,0.0,1
466b3b0e,1,Female,South East,Urban,None,None,Not in Labor Force,0.0,1
cea18f89,2,Male,South South,Rural,None,None,Not in Labor Force,0.0,1
75c2473c,14,Female,North East,Rural,Secondary,Student,Not in Labor Force,0.0,1
a8d2cbae,4,Male,South West,Urban,None,None,Not in Labor Force,0.0,1
5bc8ddac,25,Female,North West,Urban,Secondary,Trade/Services,Self-employed,75219.9,1
3a3af889,14,Male,South West,Urban,Secondary,Student,Not in Labor Force,0.0,1
2227aa13,43,Male,North West,Rural,None,Agriculture,Informal,31428.56,1
d18fc47f,1,Male,North West,Urban,None,None,Not in Labor Force,0.0,1
61162506,59,Male,South West,Urban,Primary,Trade/Services,Informal,166698.83,0
7f8120a0,3,Female,South West,Urban,None,None,Not in Labor Force,0.0,1
0733c58f,0,Female,South West,Rural,None,None,Not in Labor Force,0.0,1
3402c6f5,50,Female,North Central,Urban,None,Trade/Services,Informal,111237.46,0
d0d04509,62,Female,South West,Urban,Primary,Informal,Informal,52484.22,1
1277b16e,6,Male,South East,Rural,Primary,Student,Not in Labor Force,0.0,1
e9463ea8,29,Male,South South,Urban,Secondary,Informal,Self-employed,73818.53,1
f93597b6,60,Female,South South,Rural,None,Informal,Informal,34570.5,1
b6776fbf,58,Female,South East,Urban,Secondary,Informal,Self-employed,86522.86,1
5c880c47,2,Female,South West,Urban,None,None,Not in Labor Force,0.0,1
84b2864d,9,Male,South West,Rural,None,Student,Not in Labor Force,0.0,1
df1d0dc0,54,Female,North West,Urban,None,Informal,Informal,161392.56,0
dcd92629,52,Female,North West,Rural,None,Agriculture,Informal,56047.01,1
5f23fb6c,36,Male,South East,Urban,Primary,Informal,Informal,290386.66,0
48962599,28,Male,South East,Rural,Secondary,Informal,Self-employed,96389.88,1
82e34f35,31,Male,South West,Urban,Tertiary,Professional,Wage-employed,283399.58,0
8318461f,4,Female,North Central,Urban,None,None,Not in Labor Force,0.0,1
916b3b28,62,Male,North West,Rural,Secondary,Informal,Self-employed,172243.0,0
1a6da79d,14,Male,North East,Rural,None,Student,Not in Labor Force,0.0,1
5bc1bb7a,29,Male,North Central,Rural,Primary,Agriculture,Informal,21980.58,1
549605e9,15,Female,North Central,Rural,Secondary,Trade/Services,Self-employed,110532.96,0
59b3490a,38,Male,South South,Urban,Secondary,Trade/Services,Self-employed,64388.83,1
03a7b7e7,6,Male,North West,Rural,None,Student,Not in Labor Force,0.0,1
4480dccb,6,Female,North Central,Urban,None,Student,Not in Labor Force,0.0,1
bd3e5111,11,Female,North East,Rural,Primary,Student,Not in Labor Force,0.0,1
05301fc0,9,Male,South South,Rural,Primary,Student,Not in Labor Force,0.0,1
e262288b,13,Female,South South,Urban,Secondary,Student,Not in Labor Force,0.0,1
dea1cc11,56,Female,North Central,Urban,Primary,Informal,Informal,21823.05,1
f5c9f0ed,9,Male,South South,Urban,Primary,Student,Not in Labor Force,0.0,1
0aa01eb6,3,Male,North Central,Urban,None,None,Not in Labor Force,0.0,1
c4c6932f,45,Male,North West,Rural,Primary,Informal,Informal,55793.43,1
af98c8bb,25,Male,South West,Rural,Secondary,Trade/Services,Self-employed,162895.76,0
f1136b58,30,Male,North West,Rural,None,Informal,Informal,68074.34,1
8b2d08aa,12,Female,South West,Urban,Primary,Student,Not in Labor Force,0.0,1
782d020b,23,Male,South South,Urban,Secondary,Trade/Services,Self-employed,140961.38,0
7e372782,14,Female,South East,Urban,Tertiary,Student,Not in Labor Force,0.0,1
8936515a,13,Male,North East,Urban,Secondary,Student,Not in Labor Force,0.0,1
f50587ae,33,Female,North East,Urban,Tertiary,Professional,Wage-employed,84181.57,1
05450fcc,14,Male,North West,Urban,None,Student,Not in Labor Force,0.0,1
f1083f6b,23,Female,North East,Urban,Tertiary,Professional,Wage-employed,364769.83,0
8fc83167,3,Female,North West,Urban,None,None,Not in Labor Force,0.0,1
c8659e5e,4,Female,North Central,Rural,None,None,Not in Labor Force,0.0,1
9d78556a,53,Male,South West,Urban,Secondary,Informal,Self-employed,122135.55,0
9fd5d0f1,5,Female,South East,Urban,None,None,Not in Labor Force,0.0,1
31b7e538,40,Female,North West,Rural,Secondary,Unemployed,Self-employed,143308.81,0
88c746ae,72,Female,North East,Rural,Secondary,Retired/None,Not in Labor Force,0.0,1
2ccb6269,38,Male,North East,Urban,Primary,Trade/Services,Informal,42835.44,1
c41c0997,22,Female,North West,Urban,Primary,Informal,Informal,132958.65,0
d5387a47,2,Male,North East,Rural,None,None,Not in Labor Force,0.0,1
ae279888,14,Female,North East,Rural,Secondary,Student,Not in Labor Force,0.0,1
de128fdc,13,Female,South West,Urban,Secondary,Student,Not in Labor Force,0.0,1
980132f6,36,Male,South South,Urban,Secondary,Informal,Self-employed,98161.9,0
d8ec19fb,87,Male,North Central,Rural,Secondary,Retired/None,Not in Labor Force,0.0,1
b91231b9,8,Male,South West,Urban,Primary,Student,Not in Labor Force,0.0,1
661c08e0,58,Female,North West,Rural,None,Agriculture,Informal,50032.1,1
9b743d9d,14,Male,South South,Urban,None,Student,Not in Labor Force,0.0,1
b875ac24,62,Male,North West,Urban,Secondary,Manufacturing,Self-employed,182912.59,0
84779b59,18,Female,North West,Rural,None,Informal,Informal,29329.37,1
63ef432e,69,Male,North West,Rural,None,Agriculture,Informal,98176.66,0
a9f7fed2,22,Male,North East,Urban,Secondary,Informal,Self-employed,59113.53,1
abd82a14,0,Female,South West,Rural,None,None,Not in Labor Force,0.0,1
0a185ca2,11,Male,South South,Urban,Primary,Student,Not in Labor Force,0.0,1
28d6eb10,5,Male,South East,Urban,None,None,Not in Labor Force,0.0,1
3c594913,14,Male,North East,Urban,Secondary,Student,Not in Labor Force,0.0,1
576ba64d,3,Female,South West,Urban,None,None,Not in Labor Force,0.0,1
8a82c2fd,25,Female,South West,Urban,None,Informal,Informal,119743.27,0
f41914ae,19,Male,South East,Rural,Primary,Agriculture,Informal,51985.36,1
7c65153b,64,Male,South West,Urban,None,Trade/Services,Informal,73698.53,1
2820d706,7,Male,South West,Urban,Primary,Student,Not in Labor Force,0.0,1
03293c26,61,Female,South West,Urban,Tertiary,Trade/Services,Wage-employed,63634.86,1
c00116e9,32,Male,South West,Urban,Secondary,Informal,Self-employed,93483.94,1
1e674bce,3,Female,North West,Rural,None,None,Not in Labor Force,0.0,1
fd61f380,42,Male,North West,Urban,None,Informal,Informal,71244.06,1
278970e6,27,Female,South West,Urban,Primary,Informal,Informal,204674.17,0
bba3678e,4,Female,South South,Rural,None,None,Not in Labor Force,0.0,1
86b356b3,44,Female,North Central,Urban,Primary,Trade/Services,Informal,79098.42,1
925cc1eb,15,Male,South South,Rural,None,Agriculture,Informal,40466.07,1
5b373a7e,5,Female,North West,Rural,None,None,Not in Labor Force,0.0,1
0ab456ba,32,Male,North Central,Urban,Secondary,Informal,Self-employed,219738.82,0
c7d96ab3,60,Male,North East,Urban,Secondary,Manufacturing,Self-employed,98410.39,0
2c15f3e0,19,Male,South South,Rural,None,Agriculture,Informal,111226.89,0
2b3f47cd,45,Female,North East,Rural,Secondary,Trade/Services,Self-employed,115475.03,0
b835eadf,5,Female,North Central,Urban,None,None,Not in Labor Force,0.0,1
5a7d1019,41,Female,North West,Rural,None,Agriculture,Informal,34900.83,1
291ceab8,39,Female,North Central,Rural,None,Agriculture,Informal,105105.44,0
3f3680ae,12,Male,South South,Urban,Secondary,Student,Not in Labor Force,0.0,1
704cd009,42,Female,North East,Rural,None,Informal,Informal,85872.74,1
0cb48a29,30,Female,South East,Urban,Primary,Informal,Informal,138333.74,0
b66c17be,26,Female,South South,Urban,Primary,Informal,Informal,72455.67,1
89c3d333,3,Male,North West,Urban,None,None,Not in Labor Force,0.0,1
0b6be61c,32,Female,South East,Urban,Secondary,Unemployed,Self-employed,191124.19,0
5ba7b55d,1,Female,North East,Rural,None,None,Not in Labor Force,0.0,1
a7d30bb1,6,Female,North West,Urban,Primary,Student,Not in Labor Force,0.0,1
2affada9,4,Male,South West,Urban,None,None,Not in Labor Force,0.0,1
e94ba77e,6,Female,South West,Rural,Primary,Student,Not in Labor Force,0.0,1
1a29581b,59,Female,North East,Urban,None,Trade/Services,Informal,255836.29,0
1c2443ba,41,Male,North West,Urban,Secondary,Trade/Services,Self-employed,147685.56,0
8011e3f2,0,Male,South South,Urban,None,None,Not in Labor Force,0.0,1
5322bb09,31,Male,South West,Urban,Tertiary,Professional,Wage-employed,315153.29,0
927fddf7,62,Female,North East,Rural,None,Agriculture,Informal,151202.57,0
6ac5678f,35,Male,North Central,Urban,Primary,Informal,Informal,120603.72,0
04a9dac5,1,Male,North West,Rural,None,None,Not in Labor Force,0.0,1
7f21affa,54,Female,North East,Urban,Secondary,Informal,Self-employed,101692.4,0
e58b905d,94,Female,North Central,Urban,Tertiary,Retired/None,Not in Labor Force,0.0,1
d83f1258,45,Male,North Central,Urban,Tertiary,Professional,Wage-employed,1133789.32,0
2b7573e3,2,Male,North West,Urban,None,None,Not in Labor Force,0.0,1
8989a68c,0,Female,South East,Urban,None,None,Not in Labor Force,0.0,1
3e544b4b,64,Female,North East,Rural,Secondary,Informal,Self-employed,47951.71,1
397b14c3,40,Male,South West,Urban,Secondary,Informal,Self-employed,183047.11,0
06f8342d,37,Female,North East,Urban,Secondary,Informal,Self-employed,265108.17,0
1b025de9,20,Male,North Central,Rural,Primary,Agriculture,Informal,113896.68,0
e54b4f09,11,Female,North West,Rural,Primary,Student,Not in Labor Force,0.0,1
ec87ce7c,22,Male,South West,Urban,Secondary,Informal,Self-employed,77654.01,1
cef3dd4d,59,Male,North Central,Urban,Primary,Informal,Informal,38394.28,1
d5165cc4,7,Male,North West,Rural,None,Student,Not in Labor Force,0.0,1
b3d3fe2e,33,Male,North West,Rural,Secondary,Informal,Self-employed,113289.73,0
c93da753,70,Female,North Central,Urban,Secondary,Trade/Services,Self-employed,203383.57,0
0debc9c5,12,Female,North West,Rural,Primary,Student,Not in Labor Force,0.0,1
4b5dd948,37,Female,South West,Urban,Primary,Trade/Services,Informal,42328.86,1
6c822af8,14,Male,North Central,Rural,None,Student,Not in Labor Force,0.0,1
0bf6e654,46,Male,South West,Urban,None,Informal,Informal,96864.63,0
27ac8b07,24,Male,South South,Rural,None,Agriculture,Informal,24971.94,1
2e781fe1,41,Male,North Central,Urban,Primary,Informal,Informal,152742.17,0
ba2cfd9b,63,Female,South East,Urban,Primary,Trade/Services,Informal,57367.34,1
7e0f4a1c,0,Male,South East,Rural,None,None,Not in Labor Force,0.0,1
94029f7e,53,Female,South South,Rural,Secondary,Manufacturing,Self-employed,89463.31,1
c1d9c83a,43,Female,North West,Rural,Tertiary,Professional,Wage-employed,498116.99,0
a90d1f5b,10,Male,South East,Rural,Primary,Student,Not in Labor Force,0.0,1
b07ba1a4,59,Female,South South,Rural,Secondary,Unemployed,Self-employed,156799.32,0
c14ca5fc,17,Male,North East,Rural,Tertiary,Professional,Wage-employed,394103.05,0
478191c2,2,Male,North East,Rural,None,None,Not in Labor Force,0.0,1
eeac48e4,61,Female,South South,Urban,Secondary,Manufacturing,Self-employed,247134.83,0
470c0a35,51,Male,South West,Urban,Secondary,Trade/Services,Self-employed,170318.92,0
3111272e,14,Male,North East,Rural,None,Student,Not in Labor Force,0.0,1
452ef7b6,75,Female,South East,Urban,Primary,Retired/None,Not in Labor Force,0.0,1
28ac07e5,5,Male,North East,Urban,None,None,Not in Labor Force,0.0,1
6d5c0511,1,Female,North West,Urban,None,None,Not in Labor Force,0.0,1
372aa83e,2,Male,North Central,Rural,None,None,Not in Labor Force,0.0,1
b886a928,20,Male,South West,Urban,Primary,Trade/Services,Informal,192628.68,0
9174b1e8,17,Female,South East,Urban,Secondary,Informal,Self-employed,47740.22,1
ba07628e,13,Female,North Central,Urban,Primary,Student,Not in Labor Force,0.0,1
0379f64c,19,Male,South East,Urban,Secondary,Trade/Services,Self-employed,128574.01,0
56ddee72,23,Male,North East,Rural,Primary,Agriculture,Informal,56317.49,1
c3305adb,11,Female,South West,Urban,Primary,Student,Not in Labor Force,0.0,1
af356425,33,Male,North West,Urban,None,Trade/Services,Informal,70871.07,1
6ccd5b32,42,Female,North East,Rural,None,Agriculture,Informal,80697.05,1
a1702ee2,41,Female,South South,Rural,Primary,Informal,Informal,68077.2,1
53bcf05a,77,Female,North West,Urban,Secondary,Retired/None,Not in Labor Force,0.0,1
d1f6be4d,12,Female,South East,Rural,None,Student,Not in Labor Force,0.0,1
5772f302,70,Female,North East,Rural,Primary,Informal,Informal,98212.83,0
a9b92ade,57,Female,North West,Rural,None,Agriculture,Informal,29427.24,1
82bc4e30,35,Female,North West,Rural,None,Informal,Informal,236884.27,0
646571c2,10,Female,South West,Urban,Primary,Student,Not in Labor Force,0.0,1
ce04917a,60,Male,North East,Rural,None,Informal,Informal,47354.48,1
fed63c46,5,Male,South West,Urban,None,None,Not in Labor Force,0.0,1
f8a2e2cc,5,Female,South West,Urban,None,None,Not in Labor Force,0.0,1
53a5d514,0,Female,North East,Rural,None,None,Not in Labor Force,0.0,1
8f84345b,25,Male,North Central,Rural,None,Agriculture,Informal,71115.02,1
1c21e3ec,61,Male,North Central,Rural,None,Informal,Informal,52905.1,1
ef0908ee,55,Female,South South,Urban,Secondary,Informal,Self-employed,139893.96,0
fcd65f8b,31,Female,North East,Rural,Tertiary,Professional,Wage-employed,215142.03,0
63b3cfd7,7,Male,North West,Rural,None,Student,Not in Labor Force,0.0,1
5c669c50,53,Female,North East,Rural,Primary,Informal,Informal,67743.37,1
dfa59676,6,Female,South West,Urban,Primary,Student,Not in Labor Force,0.0,1
0cb65c13,44,Female,South West,Urban,Secondary,Trade/Services,Self-employed,188727.23,0
90dbba6a,35,Female,South South,Urban,Secondary,Manufacturing,Self-employed,31538.35,1
cf00b939,15,Male,South South,Rural,Secondary,Manufacturing,Self-employed,81054.04,1
d62f5ecb,39,Female,North East,Rural,None,Agriculture,Informal,48052.64,1
f82720d6,10,Female,North Central,Urban,Primary,Student,Not in Labor Force,0.0,1
88bfe3d9,22,Female,South West,Urban,Primary,Informal,Informal,325344.89,0
506083b9,19,Male,South South,Urban,Primary,Trade/Services,Informal,135407.32,0
c059711c,44,Male,North East,Rural,None,Agriculture,Informal,147271.89,0
21648173,2,Male,North Central,Urban,None,None,Not in Labor Force,0.0,1
5e19170e,22,Male,South South,Urban,Tertiary,Professional,Wage-employed,559539.57,0
7a735a12,63,Female,North East,Rural,None,Agriculture,Informal,62907.12,1
110f984a,2,Female,North Central,Urban,None,None,Not in Labor Force,0.0,1
6ec1d847,11,Female,South South,Urban,Primary,Student,Not in Labor Force,0.0,1
32754a24,44,Female,South East,Urban,Secondary,Informal,Self-employed,165792.85,0
2caa2d81,29,Male,North West,Rural,Primary,Informal,Informal,117451.96,0
b9be416a,3,Female,North East,Urban,None,None,Not in Labor Force,0.0,1
337921a5,6,Female,North East,Urban,Primary,Student,Not in Labor Force,0.0,1
8d01963f,11,Female,South South,Rural,None,Student,Not in Labor Force,0.0,1
c4c33bbd,10,Female,South South,Rural,None,Student,Not in Labor Force,0.0,1
eb504cf6,27,Female,South East,Rural,Primary,Agriculture,Informal,171111.55,0
9b240df0,28,Female,North Central,Urban,Primary,Trade/Services,Informal,96880.23,0
80c7a47a,51,Male,North West,Urban,Tertiary,Professional,Wage-employed,275471.97,0
aa589555,62,Female,South West,Urban,Tertiary,Professional,Wage-employed,697142.14,0
6dfedee9,13,Female,North East,Rural,Secondary,Student,Not in Labor Force,0.0,1
acff3e7a,53,Male,South West,Rural,Primary,Informal,Informal,35885.75,1
81bfa69b,61,Female,South West,Rural,Secondary,Trade/Services,Self-employed,124771.43,0
13a23477,77,Female,North Central,Urban,Primary,Retired/None,Not in Labor Force,0.0,1
9b746e4f,30,Female,South South,Rural,Tertiary,Professional,Wage-employed,446318.56,0
7a2d6443,11,Female,North West,Rural,None,Student,Not in Labor Force,0.0,1
aedee590,21,Female,South West,Urban,Primary,Informal,Informal,75747.02,1
cbc8496a,6,Male,North Central,Urban,Primary,Student,Not in Labor Force,0.0,1
b7d966ce,41,Male,South West,Urban,Secondary,Unemployed,Self-employed,77428.31,1
270e397f,12,Female,South West,Urban,Tertiary,Student,Not in Labor Force,0.0,1
0a04950d,12,Female,North West,Rural,None,Student,Not in Labor Force,0.0,1
be222a71,49,Female,North East,Rural,Secondary,Trade/Services,Self-employed,75152.1,1
7e6ea76e,14,Male,North West,Rural,Primary,Student,Not in Labor Force,0.0,1
6ad53fb2,42,Male,North West,Rural,Primary,Agriculture,Informal,49520.78,1
ba143104,2,Female,South West,Urban,None,None,Not in Labor Force,0.0,1
b4482ade,21,Male,North West,Rural,Secondary,Unemployed,Self-employed,52462.01,1
b1cf37b3,64,Female,North Central,Rural,None,Agriculture,Informal,47493.22,1
aa54ab66,60,Female,North West,Rural,None,Informal,Informal,25054.82,1
3077eb8c,1,Female,South West,Urban,None,None,Not in Labor Force,0.0,1
865de9d9,2,Male,South West,Urban,None,None,Not in Labor Force,0.0,1
6a39d634,13,Female,North East,Urban,None,Student,Not in Labor Force,0.0,1
956c86b9,3,Female,South West,Urban,None,None,Not in Labor Force,0.0,1
b10721aa,46,Male,South East,Urban,Secondary,Informal,Self-employed,189980.51,0
dbe43011,52,Male,North West,Rural,None,Agriculture,Informal,73130.77,1
11b0f46c,54,Male,South West,Urban,Primary,Trade/Services,Informal,94789.98,1
23e9157d,46,Male,North East,Rural,Secondary,Trade/Services,Self-employed,78312.42,1
d17c0332,40,Female,North West,Rural,None,Informal,Informal,51470.83,1
6335e88f,53,Female,North Central,Rural,None,Informal,Informal,36411.24,1
19bcd551,3,Female,North West,Urban,None,None,Not in Labor Force,0.0,1
8349d894,32,Female,South East,Rural,Secondary,Informal,Self-employed,133666.4,0
e42ecd8b,64,Female,North West,Urban,Primary,Informal,Informal,35785.43,1
d2227b50,29,Male,North West,Urban,Tertiary,Professional,Wage-employed,420945.45,0
47450b51,3,Female,North Central,Rural,None,None,Not in Labor Force,0.0,1
9452f5af,36,Female,South West,Urban,Secondary,Manufacturing,Self-employed,91106.23,1
f60a2f48,36,Female,South West,Urban,Secondary,Unemployed,Self-employed,382462.63,0
cb6ccd78,35,Female,North East,Rural,Primary,Informal,Informal,82130.9,1
5e089d6f,16,Female,South East,Urban,None,Trade/Services,Informal,80800.04,1
8b6e1bc4,7,Female,South South,Urban,Primary,Student,Not in Labor Force,0.0,1
b910ea33,85,Female,North Central,Urban,None,Retired/None,Not in Labor Force,0.0,1
d26e45bb,10,Male,South East,Urban,Primary,Student,Not in Labor Force,0.0,1
7a44ef28,1,Female,North Central,Rural,None,None,Not in Labor Force,0.0,1
cab72fbe,6,Female,North West,Urban,Primary,Student,Not in Labor Force,0.0,1
692d9ec7,27,Male,North East,Rural,None,Agriculture,Informal,30834.4,1
6511a7be,55,Male,North West,Urban,Primary,Informal,Informal,35663.7,1
afbcc1c1,8,Female,South South,Urban,None,Student,Not in Labor Force,0.0,1
51b7046d,63,Male,North West,Rural,Secondary,Manufacturing,Self-employed,132917.0,0
0deb4a99,6,Male,South West,Urban,Primary,Student,Not in Labor Force,0.0,1
0f318924,55,Female,North East,Rural,None,Agriculture,Informal,176182.77,0
005b58e5,15,Female,South West,Urban,Secondary,Manufacturing,Self-employed,170309.4,0
557df4a4,16,Female,North West,Rural,None,Agriculture,Informal,66514.44,1
338c4003,3,Male,South East,Urban,None,None,Not in Labor Force,0.0,1
201cfac8,78,Male,North West,Rural,Primary,Retired/None,Not in Labor Force,0.0,1
a8dc979c,46,Male,South South,Rural,Primary,Agriculture,Informal,67093.88,1
64bdbea3,3,Male,South East,Rural,None,None,Not in Labor Force,0.0,1
13527157,16,Male,South West,Rural,Primary,Agriculture,Informal,63691.8,1
c776e3da,7,Female,North West,Rural,Primary,Student,Not in Labor Force,0.0,1
6c4455cd,64,Female,North West,Rural,Secondary,Trade/Services,Self-employed,111524.86,0
f2cb83ba,2,Male,South South,Urban,None,None,Not in Labor Force,0.0,1
65932023,28,Male,North West,Rural,None,Agriculture,Informal,39691.98,1
0fae5816,34,Female,North West,Rural,None,Agriculture,Informal,33384.92,1
bf0044fd,8,Female,North Central,Urban,Primary,Student,Not in Labor Force,0.0,1
68ec5a47,9,Male,North East,Rural,Primary,Student,Not in Labor Force,0.0,1
49ed0cc8,0,Female,North West,Rural,None,None,Not in Labor Force,0.0,1
6c36ca5a,22,Male,South West,Rural,Primary,Agriculture,Informal,63929.74,1
aa8a98bf,11,Male,North East,Rural,Primary,Student,Not in Labor Force,0.0,1
4f7c5065,60,Male,North West,Rural,Primary,Agriculture,Informal,146686.16,0
4f4a3508,4,Female,North Central,Urban,None,None,Not in Labor Force,0.0,1
2c9793c3,6,Male,North East,Urban,Primary,Student,Not in Labor Force,0.0,1
2635a8a2,46,Male,South West,Urban,Secondary,Trade/Services,Self-employed,212398.26,0
6f497ffd,7,Male,North West,Urban,Primary,Student,Not in Labor Force,0.0,1
332f4268,45,Female,South West,Urban,Tertiary,Professional,Wage-employed,190984.24,0
52a3f2b3,51,Male,North Central,Rural,Secondary,Unemployed,Self-employed,84701.32,1
a4da5424,30,Male,North Central,Urban,Secondary,Trade/Services,Self-employed,206364.21,0
714185a5,54,Male,North West,Urban,None,Trade/Services,Informal,200811.43,0
d171f275,56,Male,North West,Urban,None,Trade/Services,Informal,236752.95,0
2befeb13,10,Female,South East,Urban,Primary,Student,Not in Labor Force,0.0,1
d2bfccff,7,Male,North East,Rural,None,Student,Not in Labor Force,0.0,1
529b7c50,8,Male,South West,Urban,Primary,Student,Not in Labor Force,0.0,1
75938863,32,Female,South South,Urban,Tertiary,Trade/Services,Wage-employed,352769.53,0
9a24b35a,2,Male,South West,Rural,None,None,Not in Labor Force,0.0,1
6943cd98,63,Male,North East,Rural,None,Agriculture,Informal,98178.11,0
a5968896,84,Male,North East,Rural,None,Retired/None,Not in Labor Force,0.0,1
c15975e3,29,Female,South South,Rural,None,Agriculture,Informal,69533.44,1
2ba135b3,41,Female,South West,Urban,Secondary,Unemployed,Self-employed,124015.69,0
aea46419,0,Female,South West,Rural,None,None,Not in Labor Force,0.0,1
df093235,54,Female,North Central,Rural,Secondary,Trade/Services,Self-employed,102478.47,0
503b79c2,16,Female,South East,Urban,Primary,Informal,Informal,84522.68,1
b8e16d87,0,Female,South West,Urban,None,None,Not in Labor Force,0.0,1
e71395b4,1,Female,North East,Rural,None,None,Not in Labor Force,0.0,1
ff67c8eb,45,Male,South West,Urban,Secondary,Informal,Self-employed,269708.83,0
70b1b1e8,51,Male,North Central,Urban,Primary,Informal,Informal,34798.11,1
758d5b67,55,Female,North West,Urban,None,Informal,Informal,107032.49,0
1f144ed6,55,Female,South East,Urban,Secondary,Trade/Services,Self-employed,335591.79,0
089a2469,48,Male,North West,Rural,Secondary,Informal,Self-employed,233064.97,0
7d1f0530,48,Female,North Central,Rural,None,Agriculture,Informal,84236.54,1
c423b336,17,Male,North East,Rural,None,Agriculture,Informal,38016.28,1
1910c26b,0,Male,North East,Urban,None,None,Not in Labor Force,0.0,1
a7fac0d5,28,Male,North Central,Rural,Secondary,Trade/Services,Self-employed,157324.68,0
eccb57b3,28,Male,South South,Rural,None,Agriculture,Informal,132582.99,0
544559a2,60,Male,North Central,Rural,None,Agriculture,Informal,43954.74,1
0242e375,52,Female,North West,Urban,None,Informal,Informal,100164.23,0
dd0e4e05,49,Female,South West,Urban,Primary,Trade/Services,Informal,71456.06,1
e11ee6f8,15,Female,North West,Rural,None,Agriculture,Informal,41423.67,1
0d4e9e2c,62,Male,North West,Urban,Primary,Informal,Informal,66896.24,1
1377259f,43,Female,North West,Rural,None,Agriculture,Informal,64674.25,1
d50c2610,18,Male,North West,Rural,Primary,Agriculture,Informal,34511.86,1
d96b5625,12,Male,North Central,Urban,None,Student,Not in Labor Force,0.0,1
58920106,47,Female,North Central,Rural,Primary,Informal,Informal,31279.99,1
50b97985,0,Male,North West,Urban,None,None,Not in Labor Force,0.0,1
595e3a44,11,Male,South East,Rural,Primary,Student,Not in Labor Force,0.0,1
156ed5a1,64,Male,North West,Rural,None,Informal,Informal,35109.83,1
b7409aa4,40,Female,South South,Rural,None,Agriculture,Informal,72892.46,1
d157f080,22,Male,South West,Rural,Secondary,Unemployed,Self-employed,40966.59,1
e4dda00c,48,Female,North West,Rural,None,Agriculture,Informal,15832.38,1
7c58d48e,32,Female,South South,Rural,Secondary,Trade/Services,Self-employed,224920.5,0
2e85426c,45,Female,North East,Rural,Primary,Agriculture,Informal,32599.99,1
4cc5b98d,41,Female,North Central,Urban,Primary,Trade/Services,Informal,71940.49,1
e9b7cb0f,9,Male,North East,Urban,Primary,Student,Not in Labor Force,0.0,1
32450f42,9,Male,South West,Urban,None,Student,Not in Labor Force,0.0,1
adea5933,7,Male,North Central,Urban,None,Student,Not in Labor Force,0.0,1
ae65e0a1,26,Male,North West,Rural,None,Informal,Informal,104127.71,0
fb54d0cd,5,Female,North West,Rural,None,None,Not in Labor Force,0.0,1
06250821,11,Male,South West,Urban,Primary,Student,Not in Labor Force,0.0,1
76ccc3ba,10,Male,North West,Rural,Primary,Student,Not in Labor Force,0.0,1
6a3bf50c,84,Female,North West,Rural,None,Retired/None,Not in Labor Force,0.0,1
ffb4c202,2,Female,North Central,Rural,None,None,Not in Labor Force,0.0,1
d7b98001,15,Female,South East,Urban,Primary,Trade/Services,Informal,34099.72,1
99456c11,10,Female,North East,Rural,None,Student,Not in Labor Force,0.0,1
5ab30fff,17,Female,North East,Rural,Secondary,Informal,Self-employed,41619.95,1
e0dadbb7,11,Female,South East,Rural,None,Student,Not in Labor Force,0.0,1
36767574,13,Male,North West,Rural,Tertiary,Student,Not in Labor Force,0.0,1
9c38416f,23,Female,South West,Urban,None,Informal,Informal,55295.68,1
ee8a1763,4,Female,South South,Urban,None,None,Not in Labor Force,0.0,1
c1330801,12,Male,South East,Urban,Primary,Student,Not in Labor Force,0.0,1
253eab88,5,Male,North West,Urban,None,None,Not in Labor Force,0.0,1
a5c6f5f6,4,Female,North East,Urban,None,None,Not in Labor Force,0.0,1
a68b0a04,0,Female,North West,Urban,None,None,Not in Labor Force,0.0,1
10b4e948,9,Male,South South,Rural,None,Student,Not in Labor Force,0.0,1
65853840,63,Male,South South,Urban,None,Trade/Services,Informal,143886.89,0
5277eeab,18,Female,North West,Rural,None,Informal,Informal,59101.53,1
cc6a6da2,29,Female,South West,Urban,Tertiary,Trade/Services,Wage-employed,398377.1,0
1043deca,2,Male,South East,Rural,None,None,Not in Labor Force,0.0,1
ad93e64e,41,Male,North West,Rural,Secondary,Unemployed,Self-employed,82681.09,1
1a2d4341,7,Female,North West,Rural,None,Student,Not in Labor Force,0.0,1
8ec42a8e,11,Male,North West,Urban,None,Student,Not in Labor Force,0.0,1
b1a9410a,37,Female,North Central,Rural,Primary,Agriculture,Informal,83891.61,1
a088dc14,14,Male,South South,Urban,Tertiary,Student,Not in Labor Force,0.0,1
8cacb74d,10,Male,South South,Rural,Primary,Student,Not in Labor Force,0.0,1
97aad350,45,Male,North West,Rural,Primary,Agriculture,Informal,141366.05,0
fd534ba9,53,Male,North West,Rural,None,Informal,Informal,358762.07,0
bba4e2a8,61,Male,North Central,Urban,None,Trade/Services,Informal,73950.31,1
80645b68,22,Male,South East,Urban,Secondary,Trade/Services,Self-employed,332890.44,0
8bb250e0,94,Female,South West,Urban,Primary,Retired/None,Not in Labor Force,0.0,1
20d8e31c,9,Male,North Central,Rural,Primary,Student,Not in Labor Force,0.0,1
7292d4a7,6,Female,South West,Urban,Primary,Student,Not in Labor Force,0.0,1
8d045891,9,Male,North West,Rural,Primary,Student,Not in Labor Force,0.0,1
53cfbe77,1,Female,North Central,Urban,None,None,Not in Labor Force,0.0,1
59d6ee7d,3,Male,South South,Rural,None,None,Not in Labor Force,0.0,1
f2387f91,61,Male,North West,Rural,None,Agriculture,Informal,109049.69,0
e3fc9272,57,Female,North Central,Urban,Primary,Informal,Informal,94863.72,1
30faedb4,36,Female,North East,Rural,None,Agriculture,Informal,15898.88,1
0172a9c2,2,Female,North Central,Urban,None,None,Not in Labor Force,0.0,1
4b921d02,29,Female,South West,Urban,Secondary,Informal,Self-employed,106220.0,0
ec3d5004,49,Female,South West,Rural,Secondary,Manufacturing,Self-employed,80582.92,1
15f979f1,61,Male,South South,Rural,Secondary,Trade/Services,Self-employed,122428.26,0
f77860aa,5,Female,North East,Rural,None,None,Not in Labor Force,0.0,1
7d0eb0c0,47,Female,North Central,Urban,None,Informal,Informal,71791.4,1
1d769ba0,13,Female,North West,Rural,Secondary,Student,Not in Labor Force,0.0,1
40d4efab,0,Female,South East,Urban,None,None,Not in Labor Force,0.0,1
8e738e7e,4,Male,North East,Rural,None,None,Not in Labor Force,0.0,1
551df2b2,63,Male,South East,Urban,Secondary,Manufacturing,Self-employed,95042.61,1
c9341eeb,40,Female,North East,Rural,Secondary,Informal,Self-employed,333702.77,0
90abdb12,7,Female,North West,Rural,Primary,Student,Not in Labor Force,0.0,1
c9b9af72,1,Female,North West,Rural,None,None,Not in Labor Force,0.0,1
83def154,30,Female,South South,Urban,Secondary,Trade/Services,Self-employed,292116.01,0
5404d93c,5,Male,North East,Rural,None,None,Not in Labor Force,0.0,1
af6b09c4,9,Male,North West,Rural,None,Student,Not in Labor Force,0.0,1
14ab8ea2,9,Male,North West,Rural,Primary,Student,Not in Labor Force,0.0,1
b2979aff,51,Female,North East,Rural,None,Agriculture,Informal,17788.47,1
2f254c59,9,Female,North West,Rural,Primary,Student,Not in Labor Force,0.0,1
4603587f,11,Male,North Central,Urban,Primary,Student,Not in Labor Force,0.0,1
44b75aa7,11,Female,North West,Rural,None,Student,Not in Labor Force,0.0,1
dcf02008,34,Male,North Central,Urban,Secondary,Informal,Self-employed,112571.92,0
7462eb3f,63,Male,North West,Rural,Secondary,Trade/Services,Self-employed,144141.93,0
f0ad5b7f,28,Female,North Central,Rural,Primary,Agriculture,Informal,133058.48,0
d3b14543,13,Male,South West,Urban,Tertiary,Student,Not in Labor Force,0.0,1
61182a86,49,Female,North West,Rural,None,Agriculture,Informal,46537.51,1
66c2d68b,12,Female,North East,Rural,None,Student,Not in Labor Force,0.0,1
5757e4a0,26,Female,North East,Rural,None,Informal,Informal,52616.12,1
7567f364,32,Male,North West,Rural,None,Informal,Informal,63377.91,1
502c09a2,58,Male,South West,Urban,Secondary,Informal,Self-employed,198215.18,0
01a9d664,16,Female,South West,Rural,Secondary,Trade/Services,Self-employed,39288.14,1
3ddc7571,16,Female,South West,Urban,Primary,Informal,Informal,24119.44,1
9916971c,10,Female,North West,Rural,None,Student,Not in Labor Force,0.0,1
05d19491,31,Male,North East,Urban,Secondary,Trade/Services,Self-employed,282866.46,0
e8ac4c5a,9,Male,North West,Urban,None,Student,Not in Labor Force,0.0,1
1a9a6174,32,Female,North Central,Rural,None,Agriculture,Informal,33055.89,1
6a236e5a,5,Female,North Central,Urban,None,None,Not in Labor Force,0.0,1
3b225e10,2,Male,North East,Rural,None,None,Not in Labor Force,0.0,1
3aff489d,9,Male,South East,Urban,Primary,Student,Not in Labor Force,0.0,1
fb63fab4,4,Female,North West,Urban,None,None,Not in Labor Force,0.0,1
98769f1e,15,Male,South South,Urban,Secondary,Trade/Services,Self-employed,476201.2,0
569cf8cc,38,Male,North West,Urban,None,Informal,Informal,48139.41,1
1669cac7,12,Male,South East,Rural,None,Student,Not in Labor Force,0.0,1
396a4a66,3,Male,North East,Rural,None,None,Not in Labor Force,0.0,1
bc3e2722,39,Female,South South,Urban,Tertiary,Manufacturing,Wage-employed,358263.97,0
9da3871a,3,Male,North West,Urban,None,None,Not in Labor Force,0.0,1
07ecf89f,45,Male,North East,Urban,None,Informal,Informal,100826.84,0
a9edcae0,45,Male,North East,Urban,Primary,Informal,Informal,22490.0,1
5bca0116,16,Male,South South,Rural,Primary,Agriculture,Informal,333912.67,0
f5e7a340,33,Female,South South,Rural,Secondary,Trade/Services,Self-employed,77886.03,1
85a593d6,4,Male,North West,Rural,None,None,Not in Labor Force,0.0,1
c9d4ddb0,26,Female,South West,Rural,None,Informal,Informal,36202.84,1
33f63929,9,Male,North Central,Rural,Primary,Student,Not in Labor Force,0.0,1
b7fc9c0f,14,Male,North West,Rural,None,Student,Not in Labor Force,0.0,1
44cf4eb7,59,Male,North West,Rural,Primary,Agriculture,Informal,29737.96,1
e3329cf7,36,Male,South South,Rural,Secondary,Informal,Self-employed,122645.34,0
83c61bbf,37,Female,North Central,Rural,None,Informal,Informal,71290.09,1
08b673cc,37,Male,North West,Urban,None,Informal,Informal,40962.9,1
fa54a68c,29,Female,North West,Rural,None,Agriculture,Informal,26287.14,1
84dac13d,40,Male,North East,Rural,Tertiary,Professional,Wage-employed,558580.36,0
16c91098,17,Male,North Central,Rural,Secondary,Unemployed,Self-employed,66607.71,1
b540a721,6,Male,North East,Urban,None,Student,Not in Labor Force,0.0,1
06e11635,34,Female,North Central,Rural,Primary,Agriculture,Informal,21319.77,1
5b1b9d51,12,Male,North West,Rural,Primary,Student,Not in Labor Force,0.0,1
c48db040,59,Male,North East,Urban,None,Informal,Informal,73957.58,1
11adf6a5,54,Male,North West,Rural,None,Agriculture,Informal,47049.91,1
11b9256b,53,Male,South South,Rural,Secondary,Trade/Services,Self-employed,318067.2,0
c081563a,7,Female,North West,Urban,None,Student,Not in Labor Force,0.0,1
42872116,7,Female,South East,Rural,Primary,Student,Not in Labor Force,0.0,1
be202e8b,32,Female,North East,Rural,Primary,Agriculture,Informal,43769.35,1
69340123,8,Female,North Central,Rural,None,Student,Not in Labor Force,0.0,1
9a24a414,20,Female,North East,Rural,Secondary,Trade/Services,Self-employed,82048.38,1
e2ab63c2,10,Male,South West,Urban,None,Student,Not in Labor Force,0.0,1
88b4861c,3,Female,South East,Urban,None,None,Not in Labor Force,0.0,1
24631c58,14,Male,North East,Rural,None,Student,Not in Labor Force,0.0,1
9c03f720,51,Male,North West,Rural,Primary,Informal,Informal,68300.59,1
5471433d,19,Female,South West,Urban,Secondary,Informal,Self-employed,94606.26,1
9b954c8c,6,Female,North West,Rural,None,Student,Not in Labor Force,0.0,1
6d658f3e,13,Female,South West,Urban,Secondary,Student,Not in Labor Force,0.0,1
cbf70d89,8,Female,North West,Urban,Primary,Student,Not in Labor Force,0.0,1
fbfc2f84,6,Male,South West,Rural,Primary,Student,Not in Labor Force,0.0,1
cebee89b,55,Male,North Central,Rural,None,Informal,Informal,78008.58,1
46c59e66,34,Male,North West,Rural,Tertiary,Professional,Wage-employed,161115.51,0
547f78a2,9,Female,South West,Urban,Primary,Student,Not in Labor Force,0.0,1
909cf75c,13,Female,North Central,Urban,Primary,Student,Not in Labor Force,0.0,1
7f26291a,90,Male,North West,Rural,Primary,Retired/None,Not in Labor Force,0.0,1
2af2c4d8,18,Male,North East,Urban,Primary,Trade/Services,Informal,70011.33,1
bd7b6038,52,Male,North Central,Urban,Secondary,Trade/Services,Self-employed,170090.91,0
b422cef8,7,Female,North West,Rural,None,Student,Not in Labor Force,0.0,1
247a3c0e,28,Female,South South,Rural,None,Agriculture,Informal,118489.83,0
e240ee00,8,Male,South West,Urban,None,Student,Not in Labor Force,0.0,1
854bd8b0,15,Female,North West,Urban,Tertiary,Trade/Services,Wage-employed,281612.62,0
fadd1d6a,81,Female,South East,Rural,Primary,Retired/None,Not in Labor Force,0.0,1
a3b0e841,12,Male,North East,Rural,None,Student,Not in Labor Force,0.0,1
90375b62,7,Female,South West,Urban,Primary,Student,Not in Labor Force,0.0,1
43403d61,10,Male,North East,Rural,None,Student,Not in Labor Force,0.0,1
0bed3324,6,Male,South West,Urban,Primary,Student,Not in Labor Force,0.0,1
23b03ca4,8,Male,South West,Rural,Primary,Student,Not in Labor Force,0.0,1
5388c0a9,10,Female,South West,Urban,None,Student,Not in Labor Force,0.0,1
aaf04d93,49,Female,North West,Rural,Primary,Agriculture,Informal,41819.75,1
3d8c71db,26,Male,North East,Rural,None,Agriculture,Informal,150955.29,0
09ed3645,4,Female,North East,Rural,None,None,Not in Labor Force,0.0,1
4fc5c0b5,17,Male,North West,Rural,None,Informal,Informal,42997.95,1
b74e41ee,14,Female,North East,Rural,Primary,Student,Not in Labor Force,0.0,1
fe2509d6,35,Female,South West,Rural,None,Agriculture,Informal,57870.04,1
4bd7804a,9,Male,South East,Urban,Primary,Student,Not in Labor Force,0.0,1
5dbd9551,47,Male,North East,Urban,None,Trade/Services,Informal,225855.72,0
0f67592e,60,Female,North West,Rural,None,Agriculture,Informal,62347.22,1
579d5dec,20,Male,South East,Urban,Secondary,Informal,Self-employed,114845.93,0
023843d9,66,Female,South South,Urban,Secondary,Unemployed,Self-employed,120102.88,0
6cbff5e0,12,Male,North Central,Rural,Primary,Student,Not in Labor Force,0.0,1
e8b314a3,87,Female,North West,Rural,None,Retired/None,Not in Labor Force,0.0,1
ca7fbd18,7,Male,South West,Rural,None,Student,Not in Labor Force,0.0,1
84e03d81,0,Male,South East,Urban,None,None,Not in Labor Force,0.0,1
22a1c3cd,12,Male,North West,Urban,Tertiary,Student,Not in Labor Force,0.0,1
7cdc7db5,18,Female,South West,Urban,Primary,Informal,Informal,51830.23,1
c59a9cb1,10,Male,South West,Rural,None,Student,Not in Labor Force,0.0,1
b9cf45dd,18,Male,North East,Urban,Primary,Informal,Informal,105923.24,0
e81d2df8,43,Female,South West,Urban,Secondary,Trade/Services,Self-employed,76541.36,1
9b3c8ef6,51,Female,North Central,Urban,Primary,Trade/Services,Informal,128940.37,0
06008481,34,Male,South West,Urban,Tertiary,Trade/Services,Wage-employed,403983.5,0
d53b9232,55,Female,North Central,Rural,Primary,Informal,Informal,68960.16,1
fb23cd24,6,Female,North West,Urban,None,Student,Not in Labor Force,0.0,1
816a4d70,12,Male,South West,Urban,Tertiary,Student,Not in Labor Force,0.0,1
c4ba0542,1,Male,South West,Urban,None,None,Not in Labor Force,0.0,1
01115319,0,Female,South South,Rural,None,None,Not in Labor Force,0.0,1
eaaa5adf,8,Female,North East,Rural,None,Student,Not in Labor Force,0.0,1
fa158cd8,0,Male,North West,Rural,None,None,Not in Labor Force,0.0,1
d85401af,86,Male,South South,Urban,Secondary,Retired/None,Not in Labor Force,0.0,1
93592933,29,Male,South West,Urban,Secondary,Informal,Self-employed,376179.18,0
67a98ec2,14,Female,South South,Rural,Secondary,Student,Not in Labor Force,0.0,1
fb8a2f54,48,Male,North West,Urban,Secondary,Informal,Self-employed,55857.14,1
2349a6ad,3,Male,North East,Rural,None,None,Not in Labor Force,0.0,1
36d01a3e,51,Female,North West,Rural,Primary,Agriculture,Informal,60757.95,1
4f8f2c3d,41,Female,South East,Rural,Secondary,Trade/Services,Self-employed,144762.4,0
81120d66,36,Male,South South,Rural,Tertiary,Professional,Wage-employed,204896.41,0
a56c45de,2,Male,North Central,Rural,None,None,Not in Labor Force,0.0,1
0f710685,69,Male,North West,Rural,None,Agriculture,Informal,105944.41,0
9d959343,48,Male,North West,Rural,Secondary,Informal,Self-employed,71195.74,1
a22bf79a,53,Female,South West,Urban,Primary,Trade/Services,Informal,96275.95,1
0c4ca6f9,17,Female,North Central,Rural,None,Agriculture,Informal,55598.05,1
bc03f8fc,31,Male,South West,Rural,Secondary,Unemployed,Self-employed,108778.73,0
65898024,13,Male,North East,Urban,Primary,Student,Not in Labor Force,0.0,1
c796a16a,7,Female,North Central,Rural,Primary,Student,Not in Labor Force,0.0,1
ca148437,7,Female,North West,Urban,Primary,Student,Not in Labor Force,0.0,1
03dac38f,17,Male,South West,Rural,Secondary,Manufacturing,Self-employed,103194.34,0
1b867a80,59,Female,North Central,Rural,Primary,Agriculture,Informal,58736.73,1
55016aa1,6,Female,South South,Urban,Primary,Student,Not in Labor Force,0.0,1
c15cd806,89,Female,South West,Urban,Secondary,Retired/None,Not in Labor Force,0.0,1
4d3f8740,17,Female,North East,Rural,Primary,Agriculture,Informal,45067.64,1
87b34387,29,Female,North East,Rural,None,Informal,Informal,40182.11,1
bd601aff,43,Female,South South,Urban,Secondary,Trade/Services,Self-employed,161069.54,0
ff3c8cc5,64,Female,North West,Rural,Secondary,Informal,Self-employed,101887.41,0
d47dedff,12,Male,North East,Urban,Primary,Student,Not in Labor Force,0.0,1
fb82e660,24,Male,South South,Urban,Secondary,Trade/Services,Self-employed,87969.13,1
e82968cf,6,Female,South West,Urban,Primary,Student,Not in Labor Force,0.0,1
59244a22,53,Female,North Central,Rural,None,Agriculture,Informal,73572.79,1
337d2702,8,Female,North West,Rural,None,Student,Not in Labor Force,0.0,1
ae314dc0,51,Male,South East,Rural,Secondary,Trade/Services,Self-employed,74792.13,1
454d06f9,54,Female,North West,Urban,Primary,Informal,Informal,205512.88,0
dab0086c,13,Male,North West,Rural,Primary,Student,Not in Labor Force,0.0,1
1bfbcbd1,18,Male,North West,Urban,None,Informal,Informal,359873.62,0
219c0f4c,84,Male,North West,Urban,None,Retired/None,Not in Labor Force,0.0,1
658b4ae5,42,Male,South South,Urban,None,Informal,Informal,185986.27,0
34d800d0,28,Male,South West,Urban,None,Informal,Informal,179870.91,0
9094d86a,58,Female,South West,Urban,Secondary,Informal,Self-employed,217184.05,0
282cfe99,1,Male,South South,Urban,None,None,Not in Labor Force,0.0,1
509f42f2,12,Male,North West,Rural,None,Student,Not in Labor Force,0.0,1
38a2c438,14,Male,North West,Urban,Tertiary,Student,Not in Labor Force,0.0,1
3022471e,47,Male,South West,Urban,Secondary,Trade/Services,Self-employed,117489.13,0
76ac74a4,3,Female,North Central,Rural,None,None,Not in Labor Force,0.0,1
a8bb8b39,53,Male,North Central,Urban,None,Informal,Informal,25862.87,1
de9f2f1a,42,Male,North West,Rural,None,Agriculture,Informal,32370.29,1
f6cb7e3c,39,Female,North Central,Urban,Secondary,Manufacturing,Self-employed,88783.52,1
8cb67814,46,Female,North East,Urban,None,Informal,Informal,166815.26,0
314e7a85,73,Female,North East,Rural,None,Retired/None,Not in Labor Force,0.0,1
f5dddae0,11,Female,North West,Urban,None,Student,Not in Labor Force,0.0,1
7fd94d21,45,Female,North East,Rural,None,Agriculture,Informal,69820.24,1
79ba4e49,31,Male,North East,Urban,Primary,Trade/Services,Informal,54409.06,1
2f9a765e,37,Female,North East,Rural,Primary,Informal,Informal,19789.13,1
840a9ac1,27,Female,South South,Rural,Primary,Agriculture,Informal,240599.3,0
9bf67f48,6,Female,South South,Urban,Primary,Student,Not in Labor Force,0.0,1
ca3c5a7f,9,Female,South West,Urban,Primary,Student,Not in Labor Force,0.0,1
da90e6bd,30,Female,South South,Urban,Primary,Trade/Services,Informal,111300.4,0
9349cefd,20,Male,South South,Rural,Secondary,Informal,Self-employed,170264.08,0
6046e1c9,62,Male,North East,Rural,Secondary,Trade/Services,Self-employed,71582.34,1
c9cf74f9,25,Female,North Central,Urban,None,Trade/Services,Informal,74371.84,1
94dc28e6,9,Female,South South,Urban,None,Student,Not in Labor Force,0.0,1
5a61c6e0,17,Male,South West,Urban,Tertiary,Professional,Wage-employed,325683.3,0
044d638c,42,Female,North West,Urban,Primary,Trade/Services,Informal,84002.52,1
0ca7fa57,55,Female,South West,Urban,Primary,Informal,Informal,244622.7,0
72d724a4,29,Male,North West,Rural,Primary,Informal,Informal,29069.11,1
f7d8cf9b,27,Female,North East,Rural,None,Agriculture,Informal,58409.95,1
d44592d5,9,Female,North West,Urban,Primary,Student,Not in Labor Force,0.0,1
969d86c4,59,Male,North West,Urban,None,Trade/Services,Informal,100360.57,0
2ffd169d,31,Female,North West,Urban,Primary,Informal,Informal,75350.79,1
5f30cf05,21,Male,South South,Urban,Secondary,Trade/Services,Self-employed,242121.49,0
997f7b54,42,Male,North East,Rural,Primary,Agriculture,Informal,21133.47,1
7c4baa2e,5,Male,North West,Urban,None,None,Not in Labor Force,0.0,1
0015ebd5,12,Female,North West,Urban,Tertiary,Student,Not in Labor Force,0.0,1
67f14df3,11,Male,South West,Urban,Primary,Student,Not in Labor Force,0.0,1
cf3ab0d1,31,Male,South South,Rural,Primary,Agriculture,Informal,185398.24,0
49c7d641,14,Female,North West,Rural,Primary,Student,Not in Labor Force,0.0,1
dc8d6f4f,3,Male,North West,Rural,None,None,Not in Labor Force,0.0,1
d349fdfe,42,Female,North Central,Urban,Primary,Informal,Informal,35514.22,1
41fecb9e,14,Female,South West,Rural,None,Student,Not in Labor Force,0.0,1
252f7386,78,Female,North East,Urban,Secondary,Retired/None,Not in Labor Force,0.0,1
75644b16,25,Female,North East,Rural,None,Agriculture,Informal,30392.02,1
6a381e6b,45,Male,North Central,Rural,Primary,Agriculture,Informal,45721.69,1
01addd9e,3,Male,North East,Rural,None,None,Not in Labor Force,0.0,1
4e0bb024,2,Female,South South,Rural,None,None,Not in Labor Force,0.0,1
ddbd6b9e,48,Female,North West,Rural,None,Agriculture,Informal,40596.96,1
7fe7488f,41,Male,North West,Urban,Secondary,Informal,Self-employed,171905.82,0
39df3088,24,Female,South East,Rural,Secondary,Trade/Services,Self-employed,118802.19,0
2cd3fc5b,13,Male,South East,Urban,Tertiary,Student,Not in Labor Force,0.0,1
8ba2452c,59,Female,North West,Urban,Secondary,Unemployed,Self-employed,142647.84,0
755dade8,34,Female,South South,Urban,Secondary,Informal,Self-employed,56912.54,1
acd3461b,43,Female,South West,Urban,Primary,Trade/Services,Informal,74334.36,1
dbf3d79e,43,Female,North East,Urban,Primary,Trade/Services,Informal,81784.22,1
206a0b71,37,Female,North Central,Rural,None,Agriculture,Informal,125412.63,0
4d13c72d,64,Male,North East,Rural,None,Agriculture,Informal,67485.37,1
784a9081,4,Female,North West,Urban,None,None,Not in Labor Force,0.0,1
c52a40b1,62,Female,North East,Rural,None,Agriculture,Informal,75327.04,1
9abddd82,10,Female,South West,Rural,Primary,Student,Not in Labor Force,0.0,1
b1d4794e,9,Female,South East,Rural,Primary,Student,Not in Labor Force,0.0,1
663b0e58,8,Male,North East,Rural,None,Student,Not in Labor Force,0.0,1
4b62708d,11,Female,North East,Rural,None,Student,Not in Labor Force,0.0,1
25f98a43,13,Female,North Central,Urban,Primary,Student,Not in Labor Force,0.0,1
f8d9d23e,12,Male,South West,Urban,None,Student,Not in Labor Force,0.0,1
a8dbec2c,47,Male,South East,Urban,Secondary,Manufacturing,Self-employed,432568.9,0
01731ea5,32,Female,North East,Rural,None,Agriculture,Informal,29849.88,1
7a288ee2,13,Male,South West,Rural,Tertiary,Student,Not in Labor Force,0.0,1
17fc91f9,36,Male,North East,Rural,Tertiary,Trade/Services,Wage-employed,234951.74,0
db84a89c,35,Male,South West,Urban,Secondary,Manufacturing,Self-employed,67406.05,1
fc7c1884,0,Female,North West,Urban,None,None,Not in Labor Force,0.0,1
f882e91a,0,Female,North East,Rural,None,None,Not in Labor Force,0.0,1
c0539c2d,57,Male,North Central,Rural,Secondary,Informal,Self-employed,258826.09,0
66936a7b,29,Female,South South,Urban,Secondary,Unemployed,Self-employed,363998.93,0
37763216,50,Female,South West,Urban,Secondary,Unemployed,Self-employed,333405.79,0
9d32c49f,14,Male,South South,Rural,Tertiary,Student,Not in Labor Force,0.0,1
22a4a00f,5,Male,North West,Rural,None,None,Not in Labor Force,0.0,1
de5b9da4,5,Female,North Central,Rural,None,None,Not in Labor Force,0.0,1
c8b6be79,9,Male,North Central,Rural,Primary,Student,Not in Labor Force,0.0,1
d72d39c5,13,Female,South West,Urban,Tertiary,Student,Not in Labor Force,0.0,1
8857f0b5,5,Male,South East,Rural,None,None,Not in Labor Force,0.0,1
e2b35465,47,Male,South East,Urban,Secondary,Trade/Services,Self-employed,185060.54,0
6b30c713,55,Female,South West,Urban,Tertiary,Trade/Services,Wage-employed,502977.66,0
eb7a6abb,10,Male,South West,Urban,Primary,Student,Not in Labor Force,0.0,1
363aa24d,53,Female,South South,Urban,Secondary,Manufacturing,Self-employed,101232.5,0
63ac8c39,6,Male,North East,Rural,None,Student,Not in Labor Force,0.0,1
ae51f3c3,57,Male,South East,Urban,Secondary,Manufacturing,Self-employed,211432.26,0
ab440077,6,Male,South South,Rural,Primary,Student,Not in Labor Force,0.0,1
47fa6a43,16,Male,North Central,Urban,Secondary,Informal,Self-employed,61770.38,1
2fccd695,66,Male,South West,Urban,Primary,Trade/Services,Informal,37389.0,1
a9039426,52,Male,North East,Rural,Secondary,Manufacturing,Self-employed,76732.19,1
50322c5b,6,Female,North West,Urban,Primary,Student,Not in Labor Force,0.0,1
b9cd2e22,43,Female,South West,Urban,Primary,Informal,Informal,250747.22,0
303c4eae,3,Male,North West,Rural,None,None,Not in Labor Force,0.0,1
f9e07f5b,60,Female,North Central,Rural,None,Agriculture,Informal,43999.2,1
9f92eeb8,17,Male,South South,Urban,Tertiary,Trade/Services,Wage-employed,319008.41,0
78c2f8d9,53,Male,North West,Rural,None,Agriculture,Informal,71158.37,1
080e64d5,21,Female,North West,Urban,Tertiary,Trade/Services,Wage-employed,686367.06,0
0738fc54,50,Male,South West,Urban,Primary,Informal,Informal,171306.98,0
4b54457e,12,Male,North East,Rural,None,Student,Not in Labor Force,0.0,1
23b5143e,51,Male,North Central,Urban,Tertiary,Trade/Services,Wage-employed,204387.76,0
85a1150e,0,Female,North Central,Urban,None,None,Not in Labor Force,0.0,1
30062eca,50,Female,North West,Rural,Secondary,Informal,Self-employed,93152.67,1
a6a4d34d,37,Male,North West,Rural,Secondary,Trade/Services,Self-employed,112950.86,0
0fc3b697,59,Male,South South,Urban,None,Informal,Informal,98209.61,0
251f08e9,30,Female,North West,Rural,None,Agriculture,Informal,100657.22,0
422fcba1,62,Female,North Central,Rural,None,Agriculture,Informal,97934.13,0
edfaf4fe,14,Male,South South,Urban,Secondary,Student,Not in Labor Force,0.0,1
fb1a135c,48,Male,South East,Rural,Primary,Agriculture,Informal,60797.06,1
c6866def,1,Male,North West,Rural,None,None,Not in Labor Force,0.0,1
3ed0b288,15,Female,North Central,Rural,Tertiary,Trade/Services,Wage-employed,592098.04,0
5d498253,1,Female,South West,Urban,None,None,Not in Labor Force,0.0,1
38f5dfe8,9,Male,South West,Urban,Primary,Student,Not in Labor Force,0.0,1
36f0a037,54,Male,South East,Rural,Secondary,Trade/Services,Self-employed,176534.4,0
e6813aa5,10,Female,North Central,Rural,None,Student,Not in Labor Force,0.0,1
b2836a50,29,Female,North West,Rural,Primary,Agriculture,Informal,102030.71,0
dffabd29,0,Female,North Central,Urban,None,None,Not in Labor Force,0.0,1
c92a69b5,0,Male,South West,Urban,None,None,Not in Labor Force,0.0,1
fe57e72a,58,Female,South West,Urban,Secondary,Manufacturing,Self-employed,97024.12,0
2aa6d00c,9,Female,North West,Rural,None,Student,Not in Labor Force,0.0,1
de0ebc45,3,Male,North West,Urban,None,None,Not in Labor Force,0.0,1
8edbac43,20,Female,South South,Urban,Tertiary,Trade/Services,Wage-employed,613992.91,0
ff5b3950,7,Female,North West,Rural,Primary,Student,Not in Labor Force,0.0,1
ff4a5d26,59,Female,North East,Rural,None,Informal,Informal,123271.02,0
82d2678a,1,Female,South East,Rural,None,None,Not in Labor Force,0.0,1
59e40a88,12,Male,North Central,Rural,Primary,Student,Not in Labor Force,0.0,1
f015d4f3,46,Male,North West,Urban,Primary,Informal,Informal,59378.66,1
8d91bf43,2,Male,North Central,Rural,None,None,Not in Labor Force,0.0,1
2cf5b388,5,Female,South West,Urban,None,None,Not in Labor Force,0.0,1
629d3356,9,Male,North Central,Rural,None,Student,Not in Labor Force,0.0,1
790cd42e,3,Female,South South,Urban,None,None,Not in Labor Force,0.0,1
fb552fdf,58,Male,North East,Urban,None,Informal,Informal,87459.87,1
3faa0e7e,1,Female,South West,Urban,None,None,Not in Labor Force,0.0,1
7f8be997,53,Female,North West,Rural,None,Agriculture,Informal,153100.17,0
7b204288,34,Female,North East,Rural,Secondary,Trade/Services,Self-employed,125228.36,0
6905cd10,38,Female,South West,Urban,Tertiary,Trade/Services,Wage-employed,379757.76,0
83463de9,38,Female,North West,Rural,Primary,Agriculture,Informal,143912.71,0
42631fa2,6,Male,South West,Urban,Primary,Student,Not in Labor Force,0.0,1
c333e9f7,90,Male,North West,Rural,Secondary,Retired/None,Not in Labor Force,0.0,1
96333429,8,Male,North West,Rural,None,Student,Not in Labor Force,0.0,1
55717ea8,50,Female,North Central,Rural,None,Informal,Informal,45147.97,1
5ed87528,21,Male,South West,Urban,Secondary,Trade/Services,Self-employed,48161.95,1
41658ce9,9,Female,North West,Rural,None,Student,Not in Labor Force,0.0,1
3067a3a8,61,Male,South South,Urban,Secondary,Trade/Services,Self-employed,83491.44,1
d9644ea4,26,Female,North West,Rural,Secondary,Informal,Self-employed,195165.98,0
89a6c902,0,Female,North West,Rural,None,None,Not in Labor Force,0.0,1
9a75426b,3,Female,North West,Rural,None,None,Not in Labor Force,0.0,1
5f2b2159,64,Female,North West,Rural,None,Informal,Informal,81831.39,1
420e9fb5,39,Male,North West,Urban,Primary,Trade/Services,Informal,84192.99,1
8e93b6f6,80,Male,South East,Urban,Tertiary,Retired/None,Not in Labor Force,0.0,1
3a0106b5,19,Female,North Central,Rural,None,Agriculture,Informal,113173.54,0
1d23568c,33,Male,North East,Rural,None,Informal,Informal,66178.78,1
b26e983a,18,Female,South South,Urban,Secondary,Informal,Self-employed,116610.81,0
066b8d75,5,Female,North East,Rural,None,None,Not in Labor Force,0.0,1
7b344473,9,Female,North West,Rural,Primary,Student,Not in Labor Force,0.0,1
11be475c,63,Male,North East,Urban,Primary,Informal,Informal,133395.31,0
bf94743d,53,Female,North West,Urban,Secondary,Trade/Services,Self-employed,105956.6,0
36c53a21,7,Male,North Central,Urban,Primary,Student,Not in Labor Force,0.0,1
a0e3759c,6,Male,North East,Rural,Primary,Student,Not in Labor Force,0.0,1
375a4414,53,Male,North Central,Urban,Secondary,Manufacturing,Self-employed,178822.27,0
3474fd33,23,Male,South West,Rural,Tertiary,Professional,Wage-employed,184086.45,0
e7ae310e,59,Male,South East,Rural,Primary,Agriculture,Informal,31801.58,1
1c61e718,28,Male,South West,Urban,Secondary,Trade/Services,Self-employed,79265.92,1
1ad02b11,6,Female,North West,Urban,Primary,Student,Not in Labor Force,0.0,1
db51d4dd,8,Male,North West,Rural,None,Student,Not in Labor Force,0.0,1
1001ecf2,14,Female,North Central,Urban,Secondary,Student,Not in Labor Force,0.0,1
ed08f435,4,Male,North West,Rural,None,None,Not in Labor Force,0.0,1
730d8269,64,Male,North West,Rural,Secondary,Trade/Services,Self-employed,97183.98,0
096dfbcf,14,Female,North Central,Urban,None,Student,Not in Labor Force,0.0,1
e5a9e525,34,Female,North East,Rural,Primary,Informal,Informal,40588.03,1
1194af5a,22,Male,South East,Rural,None,Agriculture,Informal,41277.59,1
847716fd,14,Male,North East,Rural,None,Student,Not in Labor Force,0.0,1
230b4fb9,35,Male,South South,Urban,Primary,Informal,Informal,73713.04,1
acdb4c9d,55,Male,South East,Urban,Primary,Informal,Informal,77394.25,1
cccc2e37,33,Female,North West,Rural,Tertiary,Professional,Wage-employed,116934.51,0
9154ab3e,12,Female,North Central,Rural,None,Student,Not in Labor Force,0.0,1
52296f37,45,Male,South West,Urban,Secondary,Trade/Services,Self-employed,29335.28,1
ff8ad621,20,Female,South West,Urban,Secondary,Trade/Services,Self-employed,169393.71,0
177cf31c,3,Male,North Central,Urban,None,None,Not in Labor Force,0.0,1
0c5e4c51,10,Female,North Central,Rural,None,Student,Not in Labor Force,0.0,1
08d816ba,43,Female,North East,Urban,None,Informal,Informal,87862.88,1
1065ffeb,56,Female,North East,Urban,Secondary,Informal,Self-employed,58563.04,1
9683c3ca,2,Male,South South,Rural,None,None,Not in Labor Force,0.0,1
940593b7,15,Female,North East,Rural,Secondary,Manufacturing,Self-employed,128253.88,0
c58cd079,11,Male,North West,Urban,Primary,Student,Not in Labor Force,0.0,1
b16fca5c,29,Female,North West,Rural,Primary,Informal,Informal,77704.72,1
8e30d27b,14,Male,South South,Rural,Tertiary,Student,Not in Labor Force,0.0,1
a4950d65,35,Male,South West,Urban,Secondary,Trade/Services,Self-employed,111154.07,0
684c6eed,13,Female,South East,Rural,Primary,Student,Not in Labor Force,0.0,1
6d6e0eca,9,Male,South East,Urban,Primary,Student,Not in Labor Force,0.0,1
a93e8e06,14,Female,South East,Urban,None,Student,Not in Labor Force,0.0,1
11aadd14,6,Female,South West,Urban,Primary,Student,Not in Labor Force,0.0,1
cbe4b39d,31,Female,North West,Urban,None,Trade/Services,Informal,261874.27,0
ba2e7456,7,Male,North West,Urban,Primary,Student,Not in Labor Force,0.0,1
a99336aa,33,Male,South West,Urban,Secondary,Informal,Self-employed,285365.76,0
04350fc4,6,Female,North East,Urban,None,Student,Not in Labor Force,0.0,1
39b4b30e,11,Male,South West,Urban,Primary,Student,Not in Labor Force,0.0,1
727a5748,2,Female,North Central,Urban,None,None,Not in Labor Force,0.0,1
c534bd4c,13,Female,South West,Urban,Tertiary,Student,Not in Labor Force,0.0,1
11ea44eb,2,Female,North West,Rural,None,None,Not in Labor Force,0.0,1
fc30b37c,9,Female,North West,Rural,Primary,Student,Not in Labor Force,0.0,1
e1fb2b80,43,Female,South West,Urban,Primary,Informal,Informal,63611.99,1
ea38ce1e,1,Male,North West,Rural,None,None,Not in Labor Force,0.0,1
8786471a,28,Male,South West,Urban,None,Trade/Services,Informal,64327.81,1
cdf14253,49,Male,North Central,Rural,Secondary,Trade/Services,Self-employed,41162.03,1
6a90e3b5,11,Female,South South,Urban,Primary,Student,Not in Labor Force,0.0,1
f6d0a2d2,44,Female,South East,Rural,Secondary,Manufacturing,Self-employed,205836.1,0
d7606b6f,90,Female,North Central,Urban,Secondary,Retired/None,Not in Labor Force,0.0,1
3b924533,21,Female,South West,Urban,Secondary,Trade/Services,Self-employed,154522.04,0
f480b072,53,Female,North West,Rural,Primary,Informal,Informal,98109.22,0
251a1d17,14,Male,North East,Rural,Secondary,Student,Not in Labor Force,0.0,1
73791d6f,19,Male,South West,Urban,Primary,Informal,Informal,22463.1,1
9876d5e6,49,Male,South West,Urban,Secondary,Informal,Self-employed,212461.74,0
3cbef952,64,Female,North Central,Urban,Secondary,Informal,Self-employed,98146.05,0
82f3e0c2,79,Male,North West,Rural,None,Retired/None,Not in Labor Force,0.0,1
1139e5ec,14,Female,South East,Urban,Primary,Student,Not in Labor Force,0.0,1
d6aa97b2,3,Female,North East,Urban,None,None,Not in Labor Force,0.0,1
bde883c1,28,Male,South East,Rural,Tertiary,Trade/Services,Wage-employed,421081.88,0
9e2c614f,50,Male,South West,Urban,Secondary,Trade/Services,Self-employed,182177.1,0
a3e673cd,10,Male,North East,Rural,None,Student,Not in Labor Force,0.0,1
4fa8b330,7,Male,North West,Rural,None,Student,Not in Labor Force,0.0,1
700d1e6e,7,Female,North West,Rural,None,Student,Not in Labor Force,0.0,1
14b89afc,12,Male,South South,Rural,None,Student,Not in Labor Force,0.0,1
ee566151,59,Female,South East,Urban,Secondary,Manufacturing,Self-employed,131611.85,0
c482cf05,36,Female,South West,Urban,Secondary,Trade/Services,Self-employed,87693.09,1
2445fe40,7,Male,North Central,Rural,Primary,Student,Not in Labor Force,0.0,1
04143b3e,14,Female,South West,Urban,Tertiary,Student,Not in Labor Force,0.0,1
e46f3b09,0,Female,North Central,Urban,None,None,Not in Labor Force,0.0,1
608ce388,4,Female,South West,Urban,None,None,Not in Labor Force,0.0,1
62d98245,18,Male,North East,Urban,Primary,Informal,Informal,102674.28,0
09d3b3a2,75,Male,South East,Urban,Secondary,Retired/None,Not in Labor Force,0.0,1
e1c4e1c7,32,Male,South West,Urban,Primary,Informal,Informal,48945.03,1
cdbd4ff5,9,Male,North East,Urban,None,Student,Not in Labor Force,0.0,1
07c4a68c,63,Female,South East,Urban,Primary,Informal,Informal,151803.82,0
f9b17c6b,44,Female,North Central,Urban,Primary,Informal,Informal,52418.26,1
23a396bb,29,Female,North West,Rural,Secondary,Manufacturing,Self-employed,100072.09,0
ebd633a1,20,Male,North West,Rural,None,Informal,Informal,38273.93,1
9eff4719,6,Male,South West,Urban,Primary,Student,Not in Labor Force,0.0,1
6e808382,4,Female,South South,Rural,None,None,Not in Labor Force,0.0,1
d24cadc7,14,Male,South East,Rural,Secondary,Student,Not in Labor Force,0.0,1
50ab0273,7,Male,South West,Urban,Primary,Student,Not in Labor Force,0.0,1
6fa7eaae,8,Female,North West,Urban,None,Student,Not in Labor Force,0.0,1
67525edf,57,Male,North West,Rural,Secondary,Trade/Services,Self-employed,108579.92,0
f6d16d92,48,Female,North East,Rural,None,Agriculture,Informal,32239.37,1
40dcfbbb,41,Male,South South,Urban,Secondary,Informal,Self-employed,82003.2,1
dc97ce96,12,Female,South South,Rural,Secondary,Student,Not in Labor Force,0.0,1
7274d28e,50,Female,North West,Rural,None,Agriculture,Informal,237213.94,0
5d519b87,41,Male,South East,Urban,Tertiary,Trade/Services,Wage-employed,664327.39,0
3d241747,23,Female,South West,Urban,None,Informal,Informal,100878.25,0
33312923,69,Female,North West,Urban,Secondary,Informal,Self-employed,181401.88,0
1bae949c,36,Female,North Central,Urban,Secondary,Informal,Self-employed,160072.86,0
0e250e10,95,Male,South East,Urban,Secondary,Retired/None,Not in Labor Force,0.0,1
312560a2,2,Female,North East,Rural,None,None,Not in Labor Force,0.0,1
d17f9fce,13,Male,South South,Rural,Secondary,Student,Not in Labor Force,0.0,1
456c755f,4,Female,North West,Rural,None,None,Not in Labor Force,0.0,1
9c6efab1,2,Female,North West,Rural,None,None,Not in Labor Force,0.0,1
e2ad1528,5,Male,North West,Urban,None,None,Not in Labor Force,0.0,1
c519a67b,42,Female,South East,Urban,Secondary,Informal,Self-employed,126331.51,0
64ad7858,46,Male,North Central,Rural,Tertiary,Trade/Services,Wage-employed,466975.52,0
ce648b26,56,Male,South East,Urban,Tertiary,Professional,Wage-employed,243728.26,0
e0ef070b,4,Female,North Central,Rural,None,None,Not in Labor Force,0.0,1
e36f656e,39,Female,North Central,Urban,Primary,Informal,Informal,210516.89,0
6ab277f2,46,Male,South East,Urban,Tertiary,Professional,Wage-employed,430284.11,0
737c1bbc,2,Male,North Central,Urban,None,None,Not in Labor Force,0.0,1
532fff62,36,Female,South East,Urban,Secondary,Unemployed,Self-employed,215566.16,0
56d76114,7,Female,North West,Rural,None,Student,Not in Labor Force,0.0,1
f4bb62d2,6,Male,South West,Urban,Primary,Student,Not in Labor Force,0.0,1
fb2c8cc5,44,Male,South West,Urban,Secondary,Trade/Services,Self-employed,342500.89,0
6712644e,14,Female,South South,Rural,Secondary,Student,Not in Labor Force,0.0,1
c480cb08,64,Female,North West,Rural,None,Agriculture,Informal,80396.38,1
b1afeca3,46,Female,South West,Urban,None,Trade/Services,Informal,49697.36,1
fae3de14,45,Male,North Central,Rural,Primary,Agriculture,Informal,124458.36,0
021bc291,6,Female,North East,Urban,Primary,Student,Not in Labor Force,0.0,1
d74a0c22,7,Female,North West,Rural,Primary,Student,Not in Labor Force,0.0,1
e8b62327,0,Male,North West,Rural,None,None,Not in Labor Force,0.0,1
21c681cd,39,Female,South East,Urban,Secondary,Unemployed,Self-employed,368691.07,0
2f632c17,50,Female,South West,Urban,Tertiary,Professional,Wage-employed,124503.2,0
6af819cb,7,Male,North East,Urban,Primary,Student,Not in Labor Force,0.0,1
ccaad743,45,Female,South East,Urban,Tertiary,Trade/Services,Wage-employed,376576.17,0
e30810f0,53,Female,North West,Rural,Secondary,Manufacturing,Self-employed,117578.67,0
75508245,13,Female,South West,Urban,Secondary,Student,Not in Labor Force,0.0,1
08ac20ff,27,Female,South South,Urban,Tertiary,Trade/Services,Wage-employed,341658.52,0
28819e82,24,Male,South East,Urban,Secondary,Informal,Self-employed,63097.39,1
c0f2d31b,6,Male,North East,Rural,None,Student,Not in Labor Force,0.0,1
4a057600,1,Female,South West,Urban,None,None,Not in Labor Force,0.0,1
53298679,46,Male,North Central,Rural,None,Agriculture,Informal,35248.13,1
dbb22866,47,Male,South East,Rural,Secondary,Manufacturing,Self-employed,32549.77,1
ca916cb1,50,Female,North Central,Rural,Primary,Agriculture,Informal,106198.49,0
cf26a893,42,Male,South East,Urban,Secondary,Manufacturing,Self-employed,303802.82,0
5d1da90d,1,Female,North West,Rural,None,None,Not in Labor Force,0.0,1
e5b40287,7,Male,South West,Urban,Primary,Student,Not in Labor Force,0.0,1
4dfdf031,56,Male,South West,Rural,None,Informal,Informal,135371.34,0
59bb6461,6,Female,South West,Urban,Primary,Student,Not in Labor Force,0.0,1
abb3d75c,7,Female,South West,Rural,Primary,Student,Not in Labor Force,0.0,1
bad5b0e3,25,Female,South South,Rural,Tertiary,Professional,Wage-employed,291343.42,0
4d09ca90,70,Female,South East,Rural,Primary,Informal,Informal,70484.64,1
ad5b6c4c,15,Female,North West,Rural,Primary,Agriculture,Informal,113772.25,0
fdc26cb1,26,Female,South East,Urban,Secondary,Trade/Services,Self-employed,115875.13,0
c32f97a9,8,Female,North West,Rural,None,Student,Not in Labor Force,0.0,1
7eea0147,70,Female,South West,Urban,Tertiary,Professional,Wage-employed,226484.32,0
b8aa8b61,11,Male,South South,Rural,Primary,Student,Not in Labor Force,0.0,1
ec5a9a9a,59,Female,North West,Rural,Primary,Agriculture,Informal,42513.2,1
ad82907d,90,Male,South East,Rural,Secondary,Retired/None,Not in Labor Force,0.0,1
0bcfdf05,31,Female,South East,Urban,Primary,Informal,Informal,89798.96,1
699ac5a4,65,Male,North Central,Urban,None,Trade/Services,Informal,52670.82,1
5e8bdaf9,46,Female,North East,Rural,None,Informal,Informal,79537.04,1
7a8efa64,7,Female,North Central,Urban,Primary,Student,Not in Labor Force,0.0,1
0ec0171f,54,Female,South South,Rural,None,Informal,Informal,26554.06,1
9f5fce1e,57,Female,North West,Rural,Secondary,Informal,Self-employed,85340.81,1
cbe40ce0,13,Female,South West,Urban,Secondary,Student,Not in Labor Force,0.0,1
f0177a6f,38,Male,North West,Rural,Secondary,Informal,Self-employed,125910.9,0
c803bc1d,74,Female,North West,Rural,Secondary,Retired/None,Not in Labor Force,0.0,1
b8013524,14,Male,South East,Rural,Secondary,Student,Not in Labor Force,0.0,1
56c5f43c,53,Female,North East,Rural,None,Informal,Informal,64828.92,1
205243dc,53,Male,South South,Urban,Secondary,Informal,Self-employed,85727.34,1
61b29301,24,Female,North Central,Urban,None,Trade/Services,Informal,125621.49,0
3efd764b,68,Female,North Central,Rural,None,Informal,Informal,70087.07,1
9ab9a1d8,39,Female,North West,Urban,Secondary,Trade/Services,Self-employed,38047.93,1
954ec729,92,Female,South South,Rural,Secondary,Retired/None,Not in Labor Force,0.0,1
023fc085,64,Female,North West,Rural,None,Agriculture,Informal,78683.65,1
f0bde299,10,Male,North Central,Rural,None,Student,Not in Labor Force,0.0,1
bbeb4a4c,24,Female,North East,Rural,None,Agriculture,Informal,46475.54,1
5d163d2d,33,Female,North Central,Rural,Primary,Informal,Informal,43696.4,1
5d65e8cd,13,Male,South West,Urban,Tertiary,Student,Not in Labor Force,0.0,1
0132dc23,59,Male,South West,Urban,Secondary,Trade/Services,Self-employed,80987.06,1
dac9c004,29,Male,North West,Urban,Secondary,Trade/Services,Self-employed,72997.72,1
24eb00db,1,Female,North Central,Urban,None,None,Not in Labor Force,0.0,1
b807b352,43,Male,South East,Rural,None,Informal,Informal,67775.09,1
efbb04ab,18,Male,North Central,Rural,Primary,Informal,Informal,83084.69,1
072a7ebe,64,Male,North West,Urban,Primary,Informal,Informal,88601.44,1
5800f185,12,Female,North East,Rural,None,Student,Not in Labor Force,0.0,1
9bd411ea,14,Female,North West,Rural,Primary,Student,Not in Labor Force,0.0,1
7c28646f,0,Female,North West,Rural,None,None,Not in Labor Force,0.0,1
7ca86fca,24,Female,North East,Urban,Primary,Informal,Informal,142867.38,0
af616154,10,Male,North Central,Urban,Primary,Student,Not in Labor Force,0.0,1
869c9580,55,Male,North West,Rural,Primary,Informal,Informal,84867.18,1
e88f60b4,14,Female,South West,Urban,Primary,Student,Not in Labor Force,0.0,1
f70910ee,11,Male,South South,Rural,Primary,Student,Not in Labor Force,0.0,1
3c6ae819,58,Male,South South,Rural,Tertiary,Professional,Wage-employed,88949.38,1
49313e2a,45,Female,South East,Urban,Secondary,Trade/Services,Self-employed,76886.69,1
ad1c5088,4,Male,North East,Rural,None,None,Not in Labor Force,0.0,1
bcbc1637,11,Female,North West,Rural,Primary,Student,Not in Labor Force,0.0,1
b9d01733,10,Male,South East,Urban,Primary,Student,Not in Labor Force,0.0,1
557e1be3,55,Female,North West,Urban,Primary,Informal,Informal,164892.91,0
f1a83251,60,Male,North West,Rural,None,Informal,Informal,27955.52,1
07966ac1,12,Male,North Central,Urban,Primary,Student,Not in Labor Force,0.0,1
b8dfa9bc,11,Male,North West,Rural,None,Student,Not in Labor Force,0.0,1
4926aad8,9,Female,South East,Rural,Primary,Student,Not in Labor Force,0.0,1
b034578b,52,Female,South East,Rural,Secondary,Informal,Self-employed,19129.43,1
d8fe3c8e,83,Male,South East,Urban,Primary,Retired/None,Not in Labor Force,0.0,1
a69392d3,3,Female,South East,Urban,None,None,Not in Labor Force,0.0,1
48a11325,31,Female,North West,Urban,Primary,Informal,Informal,242527.41,0
a7e659ab,2,Female,South West,Rural,None,None,Not in Labor Force,0.0,1
1939d9d7,2,Female,North East,Rural,None,None,Not in Labor Force,0.0,1
60886f36,28,Male,South West,Urban,Primary,Trade/Services,Informal,96564.6,1
71d40eec,63,Female,North West,Rural,Secondary,Informal,Self-employed,65523.62,1
65fe9247,27,Female,South West,Urban,Tertiary,Trade/Services,Wage-employed,240616.71,0
8d212125,55,Male,South South,Urban,Primary,Informal,Informal,117906.08,0
d705a6fe,10,Male,North West,Rural,Primary,Student,Not in Labor Force,0.0,1
21d1d213,15,Female,North West,Rural,None,Agriculture,Informal,79761.7,1
1cea6405,8,Female,North West,Rural,None,Student,Not in Labor Force,0.0,1
3c815cda,31,Female,North Central,Rural,Tertiary,Trade/Services,Wage-employed,360887.45,0
770fcec4,1,Female,North East,Urban,None,None,Not in Labor Force,0.0,1
ff1e33d7,48,Female,South East,Urban,Secondary,Trade/Services,Self-employed,118984.71,0
d7c8ef39,13,Male,North Central,Rural,Primary,Student,Not in Labor Force,0.0,1
0aad970d,5,Male,North Central,Rural,None,None,Not in Labor Force,0.0,1
904efefa,31,Male,South West,Urban,Tertiary,Trade/Services,Wage-employed,185655.88,0
576e8720,2,Male,North East,Urban,None,None,Not in Labor Force,0.0,1
0491e737,48,Male,North East,Rural,Secondary,Informal,Self-employed,96608.41,1
15a23d0d,7,Male,South East,Urban,Primary,Student,Not in Labor Force,0.0,1
da9f53b1,8,Female,South East,Urban,Primary,Student,Not in Labor Force,0.0,1
7b2d694e,12,Female,North West,Rural,Primary,Student,Not in Labor Force,0.0,1
abf08977,1,Female,North West,Rural,None,None,Not in Labor Force,0.0,1
498f375c,48,Female,North West,Rural,None,Agriculture,Informal,113446.54,0
c76ecf9c,9,Male,North East,Rural,Primary,Student,Not in Labor Force,0.0,1
02d835cc,45,Female,North East,Rural,Secondary,Informal,Self-employed,71312.68,1
9f1c907a,23,Male,South West,Urban,Tertiary,Trade/Services,Wage-employed,574147.3,0
b6874708,44,Male,South East,Urban,Secondary,Trade/Services,Self-employed,104529.15,0
3fe169c4,34,Female,North West,Rural,Secondary,Informal,Self-employed,159651.16,0
08a28aaf,35,Male,South West,Urban,Secondary,Trade/Services,Self-employed,74015.68,1
78da3e82,43,Male,North East,Rural,Primary,Agriculture,Informal,60367.89,1
09e4da54,10,Male,North Central,Urban,None,Student,Not in Labor Force,0.0,1
b13baac4,8,Female,South West,Urban,Primary,Student,Not in Labor Force,0.0,1
9f77f628,52,Female,South South,Rural,None,Agriculture,Informal,78738.24,1
f13f2a67,58,Male,North West,Urban,None,Informal,Informal,53891.59,1
11aba37d,39,Female,North West,Rural,None,Informal,Informal,74426.55,1
097b08d7,8,Male,South West,Urban,Primary,Student,Not in Labor Force,0.0,1
bfa34642,53,Male,North East,Rural,None,Informal,Informal,58821.87,1
02868386,58,Male,North West,Rural,None,Agriculture,Informal,58308.7,1
92e476df,40,Female,North West,Rural,Tertiary,Professional,Wage-employed,197471.14,0
069042a1,8,Male,South West,Urban,Primary,Student,Not in Labor Force,0.0,1
22a9b789,51,Female,North East,Rural,Secondary,Trade/Services,Self-employed,179585.29,0
b92e2457,4,Male,South South,Rural,None,None,Not in Labor Force,0.0,1
26b51703,11,Male,North Central,Urban,Primary,Student,Not in Labor Force,0.0,1
675673d9,38,Female,North West,Rural,Primary,Agriculture,Informal,33959.45,1
52b8b293,9,Male,South West,Rural,Primary,Student,Not in Labor Force,0.0,1
a532f64c,3,Male,North West,Rural,None,None,Not in Labor Force,0.0,1
23278500,8,Male,North Central,Rural,Primary,Student,Not in Labor Force,0.0,1
4f2a392e,37,Female,North Central,Urban,Tertiary,Trade/Services,Wage-employed,473477.11,0
614fa2f9,53,Female,North Central,Rural,None,Agriculture,Informal,35971.25,1
0fea7f88,12,Male,South East,Rural,Primary,Student,Not in Labor Force,0.0,1
5323c936,45,Male,North West,Urban,Primary,Informal,Informal,77675.67,1
a8c17aaa,33,Male,South South,Urban,Secondary,Informal,Self-employed,195970.16,0
572b3503,3,Male,South East,Urban,None,None,Not in Labor Force,0.0,1
78d48cf8,37,Female,North East,Rural,Secondary,Informal,Self-employed,83007.75,1
ae72bff1,57,Female,North West,Rural,None,Informal,Informal,9454.84,1
68fe9db3,41,Female,North East,Rural,None,Informal,Informal,26720.4,1
cc1e5322,13,Male,North East,Rural,Primary,Student,Not in Labor Force,0.0,1
96a53c9e,35,Female,South West,Urban,Secondary,Trade/Services,Self-employed,36504.88,1
f6b73e90,58,Female,North West,Rural,Tertiary,Trade/Services,Wage-employed,308891.72,0
38585099,2,Female,South South,Urban,None,None,Not in Labor Force,0.0,1
ca94c765,0,Female,North West,Rural,None,None,Not in Labor Force,0.0,1
8c9aabf3,6,Female,North East,Rural,None,Student,Not in Labor Force,0.0,1
b44d466f,5,Female,North West,Urban,None,None,Not in Labor Force,0.0,1
028ac187,24,Male,North East,Rural,Primary,Agriculture,Informal,59694.35,1
b974ca18,14,Female,South East,Urban,Tertiary,Student,Not in Labor Force,0.0,1
5d11911b,6,Male,South West,Rural,Primary,Student,Not in Labor Force,0.0,1
2535ef4c,29,Female,North West,Rural,Primary,Agriculture,Informal,48514.87,1
6de88578,13,Female,South South,Urban,Primary,Student,Not in Labor Force,0.0,1
aaa5707f,66,Female,South East,Urban,Secondary,Trade/Services,Self-employed,91502.92,1
11e89944,12,Male,South East,Urban,None,Student,Not in Labor Force,0.0,1
73d213c7,11,Male,South East,Rural,Primary,Student,Not in Labor Force,0.0,1
9e41805f,3,Male,South West,Urban,None,None,Not in Labor Force,0.0,1
68b818d4,1,Female,North Central,Rural,None,None,Not in Labor Force,0.0,1
83c41adf,7,Female,North East,Urban,None,Student,Not in Labor Force,0.0,1
5acb20b8,37,Female,North West,Rural,None,Agriculture,Informal,68369.3,1
1c99f09f,65,Male,South West,Rural,Primary,Agriculture,Informal,25124.75,1
72cb6bb1,1,Female,South South,Rural,None,None,Not in Labor Force,0.0,1
12bfea36,48,Female,South West,Urban,None,Trade/Services,Informal,143434.49,0
023f7745,50,Male,South South,Urban,Secondary,Unemployed,Self-employed,139395.71,0
665c3952,49,Female,North East,Rural,Primary,Informal,Informal,33966.26,1
caa4abcd,0,Female,South West,Urban,None,None,Not in Labor Force,0.0,1
34793ed2,11,Female,South West,Urban,Primary,Student,Not in Labor Force,0.0,1
9935ef8a,13,Female,South West,Urban,Secondary,Student,Not in Labor Force,0.0,1
b519a61d,48,Male,South West,Rural,Secondary,Unemployed,Self-employed,76799.11,1
01585b40,62,Female,North West,Rural,None,Informal,Informal,55337.15,1
ff96ffab,10,Female,North West,Urban,Primary,Student,Not in Labor Force,0.0,1
229f10e0,8,Female,South South,Rural,Primary,Student,Not in Labor Force,0.0,1
c8faf06a,27,Female,North West,Rural,None,Informal,Informal,26147.99,1
edac040c,47,Female,North Central,Rural,Primary,Agriculture,Informal,89547.71,1
212003d8,89,Female,North Central,Rural,None,Retired/None,Not in Labor Force,0.0,1
29830e75,16,Female,North East,Rural,None,Agriculture,Informal,106860.82,0
74988395,1,Male,South East,Rural,None,None,Not in Labor Force,0.0,1
38f2300d,43,Male,South West,Rural,Tertiary,Professional,Wage-employed,318204.1,0
55567515,51,Male,South South,Rural,None,Agriculture,Informal,105274.76,0
a30a5600,3,Female,North East,Rural,None,None,Not in Labor Force,0.0,1
f8e520fe,26,Female,South West,Urban,Tertiary,Trade/Services,Wage-employed,1963040.58,0
8344b65a,40,Male,South South,Rural,None,Agriculture,Informal,19398.75,1
1e33d7d6,9,Male,South South,Urban,Primary,Student,Not in Labor Force,0.0,1
54b9441d,42,Female,South South,Urban,Tertiary,Professional,Wage-employed,412975.6,0
cc2b4ba3,17,Female,South West,Urban,Secondary,Informal,Self-employed,59523.67,1
e9e00022,34,Female,North West,Rural,Primary,Agriculture,Informal,152730.51,0
922d0c90,9,Male,North West,Rural,Primary,Student,Not in Labor Force,0.0,1
88f2a365,3,Male,South East,Urban,None,None,Not in Labor Force,0.0,1
9b0eb71b,32,Male,South East,Urban,None,Informal,Informal,93693.63,1
9ecc67da,4,Male,South West,Rural,None,None,Not in Labor Force,0.0,1
27697180,41,Male,North East,Rural,None,Agriculture,Informal,39385.1,1
ec4b1ecf,45,Male,South West,Rural,Primary,Informal,Informal,51214.89,1
9b1b6ee1,10,Male,North East,Urban,Primary,Student,Not in Labor Force,0.0,1
eadcb509,56,Male,North Central,Rural,None,Informal,Informal,133489.73,0
5cd71b04,15,Female,North East,Rural,Primary,Agriculture,Informal,78540.59,1
37b77d05,5,Male,South South,Urban,None,None,Not in Labor Force,0.0,1
a06cbec2,25,Male,North West,Rural,Secondary,Unemployed,Self-employed,139713.9,0
ea83416f,48,Female,South West,Urban,Primary,Informal,Informal,197372.41,0
36543d4d,53,Female,North East,Rural,None,Agriculture,Informal,106151.54,0
8352d89d,34,Female,South West,Urban,Secondary,Informal,Self-employed,261556.22,0
b57c17b7,35,Female,South West,Urban,Primary,Trade/Services,Informal,74921.68,1
9f150dd3,35,Female,South South,Rural,Primary,Informal,Informal,15485.65,1
dcfe852f,32,Female,North West,Urban,Primary,Informal,Informal,86003.05,1
27856104,35,Female,North West,Rural,Tertiary,Manufacturing,Wage-employed,199052.73,0
bb7334b6,33,Female,South East,Urban,Secondary,Trade/Services,Self-employed,213875.84,0
3578ad0d,3,Female,North East,Rural,None,None,Not in Labor Force,0.0,1
3a3a077c,27,Male,North West,Urban,Primary,Informal,Informal,27939.84,1
dd2dd7d5,1,Female,North Central,Rural,None,None,Not in Labor Force,0.0,1
4c1c964b,3,Female,South West,Urban,None,None,Not in Labor Force,0.0,1
2f81856e,12,Female,North West,Rural,Primary,Student,Not in Labor Force,0.0,1
2a417ed6,89,Male,North East,Rural,None,Retired/None,Not in Labor Force,0.0,1
639f43f1,27,Male,South East,Urban,Secondary,Manufacturing,Self-employed,219025.0,0
58f01c0f,41,Female,North Central,Rural,None,Agriculture,Informal,67045.35,1
d1d60d7f,33,Male,North West,Rural,Primary,Informal,Informal,74033.93,1
16ef740e,63,Female,North East,Rural,None,Agriculture,Informal,86790.88,1
6655f5bf,15,Female,South West,Urban,Secondary,Informal,Self-employed,130995.91,0
5edd945b,52,Female,North West,Rural,None,Agriculture,Informal,49030.93,1
1b481509,2,Female,South East,Urban,None,None,Not in Labor Force,0.0,1
96ecf1b0,3,Female,South West,Urban,None,None,Not in Labor Force,0.0,1
8ebeef12,15,Female,North Central,Urban,None,Informal,Informal,159689.46,0
f6bb379a,54,Female,South South,Urban,None,Informal,Informal,115369.55,0
e5762bc7,0,Female,North East,Urban,None,None,Not in Labor Force,0.0,1
2f1281dd,4,Female,North West,Rural,None,None,Not in Labor Force,0.0,1
fa4c8e97,36,Female,South West,Urban,Secondary,Trade/Services,Self-employed,201451.58,0
11b87eb2,14,Female,South West,Urban,Secondary,Student,Not in Labor Force,0.0,1
51560d7f,64,Male,North East,Urban,Primary,Informal,Informal,76917.23,1
adfa5636,71,Male,North East,Rural,Primary,Retired/None,Not in Labor Force,0.0,1
460450b9,62,Male,North East,Rural,Primary,Agriculture,Informal,63941.15,1
2fd69e64,6,Male,North East,Rural,None,Student,Not in Labor Force,0.0,1
27fd138c,46,Female,South West,Urban,Secondary,Informal,Self-employed,132197.97,0
83bbe230,63,Male,South West,Urban,Primary,Trade/Services,Informal,28381.86,1
b840195f,18,Female,North Central,Urban,Primary,Informal,Informal,35288.94,1
20925d98,76,Male,North East,Urban,Secondary,Retired/None,Not in Labor Force,0.0,1
5ef3f890,12,Male,North East,Urban,Secondary,Student,Not in Labor Force,0.0,1
24789bac,46,Male,North East,Urban,None,Informal,Informal,75063.52,1
1df89949,18,Female,North West,Urban,None,Informal,Informal,26200.8,1
e2d256c1,15,Male,North East,Rural,None,Agriculture,Informal,56045.36,1
6baa9a9c,0,Male,North East,Urban,None,None,Not in Labor Force,0.0,1
d56656c8,21,Female,North Central,Rural,None,Informal,Informal,35011.93,1
75061b92,23,Male,South East,Rural,Primary,Agriculture,Informal,57205.99,1
ce770ca2,0,Male,North East,Rural,None,None,Not in Labor Force,0.0,1
c48bc57c,1,Female,South South,Urban,None,None,Not in Labor Force,0.0,1
5ecdb6b9,61,Male,South East,Rural,Secondary,Informal,Self-employed,109316.45,0
0b96a6a6,5,Male,South South,Rural,None,None,Not in Labor Force,0.0,1
1fffb046,1,Male,South South,Rural,None,None,Not in Labor Force,0.0,1
c890c761,8,Male,South West,Urban,Primary,Student,Not in Labor Force,0.0,1
30f24007,18,Female,South West,Rural,None,Agriculture,Informal,19635.0,1
e3acd5ae,59,Male,North West,Urban,None,Informal,Informal,98227.94,0
4598e6dc,37,Female,South West,Urban,Secondary,Trade/Services,Self-employed,101749.97,0
9b0eea4f,5,Female,South West,Urban,None,None,Not in Labor Force,0.0,1
d00ee3c5,57,Male,North Central,Rural,Tertiary,Trade/Services,Wage-employed,73593.84,1
278dd4de,59,Female,South West,Urban,Primary,Trade/Services,Informal,61296.12,1
f403ec7e,57,Male,North Central,Urban,None,Informal,Informal,101498.9,0
56961bbb,22,Male,North Central,Rural,Primary,Agriculture,Informal,46938.4,1
923368f2,6,Male,North East,Urban,Primary,Student,Not in Labor Force,0.0,1
607be176,39,Male,South West,Rural,Primary,Agriculture,Informal,45252.31,1
dc6a3341,2,Female,South South,Rural,None,None,Not in Labor Force,0.0,1
874c5b8e,31,Male,South East,Urban,None,Informal,Informal,88638.31,1
4e88a07f,1,Female,South East,Urban,None,None,Not in Labor Force,0.0,1
83a5991d,11,Female,North West,Rural,None,Student,Not in Labor Force,0.0,1
11e8527b,10,Male,South South,Rural,Primary,Student,Not in Labor Force,0.0,1
c9cd813a,29,Female,North East,Rural,None,Agriculture,Informal,44911.73,1
16c30b66,11,Female,South South,Urban,Primary,Student,Not in Labor Force,0.0,1
0fa68976,31,Male,North West,Rural,None,Agriculture,Informal,51006.52,1
55675711,10,Male,North Central,Urban,Primary,Student,Not in Labor Force,0.0,1
456b7ac9,4,Male,South West,Urban,None,None,Not in Labor Force,0.0,1
e5a5429c,30,Male,South West,Urban,Secondary,Informal,Self-employed,60121.54,1
a3ad9c68,14,Female,North Central,Urban,None,Student,Not in Labor Force,0.0,1
b9e80f6e,56,Male,South West,Urban,None,Informal,Informal,59220.88,1
c9aefae4,60,Female,North Central,Rural,Primary,Agriculture,Informal,185432.76,0
503f0317,1,Female,North East,Urban,None,None,Not in Labor Force,0.0,1
5bc7547b,2,Female,South West,Rural,None,None,Not in Labor Force,0.0,1
2f045b85,7,Male,North West,Rural,None,Student,Not in Labor Force,0.0,1
66ea694f,61,Male,South West,Urban,Secondary,Trade/Services,Self-employed,148308.41,0
6af1ba6a,24,Male,North West,Rural,None,Agriculture,Informal,70366.64,1
8c557042,19,Male,North Central,Rural,Secondary,Informal,Self-employed,67130.67,1
5488072b,62,Female,North Central,Rural,None,Agriculture,Informal,47249.04,1
6aae5e32,4,Male,North East,Rural,None,None,Not in Labor Force,0.0,1
3c42cedb,9,Male,North Central,Rural,Primary,Student,Not in Labor Force,0.0,1
93387483,36,Male,South West,Urban,None,Trade/Services,Informal,70467.65,1
081e9924,11,Female,South South,Rural,Primary,Student,Not in Labor Force,0.0,1
1f1d6054,6,Female,South East,Urban,Primary,Student,Not in Labor Force,0.0,1
f27f783f,13,Female,South West,Urban,None,Student,Not in Labor Force,0.0,1
007739fc,27,Male,North Central,Urban,Secondary,Trade/Services,Self-employed,225149.23,0
eb974d3f,73,Male,North East,Rural,None,Retired/None,Not in Labor Force,0.0,1
72733144,0,Female,North West,Rural,None,None,Not in Labor Force,0.0,1
a3a1c351,34,Female,North East,Rural,Primary,Informal,Informal,122922.44,0
ffa67507,11,Female,South East,Rural,Primary,Student,Not in Labor Force,0.0,1
ec8b8c32,76,Female,North East,Urban,Secondary,Retired/None,Not in Labor Force,0.0,1
cf1e76db,8,Male,North Central,Rural,Primary,Student,Not in Labor Force,0.0,1
ceb693af,4,Male,North East,Rural,None,None,Not in Labor Force,0.0,1
a1760228,38,Female,North East,Rural,Primary,Agriculture,Informal,45587.54,1
b037fd92,58,Male,North West,Urban,Secondary,Trade/Services,Self-employed,131393.09,0
ab99806f,0,Female,South West,Urban,None,None,Not in Labor Force,0.0,1
b088a7c5,3,Male,North Central,Urban,None,None,Not in Labor Force,0.0,1
b93126f6,11,Male,South West,Urban,Primary,Student,Not in Labor Force,0.0,1
b15b8450,13,Female,North Central,Urban,Secondary,Student,Not in Labor Force,0.0,1
5f19f616,11,Male,South East,Rural,Primary,Student,Not in Labor Force,0.0,1
792c945b,23,Male,South East,Urban,Secondary,Informal,Self-employed,115725.93,0
6b97a963,12,Male,South East,Rural,None,Student,Not in Labor Force,0.0,1
8049261f,0,Female,North Central,Rural,None,None,Not in Labor Force,0.0,1
c224198f,31,Male,North East,Urban,None,Informal,Informal,127697.34,0
6ebda10a,68,Male,South South,Urban,Secondary,Trade/Services,Self-employed,176513.39,0
27ece0e7,28,Female,North West,Urban,Primary,Informal,Informal,76575.15,1
af3679b8,2,Male,North West,Rural,None,None,Not in Labor Force,0.0,1
c6fefc7c,6,Female,North Central,Rural,None,Student,Not in Labor Force,0.0,1
6d483ac9,17,Male,South West,Urban,None,Informal,Informal,148121.43,0
b68b912e,0,Female,North West,Rural,None,None,Not in Labor Force,0.0,1
dbca4df4,11,Male,South West,Rural,Primary,Student,Not in Labor Force,0.0,1
ce801c8d,46,Female,South West,Urban,Secondary,Trade/Services,Self-employed,181837.4,0
e92e40b2,61,Female,North Central,Rural,None,Informal,Informal,37696.6,1
f1010c8b,25,Female,North Central,Urban,Primary,Informal,Informal,81220.85,1
5154f28e,9,Male,North Central,Urban,Primary,Student,Not in Labor Force,0.0,1
8d86cdee,1,Male,North West,Rural,None,None,Not in Labor Force,0.0,1
e4af5aca,90,Female,North West,Rural,Secondary,Retired/None,Not in Labor Force,0.0,1
da31fefe,12,Male,North East,Rural,Primary,Student,Not in Labor Force,0.0,1
513d39df,18,Male,South West,Urban,Primary,Informal,Informal,72699.37,1
72f5351e,31,Female,South West,Rural,Secondary,Unemployed,Self-employed,54571.96,1
f766b662,31,Male,North Central,Rural,Tertiary,Professional,Wage-employed,259059.8,0
76a8adcf,11,Female,South West,Urban,Primary,Student,Not in Labor Force,0.0,1
485c34ec,13,Male,South West,Urban,Secondary,Student,Not in Labor Force,0.0,1
a4b49212,54,Female,North East,Rural,Primary,Informal,Informal,118592.97,0
6901cdd7,37,Female,North West,Urban,Primary,Informal,Informal,155896.47,0
e1296269,60,Male,South South,Urban,Secondary,Manufacturing,Self-employed,230487.02,0
3d4bd0e3,7,Female,South West,Urban,Primary,Student,Not in Labor Force,0.0,1
7f1459e7,12,Male,South West,Rural,Tertiary,Student,Not in Labor Force,0.0,1
a399e8cc,18,Female,North Central,Rural,None,Agriculture,Informal,95557.77,1
e6a6a678,52,Female,South East,Urban,Secondary,Informal,Self-employed,150962.99,0
860bc7d9,43,Male,South West,Rural,Primary,Agriculture,Informal,41738.63,1
2d867b0a,2,Female,North West,Rural,None,None,Not in Labor Force,0.0,1
fd6c3537,41,Male,South South,Urban,None,Informal,Informal,113352.13,0
e319c993,43,Female,North East,Rural,None,Informal,Informal,22296.92,1
e2616a4f,50,Male,North West,Rural,Primary,Agriculture,Informal,40009.44,1
d7794b83,2,Female,North West,Rural,None,None,Not in Labor Force,0.0,1
95d8be0a,3,Female,South West,Urban,None,None,Not in Labor Force,0.0,1
735e5295,20,Male,South West,Urban,Secondary,Informal,Self-employed,258552.44,0
9f88ef5f,10,Female,South West,Urban,Primary,Student,Not in Labor Force,0.0,1
908a07ac,37,Male,South South,Urban,Secondary,Trade/Services,Self-employed,99185.02,0
defd6b3a,53,Male,North East,Rural,None,Agriculture,Informal,87902.69,1
3aecbd8f,13,Male,South West,Rural,None,Student,Not in Labor Force,0.0,1
25e4777f,58,Male,South West,Urban,Tertiary,Trade/Services,Wage-employed,321954.21,0
46de8607,3,Male,South South,Urban,None,None,Not in Labor Force,0.0,1
b64e4146,22,Female,North East,Urban,None,Trade/Services,Informal,112431.63,0
dfb48cc1,87,Male,South South,Rural,Primary,Retired/None,Not in Labor Force,0.0,1
a5a0fd35,1,Male,North West,Rural,None,None,Not in Labor Force,0.0,1
38a32c90,12,Male,South East,Urban,Secondary,Student,Not in Labor Force,0.0,1
85deb9d1,54,Female,South West,Rural,Tertiary,Professional,Wage-employed,117705.93,0
2621c9fc,8,Female,South East,Rural,Primary,Student,Not in Labor Force,0.0,1
037a7b36,35,Male,North West,Rural,None,Informal,Informal,128422.3,0
7a30207f,45,Female,North West,Urban,Secondary,Manufacturing,Self-employed,68215.48,1
9934b926,62,Female,North West,Rural,None,Agriculture,Informal,26447.01,1
585b9279,3,Female,South West,Rural,None,None,Not in Labor Force,0.0,1
3f6368c2,62,Male,South West,Rural,None,Agriculture,Informal,124347.66,0
35505e4c,52,Male,South South,Rural,Primary,Agriculture,Informal,59772.95,1
de303719,10,Female,North Central,Rural,Primary,Student,Not in Labor Force,0.0,1
03485a12,50,Female,North West,Rural,Primary,Agriculture,Informal,49823.97,1
03062364,62,Male,North West,Urban,None,Informal,Informal,207023.51,0
e578fda0,37,Male,North West,Urban,Secondary,Unemployed,Self-employed,206622.55,0
aaa9e22d,6,Female,South East,Urban,Primary,Student,Not in Labor Force,0.0,1
233b40ed,35,Female,South East,Rural,Tertiary,Professional,Wage-employed,226454.53,0
a7b39075,12,Female,South South,Urban,Tertiary,Student,Not in Labor Force,0.0,1
72bea12e,4,Male,North Central,Urban,None,None,Not in Labor Force,0.0,1
12a4b4dd,61,Male,North West,Rural,Secondary,Trade/Services,Self-employed,91068.62,1
1a871096,40,Male,North West,Urban,None,Trade/Services,Informal,153944.4,0
2e2da0d0,7,Male,South West,Urban,Primary,Student,Not in Labor Force,0.0,1
c6de1f25,6,Male,South South,Rural,None,Student,Not in Labor Force,0.0,1
f902a3ea,13,Female,North West,Rural,None,Student,Not in Labor Force,0.0,1
f54904c2,6,Female,North West,Rural,Primary,Student,Not in Labor Force,0.0,1
b17be330,5,Female,South West,Rural,None,None,Not in Labor Force,0.0,1
4bb9689c,6,Male,South West,Urban,Primary,Student,Not in Labor Force,0.0,1
35a2b27b,37,Male,North East,Rural,Secondary,Trade/Services,Self-employed,55373.39,1
52e9a583,44,Male,South East,Rural,Primary,Agriculture,Informal,142354.23,0
aca34478,32,Male,North West,Rural,None,Agriculture,Informal,45889.17,1
f15a3074,56,Female,South South,Rural,Secondary,Trade/Services,Self-employed,58518.97,1
d06e9466,1,Male,North West,Urban,None,None,Not in Labor Force,0.0,1
19cee7f6,60,Male,North West,Urban,Tertiary,Professional,Wage-employed,768463.21,0
71ae6952,24,Male,North East,Rural,None,Informal,Informal,93038.01,1
534bb379,53,Male,North West,Urban,Secondary,Informal,Self-employed,45891.9,1
950dbdc8,44,Female,North Central,Urban,Secondary,Trade/Services,Self-employed,124979.5,0
85fae9bc,40,Male,South West,Urban,Primary,Trade/Services,Informal,41642.68,1
6ed5f3d4,21,Female,North Central,Urban,Secondary,Informal,Self-employed,215131.14,0
5389b838,6,Female,South West,Rural,None,Student,Not in Labor Force,0.0,1
bffae299,19,Male,North East,Rural,None,Informal,Informal,168008.21,0
752d5f15,15,Male,North West,Rural,Secondary,Informal,Self-employed,136302.42,0
ca16dc46,60,Female,South South,Urban,Secondary,Manufacturing,Self-employed,84474.03,1
18219b59,32,Female,South East,Urban,Secondary,Informal,Self-employed,227286.02,0
48ba4da2,12,Male,North West,Urban,Secondary,Student,Not in Labor Force,0.0,1
7d931da2,8,Male,North Central,Urban,None,Student,Not in Labor Force,0.0,1
601d3953,54,Male,South West,Urban,Primary,Informal,Informal,78416.3,1
694a1d7b,22,Male,North West,Rural,None,Agriculture,Informal,57281.28,1
0caa59f8,24,Male,South West,Urban,Secondary,Informal,Self-employed,99590.61,0
4125b823,0,Male,North Central,Rural,None,None,Not in Labor Force,0.0,1
ac999e69,5,Male,North West,Rural,None,None,Not in Labor Force,0.0,1
a8d996c9,29,Male,North West,Rural,Tertiary,Trade/Services,Wage-employed,315783.09,0
fdd95fe8,29,Male,South East,Urban,Secondary,Trade/Services,Self-employed,127696.93,0
7a741596,62,Female,North East,Rural,Primary,Agriculture,Informal,14150.16,1
0005b4e0,54,Female,North West,Rural,Primary,Agriculture,Informal,60810.6,1
d3e16ce6,34,Female,South West,Rural,Secondary,Trade/Services,Self-employed,90892.22,1
78583bed,14,Male,South West,Urban,None,Student,Not in Labor Force,0.0,1
a7d395ae,49,Female,North East,Rural,None,Agriculture,Informal,73724.57,1
eabcb2d1,5,Male,South South,Rural,None,None,Not in Labor Force,0.0,1
9b6a0f5c,44,Female,South West,Urban,Tertiary,Manufacturing,Wage-employed,120085.67,0
ac7e82c8,22,Male,North East,Rural,Secondary,Manufacturing,Self-employed,134215.45,0
85416bc2,45,Male,North Central,Urban,Primary,Informal,Informal,82220.86,1
51322d5e,14,Female,South West,Urban,Tertiary,Student,Not in Labor Force,0.0,1
dc53195d,46,Female,North West,Rural,Primary,Agriculture,Informal,80586.09,1
46fd5376,12,Female,North Central,Urban,Primary,Student,Not in Labor Force,0.0,1
c130c53e,29,Male,South West,Rural,Secondary,Informal,Self-employed,37142.74,1
0ccf0313,1,Male,North Central,Urban,None,None,Not in Labor Force,0.0,1
0e2456ba,12,Male,South West,Urban,Secondary,Student,Not in Labor Force,0.0,1
2b088579,38,Female,North Central,Rural,None,Informal,Informal,28543.04,1
646b1a0a,7,Female,North West,Urban,None,Student,Not in Labor Force,0.0,1
d92382b3,28,Female,North Central,Rural,Primary,Agriculture,Informal,19438.44,1
fc2d423a,42,Male,North Central,Rural,None,Agriculture,Informal,65368.15,1
72fa7ebb,10,Female,South East,Urban,Primary,Student,Not in Labor Force,0.0,1
ab2ddbd9,20,Male,South West,Rural,Secondary,Trade/Services,Self-employed,80254.5,1
d8510fc6,13,Male,North Central,Rural,Primary,Student,Not in Labor Force,0.0,1
a2c1e0d7,39,Female,South South,Rural,Secondary,Trade/Services,Self-employed,90545.02,1
9eaaf14d,12,Female,North West,Rural,Tertiary,Student,Not in Labor Force,0.0,1
45f95515,0,Male,North West,Rural,None,None,Not in Labor Force,0.0,1
fbd222a5,8,Male,North East,Rural,Primary,Student,Not in Labor Force,0.0,1
702f6dc9,1,Male,North West,Urban,None,None,Not in Labor Force,0.0,1
26a2c0a2,13,Male,South West,Urban,None,Student,Not in Labor Force,0.0,1
2a010aee,46,Male,North West,Rural,None,Informal,Informal,25965.63,1
d4e718c4,27,Male,North West,Rural,Primary,Agriculture,Informal,28972.45,1
5c8738cd,47,Male,North East,Rural,Primary,Agriculture,Informal,13391.09,1
63f42f38,46,Female,South West,Urban,None,Informal,Informal,36050.33,1
d18e3d74,7,Female,South South,Rural,Primary,Student,Not in Labor Force,0.0,1
026c65f3,7,Male,South East,Urban,Primary,Student,Not in Labor Force,0.0,1
00a3bda0,10,Female,North West,Rural,None,Student,Not in Labor Force,0.0,1
3c8d8472,3,Female,South West,Rural,None,None,Not in Labor Force,0.0,1
33d0b401,38,Male,North West,Rural,Secondary,Informal,Self-employed,66834.74,1
750c3d04,37,Male,North East,Urban,Primary,Trade/Services,Informal,56443.27,1
9d2f1ebf,12,Female,South East,Rural,Primary,Student,Not in Labor Force,0.0,1
98f0b70a,1,Female,North Central,Urban,None,None,Not in Labor Force,0.0,1
a0762269,35,Female,North West,Rural,Primary,Agriculture,Informal,57493.38,1
938a1373,44,Female,North Central,Urban,Secondary,Trade/Services,Self-employed,210444.66,0
7565946a,9,Male,North West,Rural,Primary,Student,Not in Labor Force,0.0,1
fa93079b,34,Male,North East,Rural,Primary,Agriculture,Informal,39601.09,1
c3a06841,30,Male,North Central,Rural,None,Agriculture,Informal,80279.81,1
7f640ba4,2,Male,North East,Rural,None,None,Not in Labor Force,0.0,1
3b0da9d2,0,Male,South South,Rural,None,None,Not in Labor Force,0.0,1
b26c14f8,51,Male,South West,Urban,Secondary,Trade/Services,Self-employed,212555.12,0
991a919e,54,Male,South East,Urban,Secondary,Trade/Services,Self-employed,265673.35,0
3aa1fb33,58,Male,South East,Urban,None,Informal,Informal,108431.26,0
a08047d0,8,Male,South West,Urban,Primary,Student,Not in Labor Force,0.0,1
edb7dcd2,6,Male,North Central,Urban,None,Student,Not in Labor Force,0.0,1
deec87ae,58,Male,North West,Rural,None,Agriculture,Informal,62565.71,1
e499fd70,15,Male,South West,Urban,Secondary,Trade/Services,Self-employed,69701.54,1
dcc04b04,0,Female,North East,Urban,None,None,Not in Labor Force,0.0,1
578fa57f,29,Female,North West,Rural,None,Agriculture,Informal,70509.72,1
b1602067,31,Male,North Central,Rural,Primary,Agriculture,Informal,47773.53,1
e9a4c916,48,Male,South West,Urban,Secondary,Trade/Services,Self-employed,304337.53,0
efa15511,31,Female,South South,Rural,Primary,Agriculture,Informal,63244.36,1
6204ecfe,55,Female,North East,Urban,Primary,Informal,Informal,73424.92,1
473d6f2f,58,Female,North Central,Urban,Primary,Trade/Services,Informal,189010.34,0
bd433158,18,Male,South South,Urban,Secondary,Informal,Self-employed,99765.21,0
0d671ba0,12,Female,North East,Urban,Primary,Student,Not in Labor Force,0.0,1
c6336de3,18,Female,North West,Rural,None,Agriculture,Informal,59759.43,1
4c2dab42,6,Female,North East,Urban,Primary,Student,Not in Labor Force,0.0,1
7076670f,60,Male,South South,Rural,Secondary,Informal,Self-employed,329600.08,0
f1feed8b,10,Female,North West,Rural,None,Student,Not in Labor Force,0.0,1
267aeef1,8,Female,North East,Rural,Primary,Student,Not in Labor Force,0.0,1
bebc0305,6,Female,North Central,Rural,Primary,Student,Not in Labor Force,0.0,1
40046137,0,Male,South East,Rural,None,None,Not in Labor Force,0.0,1
83632de8,47,Female,South South,Urban,Tertiary,Trade/Services,Wage-employed,469649.19,0
98e99fbd,34,Male,North Central,Rural,None,Agriculture,Informal,117604.57,0
61694836,18,Male,South South,Urban,Secondary,Trade/Services,Self-employed,328494.07,0
d4996c0f,0,Female,North West,Rural,None,None,Not in Labor Force,0.0,1
c8c34335,5,Male,North West,Rural,None,None,Not in Labor Force,0.0,1
58a9902a,9,Female,South South,Rural,Primary,Student,Not in Labor Force,0.0,1
6c5b7dbc,1,Female,North Central,Urban,None,None,Not in Labor Force,0.0,1
b38d6885,41,Male,North West,Rural,None,Agriculture,Informal,42996.85,1
cf0f47e9,4,Female,North Central,Urban,None,None,Not in Labor Force,0.0,1
e77c59b4,7,Female,South East,Urban,Primary,Student,Not in Labor Force,0.0,1
36de203f,14,Male,South East,Rural,Secondary,Student,Not in Labor Force,0.0,1
07e2a62b,2,Female,South South,Urban,None,None,Not in Labor Force,0.0,1
ce750be8,39,Male,South West,Urban,Secondary,Informal,Self-employed,229869.0,0
c96a87c4,23,Male,South South,Urban,Secondary,Trade/Services,Self-employed,109136.07,0
e2987afe,0,Male,North Central,Rural,None,None,Not in Labor Force,0.0,1
33f94382,4,Male,South West,Urban,None,None,Not in Labor Force,0.0,1
3535c2ec,11,Male,South East,Urban,Primary,Student,Not in Labor Force,0.0,1
0101f211,12,Female,North Central,Urban,Secondary,Student,Not in Labor Force,0.0,1
b5b8ebeb,2,Female,North West,Rural,None,None,Not in Labor Force,0.0,1
7188e367,18,Male,North East,Rural,Primary,Informal,Informal,203610.35,0
fc75bc31,18,Male,South West,Urban,Secondary,Unemployed,Self-employed,316846.6,0
1ab22557,57,Female,North West,Rural,Secondary,Trade/Services,Self-employed,154195.33,0
9309ac12,11,Male,North West,Urban,Primary,Student,Not in Labor Force,0.0,1
12035ae7,6,Male,North East,Rural,Primary,Student,Not in Labor Force,0.0,1
200061bd,40,Male,North West,Rural,Primary,Informal,Informal,112056.51,0
fbb6b883,25,Male,South West,Urban,Tertiary,Professional,Wage-employed,263720.58,0
b9a3400d,38,Male,North East,Urban,None,Informal,Informal,226506.43,0
d1e63f8f,10,Female,North West,Rural,Primary,Student,Not in Labor Force,0.0,1
4280fa1c,24,Female,South West,Urban,None,Trade/Services,Informal,46975.02,1
b1c9f0a2,4,Male,South East,Urban,None,None,Not in Labor Force,0.0,1
0f50ed86,27,Male,North West,Urban,Secondary,Trade/Services,Self-employed,170113.26,0
3bd39989,58,Male,North West,Urban,None,Informal,Informal,52660.66,1
36e8a2a5,56,Female,South South,Urban,Secondary,Informal,Self-employed,223291.32,0
20b41362,6,Female,North East,Rural,None,Student,Not in Labor Force,0.0,1
63ba9f73,33,Female,South South,Urban,Primary,Informal,Informal,230278.41,0
4f7b3bd1,2,Female,North East,Urban,None,None,Not in Labor Force,0.0,1
7e2c3604,2,Male,North West,Rural,None,None,Not in Labor Force,0.0,1
76f32d17,11,Female,North West,Rural,None,Student,Not in Labor Force,0.0,1
7b61ac90,36,Male,North West,Rural,None,Informal,Informal,78505.64,1
bf9ee206,14,Male,South South,Urban,Primary,Student,Not in Labor Force,0.0,1
7c6317dc,4,Female,South South,Rural,None,None,Not in Labor Force,0.0,1
b219c243,44,Male,South South,Urban,Primary,Informal,Informal,97640.62,0
1a20ff1a,13,Female,South South,Rural,Secondary,Student,Not in Labor Force,0.0,1
9cf17c55,26,Male,South East,Urban,Secondary,Trade/Services,Self-employed,124471.15,0
39496fea,12,Female,South West,Urban,Tertiary,Student,Not in Labor Force,0.0,1
133de716,4,Male,South East,Rural,None,None,Not in Labor Force,0.0,1
e53c6dac,25,Male,North West,Urban,Secondary,Trade/Services,Self-employed,141531.45,0
6b44e7d2,11,Female,North East,Urban,Primary,Student,Not in Labor Force,0.0,1
9d01411c,51,Female,South West,Urban,Secondary,Informal,Self-employed,108940.49,0
ebf19b94,62,Female,South South,Urban,Secondary,Informal,Self-employed,355048.4,0
858040a6,32,Female,South West,Urban,Primary,Informal,Informal,130142.32,0
bbbcab8d,58,Female,South East,Rural,Secondary,Trade/Services,Self-employed,80141.98,1
ae881f10,10,Female,North Central,Rural,Primary,Student,Not in Labor Force,0.0,1
372edbe0,10,Male,South West,Urban,Primary,Student,Not in Labor Force,0.0,1
e8ad2247,51,Male,South South,Rural,Tertiary,Professional,Wage-employed,307502.05,0
698cf5b8,62,Male,North West,Rural,Secondary,Informal,Self-employed,567805.5,0
64599c4a,26,Female,South South,Rural,Secondary,Informal,Self-employed,116226.03,0
ad24d4be,37,Male,North Central,Urban,Primary,Informal,Informal,193255.95,0
234725b4,48,Female,South West,Rural,Tertiary,Professional,Wage-employed,209832.5,0
d31d762b,52,Female,South South,Urban,Secondary,Trade/Services,Self-employed,177044.8,0
b46a1934,6,Female,North Central,Rural,None,Student,Not in Labor Force,0.0,1
ef25eaa6,39,Male,North Central,Urban,Secondary,Trade/Services,Self-employed,91610.4,1
6523bb1b,18,Male,North Central,Rural,None,Agriculture,Informal,43426.0,1
8faf50ad,13,Female,North West,Rural,Primary,Student,Not in Labor Force,0.0,1
3c9649d3,44,Male,North Central,Rural,Secondary,Trade/Services,Self-employed,158934.15,0
b526f7e3,27,Male,North East,Urban,Secondary,Informal,Self-employed,77858.17,1
662cf57b,56,Male,South South,Urban,Tertiary,Professional,Wage-employed,195785.99,0
ec5e81ac,14,Male,North West,Rural,Secondary,Student,Not in Labor Force,0.0,1
1ff86aa4,0,Male,North Central,Urban,None,None,Not in Labor Force,0.0,1
e0a37d3a,28,Female,South South,Urban,None,Informal,Informal,121921.95,0
8e3ea913,61,Male,South South,Urban,Secondary,Unemployed,Self-employed,99417.87,0
b2042929,7,Female,South West,Rural,Primary,Student,Not in Labor Force,0.0,1
b705315d,6,Male,South West,Urban,Primary,Student,Not in Labor Force,0.0,1
a935e15f,38,Female,North East,Urban,Secondary,Informal,Self-employed,112645.35,0
9dc37a58,1,Female,North East,Rural,None,None,Not in Labor Force,0.0,1
dffba5b5,49,Male,North West,Urban,Secondary,Trade/Services,Self-employed,45221.63,1
01e57c43,89,Male,South East,Urban,Primary,Retired/None,Not in Labor Force,0.0,1
c7ad3531,0,Male,North East,Rural,None,None,Not in Labor Force,0.0,1
3feed0c5,46,Female,South West,Urban,Primary,Trade/Services,Informal,37737.96,1
e5a4e247,7,Female,North East,Rural,Primary,Student,Not in Labor Force,0.0,1
6cf154e2,7,Female,North Central,Rural,None,Student,Not in Labor Force,0.0,1
51233a37,21,Male,South West,Rural,Secondary,Informal,Self-employed,112691.24,0
835fb1a2,27,Male,South East,Rural,Primary,Agriculture,Informal,52044.46,1
a2a93c88,94,Male,North West,Rural,Primary,Retired/None,Not in Labor Force,0.0,1
fdef58ab,41,Male,North East,Rural,Secondary,Unemployed,Self-employed,170332.1,0
d4fd2747,4,Female,North West,Rural,None,None,Not in Labor Force,0.0,1
f14a2c45,3,Male,North West,Urban,None,None,Not in Labor Force,0.0,1
243b1bd9,9,Female,South West,Urban,Primary,Student,Not in Labor Force,0.0,1
56feaaf8,9,Female,North West,Rural,None,Student,Not in Labor Force,0.0,1
1048684c,12,Female,North West,Rural,None,Student,Not in Labor Force,0.0,1
dc00aaa2,14,Male,South South,Urban,Secondary,Student,Not in Labor Force,0.0,1
aa9cd9f8,24,Female,North Central,Rural,None,Agriculture,Informal,34897.38,1
7bc5c573,60,Female,North West,Rural,Primary,Informal,Informal,54196.03,1
2fc7cb9c,40,Female,North West,Urban,Secondary,Manufacturing,Self-employed,137021.22,0
aa9f7b6a,36,Female,North West,Urban,Primary,Informal,Informal,71505.02,1
1536f8c0,11,Female,North Central,Urban,Primary,Student,Not in Labor Force,0.0,1
a78868be,10,Female,South West,Rural,Primary,Student,Not in Labor Force,0.0,1
5acf4542,47,Male,South West,Rural,Primary,Agriculture,Informal,85691.16,1
fb3cdd5d,34,Female,North West,Urban,None,Informal,Informal,42130.8,1
ae31d127,6,Female,South West,Rural,Primary,Student,Not in Labor Force,0.0,1
d93b9689,55,Female,North Central,Urban,Secondary,Informal,Self-employed,181203.81,0
45d107a6,54,Female,North Central,Rural,Primary,Informal,Informal,118594.31,0
8b288735,27,Male,South East,Urban,Primary,Trade/Services,Informal,49315.81,1
c2b5f552,13,Female,North East,Rural,Secondary,Student,Not in Labor Force,0.0,1
d451db29,58,Female,North West,Urban,Primary,Trade/Services,Informal,102785.69,0
ba0cfc6b,54,Male,South South,Urban,Secondary,Trade/Services,Self-employed,165119.79,0
a8ff3220,36,Male,North West,Urban,None,Trade/Services,Informal,115067.26,0
b3178d5d,32,Female,North East,Urban,Secondary,Informal,Self-employed,133371.63,0
55416401,62,Male,South West,Rural,Secondary,Trade/Services,Self-employed,231185.43,0
68f510f4,43,Male,South West,Rural,Secondary,Trade/Services,Self-employed,350169.46,0
bca3c8db,10,Male,South East,Rural,None,Student,Not in Labor Force,0.0,1
f4c26dbf,30,Female,North West,Urban,Primary,Trade/Services,Informal,117600.74,0
d5c2ce45,60,Male,North East,Rural,Secondary,Unemployed,Self-employed,119174.88,0
9ec4b8e5,49,Male,North West,Rural,Secondary,Informal,Self-employed,99535.29,0
fc0495d0,4,Female,North Central,Urban,None,None,Not in Labor Force,0.0,1
4ad86d45,1,Female,North East,Urban,None,None,Not in Labor Force,0.0,1
6bf976c2,17,Female,South West,Urban,None,Informal,Informal,36749.38,1
b7cc751a,18,Male,North West,Urban,None,Informal,Informal,34322.34,1
8b7b0893,19,Female,North West,Rural,None,Informal,Informal,29960.07,1
9b18681d,24,Male,North Central,Rural,None,Agriculture,Informal,70223.87,1
4a27f3c1,43,Female,South South,Urban,Secondary,Trade/Services,Self-employed,118700.89,0
41867464,46,Female,South South,Rural,Secondary,Informal,Self-employed,246784.29,0
a34e0a8e,45,Male,South South,Urban,Secondary,Informal,Self-employed,29640.23,1
5acca604,16,Female,North Central,Urban,Secondary,Informal,Self-employed,136548.67,0
f7182305,26,Male,North West,Urban,Secondary,Informal,Self-employed,172824.81,0
d662e14b,10,Female,North East,Rural,Primary,Student,Not in Labor Force,0.0,1
1acf87b6,19,Male,South West,Urban,Tertiary,Manufacturing,Wage-employed,685984.43,0
2bf52683,51,Female,North West,Rural,Primary,Agriculture,Informal,65250.83,1
4bb736f9,10,Male,North East,Urban,Primary,Student,Not in Labor Force,0.0,1
0cded535,6,Male,North West,Urban,Primary,Student,Not in Labor Force,0.0,1
c2f410b6,0,Female,North Central,Urban,None,None,Not in Labor Force,0.0,1
e55ad35c,3,Female,North West,Rural,None,None,Not in Labor Force,0.0,1
ea644d5c,10,Female,North West,Rural,None,Student,Not in Labor Force,0.0,1
88986b79,4,Male,North Central,Rural,None,None,Not in Labor Force,0.0,1
a61e950e,38,Male,North East,Urban,Secondary,Informal,Self-employed,165856.32,0
3631ce0a,58,Male,North Central,Urban,Primary,Informal,Informal,89825.05,1
bcbc4154,14,Male,South West,Urban,Secondary,Student,Not in Labor Force,0.0,1
19d907bb,11,Male,North West,Urban,Primary,Student,Not in Labor Force,0.0,1
2deb8400,62,Female,South East,Urban,Secondary,Trade/Services,Self-employed,173485.86,0
9d3ca24d,7,Male,North West,Urban,Primary,Student,Not in Labor Force,0.0,1
4bc22fd7,63,Male,North Central,Rural,None,Agriculture,Informal,59185.44,1
930f628f,24,Male,South West,Urban,Tertiary,Professional,Wage-employed,1425035.27,0
e330f0a6,63,Female,South South,Urban,Secondary,Informal,Self-employed,188472.37,0
6270f6a0,0,Female,South West,Urban,None,None,Not in Labor Force,0.0,1
e083e4b6,64,Male,North West,Rural,None,Agriculture,Informal,67402.25,1
25d29022,1,Female,North Central,Urban,None,None,Not in Labor Force,0.0,1
c22044d7,45,Male,North East,Urban,Secondary,Informal,Self-employed,85573.02,1
3e309858,39,Female,North Central,Rural,None,Informal,Informal,48757.99,1
4b74000b,3,Female,North West,Rural,None,None,Not in Labor Force,0.0,1
555a5ae2,2,Female,North Central,Urban,None,None,Not in Labor Force,0.0,1
9a125a3f,10,Male,North West,Rural,None,Student,Not in Labor Force,0.0,1
b8d45b0a,31,Female,South West,Urban,Secondary,Informal,Self-employed,329744.11,0
14a8392f,11,Female,South West,Rural,Primary,Student,Not in Labor Force,0.0,1
7d6d45df,16,Female,North West,Urban,Tertiary,Professional,Wage-employed,90130.55,1
4234094c,5,Female,South South,Urban,None,None,Not in Labor Force,0.0,1
1aad7382,23,Female,South West,Urban,Tertiary,Professional,Wage-employed,414189.71,0
95fece20,19,Male,North East,Rural,Primary,Informal,Informal,58985.46,1
bac356f0,34,Female,North West,Rural,None,Informal,Informal,80825.75,1
d4993219,43,Female,South West,Urban,Tertiary,Professional,Wage-employed,469361.83,0
c8ac5676,4,Female,North East,Rural,None,None,Not in Labor Force,0.0,1
60947b48,8,Male,South South,Rural,Primary,Student,Not in Labor Force,0.0,1
3a840b75,42,Male,North West,Urban,None,Informal,Informal,200683.96,0
4d5f1388,12,Male,North West,Rural,Primary,Student,Not in Labor Force,0.0,1
6ffe4e96,22,Male,South South,Urban,Secondary,Trade/Services,Self-employed,141340.01,0
1b4e5da9,14,Male,South South,Urban,Secondary,Student,Not in Labor Force,0.0,1
a7a9ba78,3,Female,North West,Urban,None,None,Not in Labor Force,0.0,1
25b4e301,10,Male,South West,Urban,Primary,Student,Not in Labor Force,0.0,1
e75e2d38,22,Male,North West,Rural,None,Agriculture,Informal,57614.82,1
ebeefc5d,5,Male,South West,Urban,None,None,Not in Labor Force,0.0,1
c9d4e04b,35,Male,South South,Rural,Tertiary,Professional,Wage-employed,524958.48,0
86e19239,12,Female,North West,Rural,None,Student,Not in Labor Force,0.0,1
25c26f5f,42,Male,North West,Rural,None,Agriculture,Informal,150196.35,0
a972a37f,6,Male,North West,Rural,None,Student,Not in Labor Force,0.0,1
feb153e8,20,Female,North West,Rural,Primary,Agriculture,Informal,90409.82,1
c2cb4209,17,Female,North West,Urban,Secondary,Informal,Self-employed,244489.16,0
b2252b29,4,Male,South East,Rural,None,None,Not in Labor Force,0.0,1
cf8c9aaa,23,Female,North East,Rural,Primary,Agriculture,Informal,52551.95,1
e427674e,71,Female,North Central,Urban,Secondary,Retired/None,Not in Labor Force,0.0,1
78264c5e,18,Female,South East,Urban,Secondary,Informal,Self-employed,143665.49,0
3eeaabf7,53,Male,North Central,Rural,Primary,Agriculture,Informal,146011.29,0
bc401afe,4,Female,North Central,Urban,None,None,Not in Labor Force,0.0,1
375ba57c,25,Male,North West,Rural,None,Informal,Informal,82127.39,1
26b7e2c4,12,Male,South West,Rural,Primary,Student,Not in Labor Force,0.0,1
986e1406,14,Male,North West,Urban,Secondary,Student,Not in Labor Force,0.0,1
d7e58c90,66,Male,South East,Urban,Secondary,Trade/Services,Self-employed,115241.14,0
11ed511c,12,Female,North East,Rural,None,Student,Not in Labor Force,0.0,1
ddabdf1e,62,Female,South West,Urban,None,Informal,Informal,82415.63,1
7a9d61ad,21,Male,South West,Rural,Secondary,Manufacturing,Self-employed,183926.37,0
143920cf,54,Male,South West,Rural,Primary,Agriculture,Informal,117681.39,0
9d9b7b96,70,Male,North East,Urban,None,Informal,Informal,48762.72,1
45728881,7,Female,North East,Urban,None,Student,Not in Labor Force,0.0,1
1353bc6a,6,Female,South South,Rural,None,Student,Not in Labor Force,0.0,1
3d9244f8,1,Female,North West,Rural,None,None,Not in Labor Force,0.0,1
80eb9cfb,13,Female,North West,Rural,None,Student,Not in Labor Force,0.0,1
fd02dd5f,5,Female,South West,Urban,None,None,Not in Labor Force,0.0,1
90192276,8,Female,South East,Rural,Primary,Student,Not in Labor Force,0.0,1
93ea606a,42,Male,North East,Urban,None,Informal,Informal,100464.0,0
a4aac38e,34,Female,South West,Rural,Primary,Agriculture,Informal,59593.05,1
518ffa78,6,Female,South West,Rural,Primary,Student,Not in Labor Force,0.0,1
4bf81136,17,Female,North West,Rural,Primary,Agriculture,Informal,57565.49,1
d4d4d8d8,4,Female,South West,Urban,None,None,Not in Labor Force,0.0,1
ab32c10f,0,Female,South East,Rural,None,None,Not in Labor Force,0.0,1
77c138d4,29,Female,South South,Urban,Primary,Trade/Services,Informal,179545.65,0
54dcc93f,40,Female,North West,Urban,Secondary,Informal,Self-employed,115552.14,0
9f925829,17,Male,South West,Urban,Secondary,Informal,Self-employed,94339.36,1
a5a85985,7,Male,North Central,Rural,None,Student,Not in Labor Force,0.0,1
2dd4ed27,55,Female,North West,Rural,None,Agriculture,Informal,36717.37,1
5b2bdbb1,61,Male,South West,Rural,Secondary,Trade/Services,Self-employed,88900.39,1
f624d3ef,56,Female,North West,Rural,None,Agriculture,Informal,38516.89,1
edeebd06,48,Female,North East,Rural,None,Agriculture,Informal,35636.69,1
74166458,19,Female,North East,Rural,Secondary,Informal,Self-employed,57873.68,1
82485adf,45,Female,North East,Rural,None,Informal,Informal,36376.36,1
9d899021,27,Male,North Central,Rural,Secondary,Informal,Self-employed,62536.18,1
fc6adaa4,75,Female,North East,Rural,Primary,Retired/None,Not in Labor Force,0.0,1
85ad51dc,15,Female,South West,Rural,Primary,Informal,Informal,76071.7,1
ec82a523,36,Male,North West,Rural,Primary,Agriculture,Informal,18471.98,1
e54539a0,29,Male,South West,Urban,Secondary,Trade/Services,Self-employed,87460.98,1
a9fc82ff,9,Female,South South,Urban,Primary,Student,Not in Labor Force,0.0,1
13380af6,1,Female,North West,Rural,None,None,Not in Labor Force,0.0,1
d29a8662,62,Female,North Central,Urban,Primary,Trade/Services,Informal,76109.02,1
f02df930,23,Female,South West,Urban,Secondary,Informal,Self-employed,265448.14,0
b55b1971,15,Male,South West,Urban,Secondary,Manufacturing,Self-employed,114971.99,0
3816eb7f,10,Male,North East,Rural,None,Student,Not in Labor Force,0.0,1
3f42919d,23,Male,South West,Urban,Tertiary,Professional,Wage-employed,365128.99,0
643dfea1,6,Female,North West,Rural,Primary,Student,Not in Labor Force,0.0,1
8609e35d,75,Male,North East,Urban,Secondary,Retired/None,Not in Labor Force,0.0,1
a877e66d,77,Female,North Central,Urban,Secondary,Retired/None,Not in Labor Force,0.0,1
bb1f27fb,16,Female,North West,Urban,Primary,Trade/Services,Informal,76667.41,1
2680e978,28,Female,North Central,Urban,Tertiary,Trade/Services,Wage-employed,134025.77,0
97ba2474,52,Male,South West,Urban,Primary,Trade/Services,Informal,120025.06,0
aec81e86,54,Female,South East,Rural,Secondary,Trade/Services,Self-employed,142978.99,0
f16ea175,14,Male,North West,Rural,None,Student,Not in Labor Force,0.0,1
44c772b4,32,Male,South South,Rural,Tertiary,Professional,Wage-employed,483447.35,0
c8e442c2,30,Male,South West,Rural,Secondary,Trade/Services,Self-employed,443968.47,0
5e92a51f,43,Female,North East,Rural,Primary,Agriculture,Informal,27471.02,1
893a8924,11,Male,North West,Rural,Primary,Student,Not in Labor Force,0.0,1
93994bb8,25,Female,South West,Urban,Tertiary,Professional,Wage-employed,163928.23,0
b25f9f8c,5,Male,South South,Rural,None,None,Not in Labor Force,0.0,1
66130f5d,17,Male,North Central,Rural,None,Agriculture,Informal,91447.51,1
eb7a5fbd,28,Male,South West,Urban,Secondary,Informal,Self-employed,108826.11,0
5c6b5d79,16,Female,North East,Rural,Secondary,Informal,Self-employed,54645.55,1
55b96d7d,46,Female,North East,Urban,Primary,Informal,Informal,68217.92,1
cc8c5fe1,14,Female,North East,Rural,None,Student,Not in Labor Force,0.0,1
1164fd1a,10,Female,South West,Rural,Primary,Student,Not in Labor Force,0.0,1
1eba152b,36,Female,North East,Rural,None,Agriculture,Informal,41315.53,1
89a6c6d2,17,Female,North West,Rural,Primary,Agriculture,Informal,168529.53,0
4b9a5de1,1,Female,North East,Urban,None,None,Not in Labor Force,0.0,1
896d475d,45,Female,South South,Urban,Secondary,Trade/Services,Self-employed,517666.96,0
55c3a7f1,47,Male,South West,Urban,Tertiary,Professional,Wage-employed,150040.9,0
044d58dc,38,Female,North East,Urban,Primary,Trade/Services,Informal,33325.25,1
63be69ad,15,Female,South South,Rural,None,Informal,Informal,37963.45,1
176cf205,11,Female,North West,Rural,Primary,Student,Not in Labor Force,0.0,1
b57384c4,14,Female,North West,Urban,Primary,Student,Not in Labor Force,0.0,1
4b929ecb,51,Male,North West,Urban,Secondary,Informal,Self-employed,88104.88,1
0c13bb20,41,Female,North West,Rural,Primary,Informal,Informal,37603.17,1
139c121f,52,Male,North West,Urban,Secondary,Trade/Services,Self-employed,118593.8,0
f9c28085,62,Female,South West,Urban,Tertiary,Professional,Wage-employed,306171.02,0
5f08f16f,41,Female,South West,Urban,Secondary,Informal,Self-employed,59150.03,1
651faae3,76,Female,South West,Rural,Tertiary,Retired/None,Not in Labor Force,0.0,1
7d74e557,26,Male,South West,Rural,None,Agriculture,Informal,32335.31,1
3502b3a3,17,Male,South East,Urban,Secondary,Trade/Services,Self-employed,336988.24,0
b697f782,13,Male,North West,Rural,None,Student,Not in Labor Force,0.0,1
e3f86c04,6,Male,South West,Rural,Primary,Student,Not in Labor Force,0.0,1
47cae7a3,16,Female,South West,Urban,Secondary,Trade/Services,Self-employed,107530.63,0
f2b2489c,6,Female,South South,Urban,None,Student,Not in Labor Force,0.0,1
8d0df1c8,48,Female,North West,Rural,None,Agriculture,Informal,46855.4,1
a23dec52,46,Female,North West,Rural,None,Informal,Informal,24046.33,1
718484d8,53,Male,South West,Urban,Secondary,Trade/Services,Self-employed,100918.64,0
0f47fd95,10,Male,South West,Urban,None,Student,Not in Labor Force,0.0,1
727bad78,10,Male,North East,Rural,Primary,Student,Not in Labor Force,0.0,1
9faa7b2d,13,Female,South West,Rural,Secondary,Student,Not in Labor Force,0.0,1
d118bcf5,2,Female,North West,Urban,None,None,Not in Labor Force,0.0,1
107a78e0,13,Female,South South,Urban,None,Student,Not in Labor Force,0.0,1
7f633098,46,Male,North West,Rural,Primary,Agriculture,Informal,106568.31,0
8497dace,57,Male,North West,Rural,Primary,Informal,Informal,85590.61,1
48834ab1,50,Female,North West,Rural,Primary,Agriculture,Informal,97407.61,0
abb5268f,31,Male,North Central,Rural,Primary,Agriculture,Informal,29081.04,1
b8421fab,2,Female,North West,Rural,None,None,Not in Labor Force,0.0,1
ad69ea6b,24,Male,South West,Rural,Secondary,Unemployed,Self-employed,47487.86,1
30d75fe4,61,Male,South South,Rural,None,Agriculture,Informal,118191.5,0
acfae80d,7,Female,North East,Urban,Primary,Student,Not in Labor Force,0.0,1
9e7c12f5,32,Male,South West,Urban,None,Trade/Services,Informal,132689.15,0
4389e449,2,Female,North West,Rural,None,None,Not in Labor Force,0.0,1
fe7f36ed,53,Female,North East,Rural,Primary,Informal,Informal,51273.14,1
5ae1dbfc,94,Female,North East,Rural,Tertiary,Retired/None,Not in Labor Force,0.0,1
f411302d,9,Female,North West,Rural,Primary,Student,Not in Labor Force,0.0,1
201817ca,23,Female,South West,Urban,Tertiary,Professional,Wage-employed,667853.53,0
c259c0fa,60,Male,North West,Rural,None,Informal,Informal,29091.53,1
404d9a52,87,Female,South South,Urban,Secondary,Retired/None,Not in Labor Force,0.0,1
76d05327,60,Female,South West,Urban,Secondary,Trade/Services,Self-employed,63153.22,1
1775ef5a,25,Male,South West,Rural,Secondary,Informal,Self-employed,37403.64,1
f47aecee,11,Female,South South,Rural,Primary,Student,Not in Labor Force,0.0,1
9e01c8d5,0,Female,South South,Rural,None,None,Not in Labor Force,0.0,1
160bb28d,3,Female,South West,Rural,None,None,Not in Labor Force,0.0,1
fc4e4739,90,Female,North Central,Rural,Tertiary,Retired/None,Not in Labor Force,0.0,1
287f0c6b,41,Male,North East,Urban,Primary,Informal,Informal,100396.46,0
91216cd2,52,Female,South West,Urban,Secondary,Manufacturing,Self-employed,151756.22,0
74cab299,36,Male,North Central,Rural,Secondary,Informal,Self-employed,72153.43,1
63641fbc,9,Male,South South,Urban,Primary,Student,Not in Labor Force,0.0,1
b257f1f9,5,Female,North West,Urban,None,None,Not in Labor Force,0.0,1
77bded90,4,Female,North East,Rural,None,None,Not in Labor Force,0.0,1
30ba6efd,2,Male,North East,Urban,None,None,Not in Labor Force,0.0,1
17b6bb5b,1,Female,South East,Rural,None,None,Not in Labor Force,0.0,1
850bfd5b,49,Female,North West,Rural,Primary,Agriculture,Informal,37487.56,1
b7ada93c,8,Female,North Central,Urban,Primary,Student,Not in Labor Force,0.0,1
9c10f330,2,Female,North Central,Urban,None,None,Not in Labor Force,0.0,1
a941a5cd,2,Female,North West,Rural,None,None,Not in Labor Force,0.0,1
f6157439,0,Male,North Central,Rural,None,None,Not in Labor Force,0.0,1
26ae8352,82,Male,North Central,Rural,Primary,Retired/None,Not in Labor Force,0.0,1
0380d12e,57,Female,North West,Rural,Primary,Agriculture,Informal,254926.15,0
5ab3c56a,76,Male,North Central,Rural,None,Retired/None,Not in Labor Force,0.0,1
49c6484e,17,Female,South South,Urban,Tertiary,Trade/Services,Wage-employed,342669.4,0
bb58055c,1,Female,South South,Rural,None,None,Not in Labor Force,0.0,1
357c0693,52,Female,North Central,Rural,Primary,Informal,Informal,137701.04,0
6ac7c1e3,6,Male,North Central,Urban,None,Student,Not in Labor Force,0.0,1
9d7235d0,0,Male,North East,Rural,None,None,Not in Labor Force,0.0,1
2a59a136,5,Male,South South,Urban,None,None,Not in Labor Force,0.0,1
de670b9f,1,Female,North East,Rural,None,None,Not in Labor Force,0.0,1
140a4106,12,Male,North Central,Rural,None,Student,Not in Labor Force,0.0,1
5271eacb,14,Female,North West,Urban,None,Student,Not in Labor Force,0.0,1
626e04df,36,Male,North East,Rural,Primary,Informal,Informal,54840.87,1
911e249e,2,Female,North West,Rural,None,None,Not in Labor Force,0.0,1
fe148aff,6,Male,South West,Urban,Primary,Student,Not in Labor Force,0.0,1
a53a4c5f,23,Female,South West,Urban,Secondary,Unemployed,Self-employed,98673.57,0
10590b4c,2,Male,South West,Urban,None,None,Not in Labor Force,0.0,1
86f1b03e,6,Male,North East,Urban,None,Student,Not in Labor Force,0.0,1
e85c0d90,26,Female,South East,Urban,Secondary,Informal,Self-employed,311762.11,0
f765c89d,3,Male,North West,Urban,None,None,Not in Labor Force,0.0,1
3b0bc163,7,Female,North East,Rural,None,Student,Not in Labor Force,0.0,1
4fb1635a,64,Female,South West,Urban,Secondary,Informal,Self-employed,214052.9,0
090d7396,7,Female,South South,Urban,Primary,Student,Not in Labor Force,0.0,1
619b36df,23,Female,North West,Rural,None,Informal,Informal,59014.27,1
deee06b6,27,Male,North Central,Urban,Primary,Trade/Services,Informal,159568.48,0
f74175cc,7,Male,North Central,Rural,Primary,Student,Not in Labor Force,0.0,1
3abee1f6,56,Male,South South,Urban,Secondary,Informal,Self-employed,604516.3,0
2e94b0d5,31,Male,North West,Urban,Primary,Informal,Informal,52082.69,1
57340b93,6,Male,North Central,Rural,Primary,Student,Not in Labor Force,0.0,1
75b993ad,31,Male,North West,Urban,Secondary,Trade/Services,Self-employed,176847.31,0
4e19bae9,6,Female,North West,Urban,Primary,Student,Not in Labor Force,0.0,1
aafdeb28,64,Female,North West,Rural,Primary,Informal,Informal,46839.11,1
181244b4,7,Male,South South,Urban,Primary,Student,Not in Labor Force,0.0,1
f245e41b,16,Male,North West,Rural,None,Agriculture,Informal,34175.88,1
46f2760a,2,Male,South South,Urban,None,None,Not in Labor Force,0.0,1
dc3914aa,42,Male,North West,Urban,Primary,Informal,Informal,45371.52,1
9be6ff78,2,Female,South South,Urban,None,None,Not in Labor Force,0.0,1
e29d14d3,0,Male,South West,Rural,None,None,Not in Labor Force,0.0,1
c0d5f67f,35,Male,North West,Rural,Secondary,Trade/Services,Self-employed,256632.37,0
a4510cd7,24,Female,South West,Urban,Tertiary,Professional,Wage-employed,133939.52,0
eb00f029,60,Female,North East,Rural,Primary,Agriculture,Informal,81203.66,1
aaebf56c,59,Female,North East,Rural,Primary,Agriculture,Informal,36492.21,1
a9ba133c,23,Female,North Central,Rural,None,Informal,Informal,173424.39,0
69af3bce,52,Male,North Central,Rural,Primary,Informal,Informal,50825.53,1
f242a4e1,5,Male,South West,Urban,None,None,Not in Labor Force,0.0,1
e4737a16,56,Male,South East,Urban,Secondary,Informal,Self-employed,107108.26,0
bc8b9352,49,Male,North East,Rural,Secondary,Trade/Services,Self-employed,253141.93,0
b4ce1802,82,Female,South South,Rural,None,Retired/None,Not in Labor Force,0.0,1
b903fa72,33,Female,South South,Urban,Secondary,Manufacturing,Self-employed,225501.04,0
cf79cbd7,4,Male,North West,Rural,None,None,Not in Labor Force,0.0,1
e7feb596,8,Male,North West,Rural,None,Student,Not in Labor Force,0.0,1
4b34eaa4,25,Male,North Central,Urban,Secondary,Informal,Self-employed,185820.45,0
cfe5a703,24,Female,South West,Rural,Secondary,Informal,Self-employed,160089.32,0
ed311d54,31,Male,North East,Rural,Secondary,Informal,Self-employed,51536.0,1
d202eec3,50,Male,North East,Rural,None,Agriculture,Informal,93435.62,1
ac7c1a49,40,Female,South West,Urban,Secondary,Trade/Services,Self-employed,118251.32,0
834c9605,14,Male,South West,Urban,Tertiary,Student,Not in Labor Force,0.0,1
72ec5b0b,46,Male,North West,Urban,Secondary,Unemployed,Self-employed,165471.59,0
a4096322,4,Male,South South,Urban,None,None,Not in Labor Force,0.0,1
71d63a89,1,Male,South West,Urban,None,None,Not in Labor Force,0.0,1
ae96f80c,32,Male,North East,Rural,None,Informal,Informal,80076.02,1
f3bced72,15,Male,South West,Urban,Tertiary,Professional,Wage-employed,205601.39,0
b91c3b38,13,Female,North West,Urban,None,Student,Not in Labor Force,0.0,1
561ede74,7,Female,North Central,Urban,Primary,Student,Not in Labor Force,0.0,1
f1f07fea,16,Female,North West,Rural,None,Agriculture,Informal,85501.87,1
b5f670a0,2,Female,North West,Rural,None,None,Not in Labor Force,0.0,1
55009795,29,Male,North East,Rural,None,Agriculture,Informal,53540.07,1
a70cf37b,48,Female,North West,Rural,Primary,Agriculture,Informal,28454.09,1
c4ddcc74,50,Male,South West,Rural,Secondary,Manufacturing,Self-employed,90405.51,1
aaafdb44,15,Male,South West,Urban,Tertiary,Trade/Services,Wage-employed,405150.98,0
d4999369,2,Male,North West,Rural,None,None,Not in Labor Force,0.0,1
bf942ed6,35,Male,North West,Urban,None,Informal,Informal,115402.25,0
b61c8967,9,Female,South East,Rural,Primary,Student,Not in Labor Force,0.0,1
78f4a142,15,Male,North West,Rural,Primary,Informal,Informal,14285.86,1
cb2a4108,3,Male,North East,Rural,None,None,Not in Labor Force,0.0,1
2c30fbd1,61,Male,North Central,Urban,None,Informal,Informal,102015.67,0
80d32a22,3,Male,South East,Urban,None,None,Not in Labor Force,0.0,1
d98842e0,6,Male,South East,Urban,Primary,Student,Not in Labor Force,0.0,1
f8fd1ca0,13,Male,South West,Urban,Secondary,Student,Not in Labor Force,0.0,1
7a32293c,6,Male,North West,Rural,Primary,Student,Not in Labor Force,0.0,1
16ecca29,36,Female,South West,Rural,Primary,Informal,Informal,44041.34,1
43da6d55,8,Male,North West,Rural,Primary,Student,Not in Labor Force,0.0,1
ba9ae364,64,Male,North West,Rural,None,Agriculture,Informal,97335.99,0
72452515,77,Female,North Central,Urban,Primary,Retired/None,Not in Labor Force,0.0,1
148d60b0,24,Female,South West,Urban,Secondary,Manufacturing,Self-employed,133103.24,0
b685c2ce,7,Male,North West,Urban,Primary,Student,Not in Labor Force,0.0,1
876b8a61,7,Male,North West,Rural,None,Student,Not in Labor Force,0.0,1
20e251e5,41,Female,South East,Urban,Tertiary,Professional,Wage-employed,327738.43,0
c3d3bf29,9,Male,South South,Rural,Primary,Student,Not in Labor Force,0.0,1
fc22bdd1,13,Female,South West,Urban,Primary,Student,Not in Labor Force,0.0,1
c77ee717,60,Male,North Central,Rural,Primary,Informal,Informal,53825.35,1
a5f1a4de,25,Female,South East,Rural,Secondary,Unemployed,Self-employed,120577.24,0
292da8e0,20,Female,South West,Urban,Secondary,Manufacturing,Self-employed,229749.68,0
3fa0f9ee,4,Female,South West,Urban,None,None,Not in Labor Force,0.0,1
75c510bb,47,Male,North East,Rural,Primary,Agriculture,Informal,35078.13,1
3969c46a,2,Male,North West,Rural,None,None,Not in Labor Force,0.0,1
e063a547,6,Male,North Central,Urban,Primary,Student,Not in Labor Force,0.0,1
12d70022,38,Female,North East,Urban,Secondary,Trade/Services,Self-employed,108423.93,0
314ce6ec,1,Female,North East,Rural,None,None,Not in Labor Force,0.0,1
d74d5fe0,2,Male,North Central,Urban,None,None,Not in Labor Force,0.0,1
3cb45209,3,Female,North West,Rural,None,None,Not in Labor Force,0.0,1
2ae105d8,57,Male,South East,Urban,Secondary,Informal,Self-employed,321774.94,0
959ba1ca,51,Male,North West,Rural,Primary,Agriculture,Informal,48210.54,1
0ea49311,33,Female,North Central,Rural,None,Informal,Informal,74633.88,1
9a9e12bf,38,Male,South West,Urban,Secondary,Manufacturing,Self-employed,63543.81,1
b971293e,7,Male,North Central,Rural,None,Student,Not in Labor Force,0.0,1
39167fd3,48,Male,North East,Rural,Secondary,Unemployed,Self-employed,35287.91,1
93208f53,5,Female,North Central,Rural,None,None,Not in Labor Force,0.0,1
13ba827c,3,Female,South East,Rural,None,None,Not in Labor Force,0.0,1
a69558cd,24,Female,South South,Urban,Secondary,Trade/Services,Self-employed,71387.43,1
5564bc62,16,Female,South West,Urban,Secondary,Trade/Services,Self-employed,88085.64,1
e30563c5,7,Female,South East,Urban,Primary,Student,Not in Labor Force,0.0,1
f6b2b5cd,0,Male,North West,Urban,None,None,Not in Labor Force,0.0,1
ecc8d25c,10,Female,South South,Rural,Primary,Student,Not in Labor Force,0.0,1
6c4c8c2c,5,Female,South South,Urban,None,None,Not in Labor Force,0.0,1
9f8db9b8,57,Female,South West,Rural,Secondary,Informal,Self-employed,184231.19,0
82031f96,42,Female,South East,Urban,Secondary,Informal,Self-employed,265591.78,0
16283f6a,24,Female,North Central,Urban,Tertiary,Professional,Wage-employed,126097.14,0
5f391a16,59,Male,North East,Rural,Secondary,Informal,Self-employed,71342.89,1
d1e32e20,0,Male,South South,Rural,None,None,Not in Labor Force,0.0,1
18dfd078,48,Female,South West,Rural,Secondary,Manufacturing,Self-employed,150042.47,0
beb3b6c9,2,Female,South West,Rural,None,None,Not in Labor Force,0.0,1
147de649,23,Female,South West,Urban,None,Informal,Informal,75870.87,1
719f4f91,69,Male,South South,Rural,Secondary,Trade/Services,Self-employed,243466.61,0
cd175b3b,56,Male,South West,Urban,Primary,Informal,Informal,121067.14,0
ecbb9547,9,Female,North West,Rural,Primary,Student,Not in Labor Force,0.0,1
12026610,26,Female,North Central,Urban,Secondary,Trade/Services,Self-employed,113480.8,0
66617537,1,Female,South South,Rural,None,None,Not in Labor Force,0.0,1
73c6c72a,9,Male,South West,Urban,None,Student,Not in Labor Force,0.0,1
7c400cc2,4,Female,South South,Urban,None,None,Not in Labor Force,0.0,1
e9c4c164,4,Female,South East,Urban,None,None,Not in Labor Force,0.0,1
5fc95252,15,Female,South West,Rural,Secondary,Trade/Services,Self-employed,88680.77,1
f6fd82af,17,Male,North East,Rural,Secondary,Manufacturing,Self-employed,95408.8,1
d5081461,19,Male,North East,Rural,None,Agriculture,Informal,36041.47,1
c1411e4b,39,Female,South West,Urban,Secondary,Informal,Self-employed,234105.81,0
c8548b8a,63,Male,North Central,Urban,None,Informal,Informal,126179.06,0
61c3da5d,7,Female,South East,Urban,Primary,Student,Not in Labor Force,0.0,1
b6926083,0,Male,South East,Urban,None,None,Not in Labor Force,0.0,1
0744c310,23,Female,North East,Rural,Secondary,Trade/Services,Self-employed,129645.94,0
5ff8631b,46,Male,South West,Urban,Primary,Informal,Informal,93483.93,1
0f890188,20,Male,North Central,Urban,Secondary,Unemployed,Self-employed,72336.3,1
c1d8e4c2,0,Female,North East,Urban,None,None,Not in Labor Force,0.0,1
0e1993bf,7,Female,North Central,Urban,Primary,Student,Not in Labor Force,0.0,1
69f6dbf0,35,Male,South South,Rural,Secondary,Unemployed,Self-employed,133588.03,0
44bf148f,6,Male,North East,Rural,None,Student,Not in Labor Force,0.0,1
526e589d,6,Female,North East,Rural,None,Student,Not in Labor Force,0.0,1
ff8820ca,61,Male,North East,Rural,None,Agriculture,Informal,64696.44,1
6172bdb0,6,Female,North West,Rural,None,Student,Not in Labor Force,0.0,1
a30189a8,41,Male,North Central,Urban,None,Informal,Informal,268702.86,0
5b1e2d25,7,Female,North West,Urban,Primary,Student,Not in Labor Force,0.0,1
19a8b3a7,8,Female,South East,Rural,Primary,Student,Not in Labor Force,0.0,1
f7e170b9,11,Female,North West,Rural,Primary,Student,Not in Labor Force,0.0,1
33895f8b,29,Male,South West,Urban,None,Trade/Services,Informal,37198.56,1
dd8fd674,1,Female,North West,Urban,None,None,Not in Labor Force,0.0,1
a9da8d68,21,Male,South South,Urban,Secondary,Trade/Services,Self-employed,86337.8,1
7f9fb4a1,14,Female,North Central,Rural,Primary,Student,Not in Labor Force,0.0,1
973a2ce6,32,Male,South East,Urban,Primary,Informal,Informal,31195.01,1
e2620a27,5,Female,South East,Urban,None,None,Not in Labor Force,0.0,1
10a3b7a4,64,Male,South West,Urban,Primary,Informal,Informal,70911.52,1
8055f91d,24,Female,South East,Rural,None,Agriculture,Informal,21066.94,1
22d2c6fc,64,Male,North West,Rural,Secondary,Informal,Self-employed,201048.41,0
ccc49aba,0,Male,South West,Urban,None,None,Not in Labor Force,0.0,1
48b0ec19,6,Male,North East,Urban,Primary,Student,Not in Labor Force,0.0,1
4086a808,2,Male,South East,Rural,None,None,Not in Labor Force,0.0,1
bf14e8e2,28,Male,South South,Urban,Secondary,Trade/Services,Self-employed,256617.62,0
d265488c,58,Male,South South,Urban,Secondary,Informal,Self-employed,121081.7,0
ee0ee80c,60,Female,North West,Rural,None,Agriculture,Informal,32590.2,1
ebd7e4ab,12,Male,North East,Rural,Primary,Student,Not in Labor Force,0.0,1
3c8419c6,3,Female,North East,Urban,None,None,Not in Labor Force,0.0,1
778ae1b2,12,Male,North West,Rural,Secondary,Student,Not in Labor Force,0.0,1
3937766c,80,Female,North West,Urban,None,Retired/None,Not in Labor Force,0.0,1
e19f8f4c,30,Male,North East,Rural,Primary,Agriculture,Informal,23993.51,1
6e50f407,19,Female,South South,Rural,Secondary,Trade/Services,Self-employed,64710.66,1
8858754a,3,Female,South West,Rural,None,None,Not in Labor Force,0.0,1
2a94c32d,39,Male,South West,Rural,Secondary,Trade/Services,Self-employed,143662.61,0
57bf9b18,52,Female,North Central,Rural,Primary,Informal,Informal,37338.06,1
e047d15d,5,Male,South West,Urban,None,None,Not in Labor Force,0.0,1
199917cc,64,Female,South South,Urban,None,Trade/Services,Informal,254014.26,0
63995b75,52,Male,South West,Rural,None,Agriculture,Informal,146446.77,0
f96ad893,53,Male,North West,Urban,Primary,Informal,Informal,80861.6,1
8e50b953,62,Male,North Central,Rural,Primary,Agriculture,Informal,45382.37,1
4b5b2227,8,Female,South South,Urban,Primary,Student,Not in Labor Force,0.0,1
db1e06eb,9,Male,North East,Urban,None,Student,Not in Labor Force,0.0,1
8acfdfe4,91,Female,South West,Urban,None,Retired/None,Not in Labor Force,0.0,1
ce6a59b0,12,Female,North West,Urban,Secondary,Student,Not in Labor Force,0.0,1
488cde42,58,Male,North West,Rural,Primary,Agriculture,Informal,42552.01,1
853c4432,40,Female,South South,Rural,Secondary,Trade/Services,Self-employed,257564.66,0
5c7c630e,15,Female,North East,Rural,None,Agriculture,Informal,40375.68,1
13ec9fb2,72,Female,North East,Rural,Primary,Retired/None,Not in Labor Force,0.0,1
74b77c51,14,Female,North East,Rural,Primary,Student,Not in Labor Force,0.0,1
56c6881f,3,Female,South South,Rural,None,None,Not in Labor Force,0.0,1
286a5215,4,Female,North West,Rural,None,None,Not in Labor Force,0.0,1
3c337185,36,Male,South East,Urban,None,Informal,Informal,141580.16,0
b08ec953,2,Male,North East,Rural,None,None,Not in Labor Force,0.0,1
e752c8f5,4,Male,South East,Rural,None,None,Not in Labor Force,0.0,1
c2901041,51,Male,South South,Rural,Primary,Agriculture,Informal,60662.16,1
8dbaef84,63,Male,North East,Rural,Tertiary,Professional,Wage-employed,455038.51,0
dac76547,2,Female,North West,Rural,None,None,Not in Labor Force,0.0,1
56dce0aa,2,Male,North West,Rural,None,None,Not in Labor Force,0.0,1
8f475214,15,Female,South East,Rural,Secondary,Manufacturing,Self-employed,60340.67,1
601b3ddf,12,Female,North West,Rural,None,Student,Not in Labor Force,0.0,1
2fc9a898,6,Male,North East,Rural,None,Student,Not in Labor Force,0.0,1
b4d9bfc1,0,Male,North West,Rural,None,None,Not in Labor Force,0.0,1
e03b0144,55,Female,North East,Rural,Primary,Agriculture,Informal,49033.0,1
a97f71d9,6,Female,North West,Urban,None,Student,Not in Labor Force,0.0,1
81c6333e,69,Female,South South,Urban,None,Informal,Informal,79657.42,1
72bac4b7,21,Male,South South,Rural,Tertiary,Trade/Services,Wage-employed,203044.42,0
cf76c8a1,20,Female,North Central,Urban,Primary,Trade/Services,Informal,171019.78,0
f1da9a79,0,Male,South West,Rural,None,None,Not in Labor Force,0.0,1
197e469a,36,Female,South West,Rural,Secondary,Informal,Self-employed,62405.9,1
953a9528,63,Female,South West,Urban,Primary,Trade/Services,Informal,57169.78,1
a28113fe,27,Male,North Central,Rural,None,Agriculture,Informal,135295.97,0
2ab5a370,26,Male,North Central,Rural,Tertiary,Professional,Wage-employed,596572.67,0
fea00982,18,Male,South West,Urban,Tertiary,Professional,Wage-employed,1037980.2,0
89d015af,22,Male,South West,Urban,Primary,Trade/Services,Informal,25720.31,1
41fc2d0f,51,Female,North East,Rural,Secondary,Trade/Services,Self-employed,111350.0,0
96c6dea8,45,Male,North East,Rural,Secondary,Informal,Self-employed,104210.57,0
d8224840,4,Female,North East,Urban,None,None,Not in Labor Force,0.0,1
bd514904,12,Male,North Central,Rural,Primary,Student,Not in Labor Force,0.0,1
7304f226,9,Female,North East,Rural,None,Student,Not in Labor Force,0.0,1
9df5450a,57,Female,North Central,Urban,None,Informal,Informal,57696.99,1
13f6a9cd,7,Female,North Central,Rural,Primary,Student,Not in Labor Force,0.0,1
984432b1,7,Female,South East,Urban,Primary,Student,Not in Labor Force,0.0,1
bdc6e938,47,Male,North West,Urban,Secondary,Manufacturing,Self-employed,161890.53,0
4fe6c1ef,59,Female,South West,Rural,None,Agriculture,Informal,49371.81,1
52f50bba,43,Male,South West,Rural,Primary,Informal,Informal,65985.83,1
c9568225,4,Male,North East,Urban,None,None,Not in Labor Force,0.0,1
a8cb6fa2,42,Male,North Central,Rural,Primary,Agriculture,Informal,460987.1,0
27f5cad0,4,Female,South East,Urban,None,None,Not in Labor Force,0.0,1
60c8f3fd,7,Female,North East,Urban,Primary,Student,Not in Labor Force,0.0,1
8cb9480b,0,Female,South South,Urban,None,None,Not in Labor Force,0.0,1
45ff37d1,6,Male,South South,Urban,Primary,Student,Not in Labor Force,0.0,1
748656bd,6,Male,South West,Urban,Primary,Student,Not in Labor Force,0.0,1
25b28eac,59,Female,South East,Rural,Primary,Agriculture,Informal,72422.95,1
4bed43b1,8,Female,South West,Urban,Primary,Student,Not in Labor Force,0.0,1
5a2bb4b0,16,Male,North Central,Urban,Primary,Informal,Informal,100255.68,0
31509231,46,Female,South South,Rural,Secondary,Informal,Self-employed,161576.11,0
c80dafe2,2,Male,North East,Rural,None,None,Not in Labor Force,0.0,1
a06283f2,63,Male,North West,Rural,None,Agriculture,Informal,66728.45,1
0f24d6d3,14,Male,North East,Rural,None,Student,Not in Labor Force,0.0,1
f708814f,21,Male,South West,Urban,Secondary,Informal,Self-employed,68953.0,1
9c9ad02d,44,Male,North West,Rural,Primary,Informal,Informal,22291.77,1
2d7e55c7,9,Female,South South,Urban,Primary,Student,Not in Labor Force,0.0,1
368d0604,2,Female,North Central,Urban,None,None,Not in Labor Force,0.0,1
b600c815,23,Male,South East,Urban,Secondary,Trade/Services,Self-employed,130930.95,0
af06e8b9,24,Female,North West,Rural,Primary,Agriculture,Informal,50946.6,1
7ee9321d,12,Female,North East,Rural,None,Student,Not in Labor Force,0.0,1
8e9d55a0,60,Male,North West,Rural,Primary,Agriculture,Informal,18431.91,1
4ec966b2,64,Female,North East,Rural,Secondary,Informal,Self-employed,262402.71,0
1c02c0b5,61,Female,North Central,Rural,None,Agriculture,Informal,63844.25,1
cc6c9e26,40,Male,South South,Urban,Secondary,Trade/Services,Self-employed,316051.93,0
c2fc1f00,15,Male,North East,Rural,Primary,Agriculture,Informal,15691.63,1
c944d5e1,44,Male,South West,Rural,Primary,Agriculture,Informal,143643.85,0
6b633a0e,52,Female,North Central,Rural,Secondary,Trade/Services,Self-employed,73782.51,1
6247f6eb,13,Male,North West,Urban,Secondary,Student,Not in Labor Force,0.0,1
28239a27,14,Female,North Central,Rural,Secondary,Student,Not in Labor Force,0.0,1
6252c30b,8,Female,North West,Urban,Primary,Student,Not in Labor Force,0.0,1
641adbf1,20,Male,South South,Urban,Tertiary,Professional,Wage-employed,852130.3,0
f9843eec,32,Female,South East,Urban,Secondary,Informal,Self-employed,151587.92,0
bd0fcd0f,0,Female,North East,Rural,None,None,Not in Labor Force,0.0,1
02e2ac9d,17,Male,South West,Urban,Primary,Informal,Informal,106080.54,0
c5919e0c,31,Female,North West,Rural,Secondary,Unemployed,Self-employed,129665.1,0
2eedbd5d,14,Male,South West,Urban,Secondary,Student,Not in Labor Force,0.0,1
43e9c1e2,80,Male,South East,Rural,Tertiary,Retired/None,Not in Labor Force,0.0,1
acbe7757,7,Male,South East,Rural,None,Student,Not in Labor Force,0.0,1
5af145c7,11,Female,North East,Urban,Primary,Student,Not in Labor Force,0.0,1
f92f1e3c,63,Female,North East,Rural,None,Agriculture,Informal,46393.63,1
29a47112,54,Male,North Central,Urban,None,Trade/Services,Informal,54835.39,1
9acce291,0,Male,South South,Rural,None,None,Not in Labor Force,0.0,1
85e6e101,39,Male,South South,Rural,None,Agriculture,Informal,48209.14,1
5951f1ef,55,Female,North East,Urban,Primary,Informal,Informal,33418.15,1
6c731b99,11,Female,South East,Rural,Primary,Student,Not in Labor Force,0.0,1
173c46e9,12,Female,South South,Urban,Tertiary,Student,Not in Labor Force,0.0,1
7b0d43a0,39,Female,North East,Urban,Primary,Informal,Informal,60571.14,1
321e2b14,2,Female,South East,Urban,None,None,Not in Labor Force,0.0,1
383f01de,50,Male,North East,Urban,Secondary,Trade/Services,Self-employed,87721.75,1
068b4d43,39,Male,North East,Rural,None,Agriculture,Informal,24402.89,1
67515619,93,Female,North West,Rural,None,Retired/None,Not in Labor Force,0.0,1
fe94951c,10,Female,North Central,Rural,None,Student,Not in Labor Force,0.0,1
029cf13e,92,Male,South East,Urban,Secondary,Retired/None,Not in Labor Force,0.0,1
879faa7e,18,Female,North Central,Rural,None,Agriculture,Informal,78841.89,1
fb09a236,13,Female,North West,Urban,Primary,Student,Not in Labor Force,0.0,1
c61fad3f,13,Male,North East,Urban,Primary,Student,Not in Labor Force,0.0,1
606a6c20,5,Female,South West,Urban,None,None,Not in Labor Force,0.0,1
7e773bf9,31,Female,South West,Rural,Secondary,Informal,Self-employed,99173.93,0
6c8997b2,16,Male,South West,Rural,None,Agriculture,Informal,69398.84,1
3a72a9f9,7,Male,North West,Rural,Primary,Student,Not in Labor Force,0.0,1
46ab0691,50,Male,South East,Urban,Tertiary,Trade/Services,Wage-employed,608328.6,0
28d3f448,9,Male,South South,Urban,Primary,Student,Not in Labor Force,0.0,1
07edb00c,21,Female,North Central,Rural,None,Agriculture,Informal,51910.89,1
2684968b,3,Male,South West,Urban,None,None,Not in Labor Force,0.0,1
77fa566b,30,Male,South South,Urban,Tertiary,Professional,Wage-employed,227924.6,0
acdf01cf,28,Male,South West,Urban,None,Trade/Services,Informal,96990.2,0
d89c4401,30,Male,South West,Urban,None,Informal,Informal,13998.17,1
eef9e213,8,Male,South West,Urban,Primary,Student,Not in Labor Force,0.0,1
33091a04,8,Female,North East,Urban,Primary,Student,Not in Labor Force,0.0,1
b23e1cf9,18,Male,South West,Urban,Tertiary,Professional,Wage-employed,375173.16,0
3b48b330,12,Female,South East,Urban,Secondary,Student,Not in Labor Force,0.0,1
522f8697,14,Female,North East,Urban,Secondary,Student,Not in Labor Force,0.0,1
7bf038cf,7,Male,South South,Rural,Primary,Student,Not in Labor Force,0.0,1
5239e23f,20,Female,South West,Urban,Primary,Informal,Informal,127912.43,0
cad5ea17,15,Female,North Central,Rural,Primary,Agriculture,Informal,112213.12,0
4d791fcd,53,Male,South West,Urban,Secondary,Unemployed,Self-employed,96987.18,0
0d986ac8,0,Male,North Central,Rural,None,None,Not in Labor Force,0.0,1
ec2b4168,2,Female,South East,Urban,None,None,Not in Labor Force,0.0,1
424dce12,54,Female,North Central,Rural,Primary,Agriculture,Informal,15602.21,1
14cd631b,17,Male,South South,Urban,Secondary,Unemployed,Self-employed,27447.78,1
e48b6baf,0,Male,North Central,Urban,None,None,Not in Labor Force,0.0,1
e92699fa,15,Male,South West,Urban,None,Trade/Services,Informal,118519.32,0
38de5e59,6,Male,South South,Urban,None,Student,Not in Labor Force,0.0,1
c669a5f1,35,Female,North West,Rural,None,Agriculture,Informal,48417.19,1
74a9969b,12,Male,South West,Rural,Primary,Student,Not in Labor Force,0.0,1
a058ff86,44,Male,North West,Urban,Primary,Trade/Services,Informal,271136.98,0
b0ca71f7,46,Male,South East,Rural,None,Agriculture,Informal,25676.66,1
f1ae7b0e,47,Male,South West,Rural,Secondary,Trade/Services,Self-employed,121224.75,0
1e0bf094,5,Male,South South,Rural,None,None,Not in Labor Force,0.0,1
040946b7,44,Male,South South,Urban,Secondary,Informal,Self-employed,361280.87,0
15f1f332,5,Male,North West,Rural,None,None,Not in Labor Force,0.0,1
f514f4ba,13,Female,North West,Urban,None,Student,Not in Labor Force,0.0,1
de8206d4,18,Female,South West,Urban,Secondary,Trade/Services,Self-employed,150825.25,0
e9c91a78,87,Male,North Central,Rural,Secondary,Retired/None,Not in Labor Force,0.0,1
396bc945,58,Female,North West,Urban,Secondary,Informal,Self-employed,51268.86,1
7008e548,39,Male,North West,Rural,None,Agriculture,Informal,316021.89,0
cbce2582,11,Male,South West,Urban,Primary,Student,Not in Labor Force,0.0,1
8a684261,0,Male,North West,Urban,None,None,Not in Labor Force,0.0,1
dfbba886,4,Male,South South,Urban,None,None,Not in Labor Force,0.0,1
9efd5d87,29,Female,South East,Rural,Secondary,Informal,Self-employed,254830.14,0
fd2e978d,24,Male,South East,Rural,None,Agriculture,Informal,52242.54,1
c891221d,49,Male,North West,Urban,Secondary,Trade/Services,Self-employed,217808.7,0
494a3c26,6,Female,North West,Urban,Primary,Student,Not in Labor Force,0.0,1
acb92d95,3,Female,North Central,Urban,None,None,Not in Labor Force,0.0,1
fcb8f7d5,43,Male,South South,Urban,None,Informal,Informal,132959.08,0
2ccd17c3,11,Male,North East,Rural,None,Student,Not in Labor Force,0.0,1
ab49f832,15,Male,North East,Rural,Secondary,Informal,Self-employed,145083.2,0
974d9785,15,Male,North West,Rural,None,Agriculture,Informal,26132.97,1
27a8d6d3,24,Male,South West,Urban,Tertiary,Professional,Wage-employed,486257.97,0
0eef1d86,1,Male,South West,Urban,None,None,Not in Labor Force,0.0,1
5007ea87,14,Female,North West,Urban,None,Student,Not in Labor Force,0.0,1
e86d17cb,1,Female,North Central,Rural,None,None,Not in Labor Force,0.0,1
b5af2b4d,0,Female,South West,Urban,None,None,Not in Labor Force,0.0,1
0996a7c9,7,Male,North Central,Rural,None,Student,Not in Labor Force,0.0,1
f1fd3b80,36,Male,South West,Urban,Secondary,Trade/Services,Self-employed,320113.03,0
5360d325,36,Male,South East,Urban,Primary,Informal,Informal,109394.55,0
1493cc68,9,Female,South West,Urban,Primary,Student,Not in Labor Force,0.0,1
c60db25b,9,Male,South West,Rural,Primary,Student,Not in Labor Force,0.0,1
d16e66f0,8,Female,South South,Rural,Primary,Student,Not in Labor Force,0.0,1
6ac6ab03,4,Female,South South,Urban,None,None,Not in Labor Force,0.0,1
8f0734a3,45,Female,North East,Rural,None,Agriculture,Informal,75984.95,1
ddcd6e47,3,Female,North West,Rural,None,None,Not in Labor Force,0.0,1
b4707b45,14,Female,South East,Urban,Primary,Student,Not in Labor Force,0.0,1
d2e448b2,10,Female,North West,Urban,Primary,Student,Not in Labor Force,0.0,1
7e4b4988,20,Female,South South,Urban,Primary,Trade/Services,Informal,58565.75,1
aab59b45,28,Male,North West,Rural,None,Informal,Informal,34808.36,1
0c076de9,0,Male,South South,Rural,None,None,Not in Labor Force,0.0,1
99f904db,21,Female,South West,Urban,Tertiary,Professional,Wage-employed,155825.11,0
0699cf09,38,Female,South East,Urban,Primary,Trade/Services,Informal,127322.53,0
39b032f4,23,Male,North East,Urban,Secondary,Informal,Self-employed,116712.56,0
c2095dc0,10,Male,South South,Rural,Primary,Student,Not in Labor Force,0.0,1
2734614e,37,Female,North West,Rural,Secondary,Informal,Self-employed,44142.23,1
9bd3e6b3,62,Female,North East,Rural,Secondary,Trade/Services,Self-employed,177343.75,0
b91db298,16,Male,North West,Urban,Primary,Informal,Informal,56831.92,1
a9631876,29,Female,South South,Urban,Tertiary,Professional,Wage-employed,239254.01,0
f669b46a,49,Female,North Central,Urban,Tertiary,Trade/Services,Wage-employed,297226.93,0
c6d5de21,3,Female,South West,Urban,None,None,Not in Labor Force,0.0,1
7495c08b,42,Male,South West,Urban,Secondary,Manufacturing,Self-employed,118675.3,0
1ac14327,53,Male,South South,Rural,Secondary,Informal,Self-employed,129938.07,0
2715c166,58,Male,South West,Urban,Secondary,Trade/Services,Self-employed,78811.31,1
5e619293,3,Male,South West,Rural,None,None,Not in Labor Force,0.0,1
76323438,24,Male,South West,Urban,Secondary,Informal,Self-employed,244317.61,0
f21fa52d,20,Female,South East,Urban,None,Informal,Informal,108070.36,0
0bdbe516,8,Male,North West,Rural,Primary,Student,Not in Labor Force,0.0,1
acd7f25e,44,Female,North West,Urban,Tertiary,Trade/Services,Wage-employed,293960.99,0
1b96463f,60,Female,North West,Rural,None,Informal,Informal,54400.36,1
b9a1445d,49,Male,North East,Urban,Secondary,Manufacturing,Self-employed,103406.33,0
ce551b52,63,Female,North Central,Urban,Primary,Trade/Services,Informal,84079.57,1
9852f480,10,Female,South West,Urban,Primary,Student,Not in Labor Force,0.0,1
e7a0ef59,24,Female,South South,Urban,Secondary,Informal,Self-employed,331679.49,0
874588e8,9,Male,North East,Urban,Primary,Student,Not in Labor Force,0.0,1
2c7f2fc1,46,Female,South East,Urban,Secondary,Trade/Services,Self-employed,102768.92,0
c9c250ce,56,Male,North Central,Rural,Secondary,Trade/Services,Self-employed,110600.46,0
2522d50a,56,Female,North West,Rural,Primary,Informal,Informal,39373.58,1
6c674dd1,2,Male,South West,Urban,None,None,Not in Labor Force,0.0,1
8661583d,40,Female,South South,Urban,Secondary,Trade/Services,Self-employed,183353.82,0
afffaa5d,14,Male,North West,Rural,Tertiary,Student,Not in Labor Force,0.0,1
ba42ef5d,0,Male,North Central,Urban,None,None,Not in Labor Force,0.0,1
bbe5f91c,10,Female,North West,Rural,None,Student,Not in Labor Force,0.0,1
1e48a327,1,Female,North East,Urban,None,None,Not in Labor Force,0.0,1
12cc15a1,83,Male,South West,Rural,Secondary,Retired/None,Not in Labor Force,0.0,1
c5c97b73,83,Male,South East,Urban,Tertiary,Retired/None,Not in Labor Force,0.0,1
a738865c,11,Female,South West,Urban,None,Student,Not in Labor Force,0.0,1
494ad109,38,Female,North Central,Rural,Secondary,Trade/Services,Self-employed,116523.0,0
ba89edf0,4,Male,South South,Urban,None,None,Not in Labor Force,0.0,1
c97e4fb1,38,Female,North East,Rural,Secondary,Informal,Self-employed,219206.76,0
94a3ca6e,41,Male,South East,Urban,Secondary,Informal,Self-employed,81022.8,1
b12b1d34,62,Male,North Central,Urban,None,Informal,Informal,122313.8,0
a6b64258,13,Female,South South,Urban,Secondary,Student,Not in Labor Force,0.0,1
5bc94e16,29,Female,South East,Urban,Secondary,Informal,Self-employed,284489.08,0
58eae031,14,Female,South South,Urban,Secondary,Student,Not in Labor Force,0.0,1
b79079f4,91,Male,North West,Rural,Primary,Retired/None,Not in Labor Force,0.0,1
0cc49a37,5,Female,South West,Rural,None,None,Not in Labor Force,0.0,1
5f3716fb,58,Male,South West,Urban,Primary,Trade/Services,Informal,62157.66,1
d8bef654,48,Female,South West,Urban,Secondary,Informal,Self-employed,123479.18,0
7a20b903,41,Male,North Central,Rural,None,Agriculture,Informal,67133.8,1
5fbb35c8,3,Male,North West,Rural,None,None,Not in Labor Force,0.0,1
3048c8a6,55,Female,North East,Urban,Primary,Trade/Services,Informal,70126.27,1
e665af09,3,Male,North East,Urban,None,None,Not in Labor Force,0.0,1
f300a0b8,19,Female,South South,Urban,Tertiary,Manufacturing,Wage-employed,445250.14,0
f0368fe9,4,Female,South East,Urban,None,None,Not in Labor Force,0.0,1
31a88647,9,Male,North West,Urban,Primary,Student,Not in Labor Force,0.0,1
153ae586,22,Female,South South,Urban,Primary,Trade/Services,Informal,121062.44,0
e15b4de1,5,Male,North West,Rural,None,None,Not in Labor Force,0.0,1
c81b0b3d,9,Male,North Central,Rural,Primary,Student,Not in Labor Force,0.0,1
1658db7f,6,Female,North West,Rural,Primary,Student,Not in Labor Force,0.0,1
bf0a99dd,5,Female,South South,Rural,None,None,Not in Labor Force,0.0,1
0da4c846,60,Male,South West,Urban,Secondary,Trade/Services,Self-employed,124444.41,0
2901a884,44,Female,North East,Rural,None,Agriculture,Informal,55654.64,1
b9567802,13,Male,South West,Rural,Secondary,Student,Not in Labor Force,0.0,1
baf76676,4,Female,North West,Rural,None,None,Not in Labor Force,0.0,1
a99b64b8,14,Female,North East,Rural,Primary,Student,Not in Labor Force,0.0,1
b388d8f5,4,Male,North East,Urban,None,None,Not in Labor Force,0.0,1
26c19e0c,17,Female,North West,Urban,None,Informal,Informal,94844.79,1
3fd3ac72,37,Male,South South,Rural,Primary,Agriculture,Informal,47122.17,1
3392eb6a,12,Male,South West,Urban,None,Student,Not in Labor Force,0.0,1
02682d8f,9,Female,North East,Urban,Primary,Student,Not in Labor Force,0.0,1
79835d65,4,Female,North West,Rural,None,None,Not in Labor Force,0.0,1
0da8a1d3,37,Male,North West,Urban,Secondary,Manufacturing,Self-employed,108030.84,0
81b85e6d,79,Female,North East,Rural,Primary,Retired/None,Not in Labor Force,0.0,1
46e28c40,1,Male,North Central,Urban,None,None,Not in Labor Force,0.0,1
05485d73,8,Male,North East,Urban,Primary,Student,Not in Labor Force,0.0,1
f54f4676,22,Female,South West,Rural,Secondary,Informal,Self-employed,57565.79,1
e4400c61,45,Female,North Central,Urban,Tertiary,Professional,Wage-employed,390317.24,0
ae356b56,4,Female,North East,Rural,None,None,Not in Labor Force,0.0,1
467bcbde,1,Male,South South,Urban,None,None,Not in Labor Force,0.0,1
c12ab5fb,5,Female,North East,Rural,None,None,Not in Labor Force,0.0,1
a39c82ea,22,Female,North East,Urban,Secondary,Trade/Services,Self-employed,174320.34,0
ec11a45b,6,Male,North East,Rural,Primary,Student,Not in Labor Force,0.0,1
c56ae796,7,Male,North West,Urban,Primary,Student,Not in Labor Force,0.0,1
5c98603c,18,Female,North West,Rural,None,Agriculture,Informal,50945.8,1
3244f0e2,13,Male,North East,Urban,Secondary,Student,Not in Labor Force,0.0,1
0d656185,33,Male,South South,Urban,Primary,Informal,Informal,50812.28,1
d56a01f5,6,Female,South East,Rural,Primary,Student,Not in Labor Force,0.0,1
2abd084f,1,Female,South West,Urban,None,None,Not in Labor Force,0.0,1
abd815e1,43,Female,North Central,Rural,Primary,Agriculture,Informal,56515.49,1
a5f60e38,6,Female,North Central,Rural,Primary,Student,Not in Labor Force,0.0,1
f19398f4,65,Female,North East,Urban,None,Informal,Informal,102565.07,0
c627b352,61,Female,North West,Urban,Tertiary,Professional,Wage-employed,432259.58,0
537ce064,1,Male,North East,Rural,None,None,Not in Labor Force,0.0,1
058aa90c,58,Male,North Central,Urban,None,Informal,Informal,307961.48,0
e84b426c,0,Male,North West,Rural,None,None,Not in Labor Force,0.0,1
a2bea172,21,Male,North West,Rural,Secondary,Unemployed,Self-employed,66579.4,1
765db667,2,Male,North East,Urban,None,None,Not in Labor Force,0.0,1
8207fffb,42,Male,North East,Rural,Primary,Informal,Informal,54710.44,1
2d7bb7e4,0,Male,North East,Rural,None,None,Not in Labor Force,0.0,1
c73ad0c2,14,Male,North West,Rural,None,Student,Not in Labor Force,0.0,1
0416888d,53,Female,North West,Urban,Secondary,Informal,Self-employed,212687.34,0
abfdb6ac,48,Male,North East,Urban,Primary,Informal,Informal,53273.38,1
7461e9ac,6,Female,North West,Rural,Primary,Student,Not in Labor Force,0.0,1
1aad3e1d,2,Male,North East,Rural,None,None,Not in Labor Force,0.0,1
7c6afd8f,45,Female,North West,Rural,None,Informal,Informal,190409.32,0
b7189ff3,27,Female,South West,Rural,Secondary,Informal,Self-employed,98989.56,0
586727c2,8,Female,North East,Rural,Primary,Student,Not in Labor Force,0.0,1
fc249dfb,38,Female,North East,Rural,None,Agriculture,Informal,83841.74,1
4d867d3e,4,Female,North West,Urban,None,None,Not in Labor Force,0.0,1
b12e46bf,37,Male,North West,Rural,None,Informal,Informal,60561.11,1
5feeffb5,2,Female,North West,Urban,None,None,Not in Labor Force,0.0,1
e9c855e1,0,Female,South South,Rural,None,None,Not in Labor Force,0.0,1
734733d9,47,Female,South East,Urban,Secondary,Informal,Self-employed,245532.05,0
538358f4,14,Male,North West,Rural,Primary,Student,Not in Labor Force,0.0,1
24a0399c,64,Female,South West,Urban,Secondary,Trade/Services,Self-employed,70424.28,1
c79674f7,47,Female,North East,Urban,Secondary,Unemployed,Self-employed,342185.59,0
437dee82,10,Female,North West,Rural,Primary,Student,Not in Labor Force,0.0,1
b6d6ba36,11,Female,South West,Urban,Primary,Student,Not in Labor Force,0.0,1
1b1f969a,51,Male,North West,Urban,Secondary,Trade/Services,Self-employed,153128.28,0
6fbed879,8,Male,North Central,Urban,None,Student,Not in Labor Force,0.0,1
e9346015,26,Male,South West,Rural,Secondary,Trade/Services,Self-employed,146543.17,0
507e3905,23,Male,South West,Urban,Secondary,Trade/Services,Self-employed,85560.14,1
9f5790e7,64,Male,South South,Rural,None,Agriculture,Informal,73302.19,1
2563c787,6,Male,South East,Urban,Primary,Student,Not in Labor Force,0.0,1
15225b6b,10,Male,South East,Rural,Primary,Student,Not in Labor Force,0.0,1
59bf07f2,0,Male,North East,Rural,None,None,Not in Labor Force,0.0,1
a2b5ce16,2,Male,North West,Rural,None,None,Not in Labor Force,0.0,1
8d153f88,5,Female,South West,Urban,None,None,Not in Labor Force,0.0,1
9e10da41,56,Female,South South,Rural,Secondary,Informal,Self-employed,55226.93,1
e74fdd31,1,Female,North Central,Urban,None,None,Not in Labor Force,0.0,1
3114c4a9,6,Male,South South,Urban,None,Student,Not in Labor Force,0.0,1
a74a41b8,14,Female,North West,Rural,None,Student,Not in Labor Force,0.0,1
3ef5bcf9,16,Female,North East,Rural,None,Agriculture,Informal,121222.95,0
b1118bc0,2,Female,North West,Urban,None,None,Not in Labor Force,0.0,1
4ecec25b,52,Female,North Central,Urban,Primary,Informal,Informal,37276.37,1
09574410,9,Female,South East,Urban,Primary,Student,Not in Labor Force,0.0,1
bcefa821,55,Female,North East,Urban,Primary,Informal,Informal,88654.68,1
e5a82802,22,Male,South South,Rural,Primary,Informal,Informal,47426.88,1
eea90fc8,9,Male,North Central,Urban,Primary,Student,Not in Labor Force,0.0,1
d4682ad6,13,Female,North Central,Rural,None,Student,Not in Labor Force,0.0,1
c3d20222,10,Male,South East,Rural,Primary,Student,Not in Labor Force,0.0,1
ea7474ae,8,Male,North West,Rural,Primary,Student,Not in Labor Force,0.0,1
712f9644,34,Female,South East,Rural,Secondary,Trade/Services,Self-employed,38654.69,1
1f7b2fc5,34,Male,North West,Rural,None,Informal,Informal,34159.12,1
c8887f90,23,Female,North East,Rural,Primary,Informal,Informal,78413.88,1
a520fe23,22,Female,South West,Urban,Secondary,Informal,Self-employed,77813.16,1
fb315a7a,11,Male,South South,Rural,Primary,Student,Not in Labor Force,0.0,1
92b7caf7,14,Male,South West,Rural,Tertiary,Student,Not in Labor Force,0.0,1
97feca00,48,Male,South West,Urban,Secondary,Manufacturing,Self-employed,89187.63,1
bf52c278,7,Male,South East,Urban,Primary,Student,Not in Labor Force,0.0,1
6fc5fcfa,47,Male,North East,Rural,Primary,Informal,Informal,74907.31,1
f6e880a5,8,Male,South East,Urban,None,Student,Not in Labor Force,0.0,1
fa2744c0,8,Male,North Central,Rural,Primary,Student,Not in Labor Force,0.0,1
80628c46,77,Male,North West,Rural,None,Retired/None,Not in Labor Force,0.0,1
e4c3afaa,14,Female,North East,Rural,Primary,Student,Not in Labor Force,0.0,1
4dda27af,72,Female,North West,Rural,None,Retired/None,Not in Labor Force,0.0,1
4912ab39,91,Female,North West,Urban,Primary,Retired/None,Not in Labor Force,0.0,1
852c7fc2,35,Female,North East,Rural,Primary,Agriculture,Informal,103663.45,0
2cc518f7,19,Male,North West,Urban,Primary,Trade/Services,Informal,120146.36,0
80c32a37,49,Female,South West,Urban,Secondary,Informal,Self-employed,129580.01,0
b25e8a0f,35,Male,South West,Urban,Secondary,Informal,Self-employed,151840.13,0
5950d4c0,3,Male,South West,Urban,None,None,Not in Labor Force,0.0,1
a4dc5135,63,Female,North East,Urban,Primary,Trade/Services,Informal,86790.07,1
92824fee,62,Male,South East,Rural,Secondary,Informal,Self-employed,53007.38,1
9592621a,8,Male,North West,Rural,Primary,Student,Not in Labor Force,0.0,1
e1692315,14,Female,South West,Urban,Primary,Student,Not in Labor Force,0.0,1
1210f88f,9,Female,North East,Rural,Primary,Student,Not in Labor Force,0.0,1
b9f480c3,49,Male,North Central,Rural,None,Agriculture,Informal,70803.48,1
33a41a03,20,Male,North East,Rural,None,Agriculture,Informal,31979.31,1
cf4a82ae,0,Female,South East,Urban,None,None,Not in Labor Force,0.0,1
f3ff8c40,35,Female,South South,Urban,Secondary,Informal,Self-employed,192637.54,0
246a1463,30,Male,South West,Urban,Primary,Informal,Informal,87647.76,1
ded75176,61,Female,North West,Urban,None,Informal,Informal,22059.09,1
150395da,53,Female,North East,Rural,Primary,Informal,Informal,107739.37,0
a6ce336c,48,Male,South South,Urban,Secondary,Informal,Self-employed,97419.43,0
a0c26b90,9,Female,North Central,Rural,Primary,Student,Not in Labor Force,0.0,1
ce19f39c,29,Female,South South,Urban,Primary,Trade/Services,Informal,56225.05,1
43db285f,5,Male,North East,Urban,None,None,Not in Labor Force,0.0,1
6c61799c,16,Female,South South,Rural,Primary,Agriculture,Informal,106249.15,0
04483c58,88,Male,South South,Rural,Secondary,Retired/None,Not in Labor Force,0.0,1
03dfb3b8,7,Female,South West,Urban,Primary,Student,Not in Labor Force,0.0,1
190d49be,0,Female,North West,Rural,None,None,Not in Labor Force,0.0,1
950701c6,42,Male,North Central,Rural,Secondary,Informal,Self-employed,89504.38,1
e376c613,0,Female,South South,Rural,None,None,Not in Labor Force,0.0,1
e3796ae7,15,Female,South South,Urban,Secondary,Trade/Services,Self-employed,190698.19,0
46ed9496,11,Male,North West,Urban,Primary,Student,Not in Labor Force,0.0,1
113273c3,3,Male,North East,Rural,None,None,Not in Labor Force,0.0,1
54842ce9,84,Male,South East,Rural,Tertiary,Retired/None,Not in Labor Force,0.0,1
cae324ef,62,Female,South West,Urban,Secondary,Informal,Self-employed,90037.96,1
14248ba5,22,Female,South East,Rural,Primary,Agriculture,Informal,96974.33,0
1f1d20ff,0,Female,South East,Rural,None,None,Not in Labor Force,0.0,1
1bd73027,40,Male,South South,Urban,Primary,Informal,Informal,90973.2,1
3462dea3,57,Female,North West,Urban,None,Trade/Services,Informal,103047.98,0
6834906d,63,Male,North West,Urban,Primary,Informal,Informal,72612.03,1
a2c53d70,39,Male,North West,Rural,None,Agriculture,Informal,159191.31,0
aae86024,24,Male,South South,Rural,Primary,Agriculture,Informal,183921.8,0
d5349df9,11,Male,North Central,Rural,Primary,Student,Not in Labor Force,0.0,1
9345a29c,8,Female,North West,Rural,None,Student,Not in Labor Force,0.0,1
9953aed2,21,Female,North East,Rural,Primary,Agriculture,Informal,15958.86,1
faa234b0,12,Female,North East,Urban,Primary,Student,Not in Labor Force,0.0,1
a1785611,26,Female,South East,Urban,Secondary,Trade/Services,Self-employed,232306.63,0
755bc6df,14,Male,South West,Urban,Primary,Student,Not in Labor Force,0.0,1
1f5f581f,54,Female,South West,Urban,Secondary,Trade/Services,Self-employed,69713.94,1
48134c87,31,Female,North West,Rural,None,Agriculture,Informal,81292.26,1
10200335,4,Female,South South,Urban,None,None,Not in Labor Force,0.0,1
c3aef58e,14,Male,North West,Rural,Primary,Student,Not in Labor Force,0.0,1
3f75d523,13,Male,South West,Rural,Primary,Student,Not in Labor Force,0.0,1
6e0ba3b7,48,Female,North West,Urban,None,Informal,Informal,27816.77,1
d7d7d507,62,Male,North West,Rural,None,Agriculture,Informal,76262.98,1
4c866240,12,Female,North West,Urban,Primary,Student,Not in Labor Force,0.0,1
780f9a26,31,Female,South West,Urban,Tertiary,Trade/Services,Wage-employed,242378.9,0
f93b8d5a,2,Male,South West,Rural,None,None,Not in Labor Force,0.0,1
2b00e60b,15,Male,North West,Urban,Primary,Informal,Informal,61371.9,1
0448c71f,64,Female,North East,Rural,Secondary,Manufacturing,Self-employed,76171.56,1
d4e41c3a,1,Male,South South,Urban,None,None,Not in Labor Force,0.0,1
ca98c1cb,50,Female,North West,Urban,Primary,Trade/Services,Informal,52014.07,1
7ef3b420,14,Female,North West,Rural,Primary,Student,Not in Labor Force,0.0,1
e9e2d283,11,Male,North Central,Rural,None,Student,Not in Labor Force,0.0,1
19b1bc07,2,Female,South East,Urban,None,None,Not in Labor Force,0.0,1
edf41ba2,2,Female,North East,Rural,None,None,Not in Labor Force,0.0,1
5d07ea35,56,Female,South South,Rural,None,Agriculture,Informal,39165.63,1
b4e396bf,4,Female,North East,Rural,None,None,Not in Labor Force,0.0,1
e1eb9195,33,Female,North East,Urban,Primary,Trade/Services,Informal,63652.35,1
b5b120c9,10,Male,North West,Urban,Primary,Student,Not in Labor Force,0.0,1
ed99ac71,6,Male,South West,Rural,Primary,Student,Not in Labor Force,0.0,1
9769a526,19,Male,North West,Rural,Primary,Agriculture,Informal,54591.93,1
518c80c7,84,Male,South West,Urban,Secondary,Retired/None,Not in Labor Force,0.0,1
87c396e9,11,Female,North West,Rural,None,Student,Not in Labor Force,0.0,1
fad12b07,33,Male,North East,Urban,None,Informal,Informal,98113.39,0
218cba64,61,Female,South South,Rural,Secondary,Trade/Services,Self-employed,301469.9,0
ddf222f3,26,Male,South West,Urban,Tertiary,Trade/Services,Wage-employed,226811.48,0
55e925ad,50,Male,North West,Urban,Secondary,Informal,Self-employed,143777.93,0
617510ce,13,Female,South West,Rural,Primary,Student,Not in Labor Force,0.0,1
dacac97c,14,Male,South West,Urban,Secondary,Student,Not in Labor Force,0.0,1
6e761680,26,Female,North West,Urban,Primary,Informal,Informal,128488.08,0
7a7c2586,1,Male,North Central,Rural,None,None,Not in Labor Force,0.0,1
a0c0e94f,63,Female,North East,Rural,Primary,Agriculture,Informal,39130.79,1
b2a2d76b,2,Female,North Central,Urban,None,None,Not in Labor Force,0.0,1
b423b1d6,10,Female,South East,Rural,Primary,Student,Not in Labor Force,0.0,1
ce42a667,48,Male,North West,Rural,Primary,Agriculture,Informal,15454.23,1
15c6b332,0,Male,North West,Rural,None,None,Not in Labor Force,0.0,1
538939bf,63,Female,North East,Rural,None,Agriculture,Informal,19042.59,1
21820615,32,Female,South South,Rural,Secondary,Informal,Self-employed,26048.26,1
bb9e6653,43,Male,South West,Rural,Primary,Informal,Informal,150854.36,0
f4d22e2e,59,Male,North West,Urban,Secondary,Informal,Self-employed,192623.57,0
7cd06505,19,Male,North Central,Urban,Primary,Informal,Informal,127208.81,0
fd03fa23,39,Male,North East,Rural,Secondary,Informal,Self-employed,177876.51,0
36d9f38b,38,Female,South West,Urban,Tertiary,Professional,Wage-employed,283429.18,0
d49da9c6,12,Male,North Central,Urban,Primary,Student,Not in Labor Force,0.0,1
ea35a728,10,Male,South South,Urban,Primary,Student,Not in Labor Force,0.0,1
177c751e,5,Female,North West,Urban,None,None,Not in Labor Force,0.0,1
467ce707,0,Male,South West,Urban,None,None,Not in Labor Force,0.0,1
047fb957,24,Female,South West,Urban,Secondary,Informal,Self-employed,530633.48,0
ab46f065,51,Female,South East,Urban,Primary,Informal,Informal,98842.2,0
3b59adc5,47,Male,North Central,Rural,Primary,Agriculture,Informal,57316.08,1
1c89eaee,6,Female,South West,Urban,Primary,Student,Not in Labor Force,0.0,1
3aa672a6,25,Male,North East,Rural,None,Informal,Informal,116541.31,0
651c6a66,7,Male,North Central,Rural,Primary,Student,Not in Labor Force,0.0,1
2cc32080,38,Male,South South,Urban,Secondary,Informal,Self-employed,198864.69,0
e3ab2741,21,Male,South South,Rural,Secondary,Trade/Services,Self-employed,219921.86,0
57c9df8d,1,Male,South West,Rural,None,None,Not in Labor Force,0.0,1
0760887f,4,Male,North East,Urban,None,None,Not in Labor Force,0.0,1
5b938b6b,3,Female,South East,Urban,None,None,Not in Labor Force,0.0,1
6c675d7c,24,Female,North West,Rural,None,Informal,Informal,138178.27,0
a7e5863f,39,Female,North West,Rural,Secondary,Trade/Services,Self-employed,79861.73,1
ec7aeac3,61,Female,South West,Urban,Secondary,Trade/Services,Self-employed,149076.5,0
5eb0fc11,3,Male,North East,Rural,None,None,Not in Labor Force,0.0,1
d2af4b8e,14,Male,South South,Urban,Secondary,Student,Not in Labor Force,0.0,1
23e27eb5,29,Male,North Central,Rural,Primary,Informal,Informal,34699.58,1
ab5412f5,58,Male,North Central,Rural,Primary,Agriculture,Informal,22539.64,1
5be40109,7,Female,South West,Urban,Primary,Student,Not in Labor Force,0.0,1
a2c6bb36,7,Female,South East,Urban,Primary,Student,Not in Labor Force,0.0,1
0bf8f57b,64,Male,North Central,Rural,Secondary,Informal,Self-employed,163093.4,0
b9b88bec,13,Male,North West,Urban,Primary,Student,Not in Labor Force,0.0,1
35c1ac54,5,Male,South East,Urban,None,None,Not in Labor Force,0.0,1
4b5a8833,4,Male,North East,Rural,None,None,Not in Labor Force,0.0,1
6f2c04bd,16,Male,North West,Rural,None,Agriculture,Informal,106321.36,0
553db33c,26,Female,South West,Urban,Secondary,Informal,Self-employed,40564.8,1
9acf01f9,18,Male,North West,Rural,None,Informal,Informal,38936.02,1
d075782c,37,Female,South South,Urban,Tertiary,Professional,Wage-employed,414011.92,0
bd18016c,27,Male,South West,Urban,Secondary,Informal,Self-employed,145922.75,0
af6b4dde,0,Male,South South,Urban,None,None,Not in Labor Force,0.0,1
6c118094,45,Female,North East,Rural,None,Informal,Informal,204229.69,0
cdeada40,8,Female,South South,Rural,None,Student,Not in Labor Force,0.0,1
f138d449,40,Male,North West,Rural,Primary,Agriculture,Informal,41103.03,1
3ce2f227,11,Female,North West,Rural,None,Student,Not in Labor Force,0.0,1
2aacc9d9,0,Male,North West,Rural,None,None,Not in Labor Force,0.0,1
01c5b552,14,Male,North Central,Rural,Primary,Student,Not in Labor Force,0.0,1
192d743b,11,Female,North West,Rural,Primary,Student,Not in Labor Force,0.0,1
014298c1,4,Female,North Central,Rural,None,None,Not in Labor Force,0.0,1
f2550a4f,6,Male,North East,Urban,Primary,Student,Not in Labor Force,0.0,1
058d6a9d,88,Male,North East,Urban,Primary,Retired/None,Not in Labor Force,0.0,1
4fb959eb,64,Female,South West,Rural,Secondary,Manufacturing,Self-employed,89073.41,1
5c48ebfc,34,Male,North West,Urban,Primary,Informal,Informal,119361.79,0
1167354e,16,Male,South East,Rural,Primary,Agriculture,Informal,48527.12,1
2a56bc92,68,Female,South West,Rural,Secondary,Unemployed,Self-employed,72912.42,1
f660bf52,29,Female,South South,Urban,Secondary,Trade/Services,Self-employed,93691.62,1
8de49bf5,52,Male,North East,Rural,None,Agriculture,Informal,68857.07,1
48435a77,5,Female,South South,Urban,None,None,Not in Labor Force,0.0,1
62d4738a,11,Female,South West,Rural,Primary,Student,Not in Labor Force,0.0,1
ad904928,12,Male,South South,Urban,Tertiary,Student,Not in Labor Force,0.0,1
200a9bcb,64,Female,North West,Rural,Primary,Informal,Informal,53883.83,1
569ab80e,46,Female,South West,Urban,Secondary,Manufacturing,Self-employed,200684.24,0
d22163e2,10,Male,South East,Rural,Primary,Student,Not in Labor Force,0.0,1
78046c81,3,Male,North West,Urban,None,None,Not in Labor Force,0.0,1
f9c689ca,50,Female,South West,Urban,Secondary,Trade/Services,Self-employed,165127.78,0
bc552ca8,13,Female,South East,Urban,Secondary,Student,Not in Labor Force,0.0,1
abcc8845,47,Male,South West,Urban,Secondary,Manufacturing,Self-employed,23173.53,1
80db9b87,29,Female,North West,Rural,None,Informal,Informal,20933.04,1
7cce0b6c,64,Female,South West,Urban,Secondary,Informal,Self-employed,98670.61,0
5be07720,60,Female,North West,Rural,None,Agriculture,Informal,107796.62,0
c325ede6,17,Female,South East,Rural,Tertiary,Trade/Services,Wage-employed,200584.91,0
f8b9d44a,43,Male,North West,Rural,None,Agriculture,Informal,74963.36,1
e836ed80,61,Male,North West,Rural,Tertiary,Professional,Wage-employed,424682.64,0
465c84e1,41,Female,North East,Rural,Tertiary,Professional,Wage-employed,410101.41,0
989f9ba6,4,Male,South West,Urban,None,None,Not in Labor Force,0.0,1
e4673f3d,10,Female,South South,Rural,Primary,Student,Not in Labor Force,0.0,1
ee80da1d,7,Male,North West,Rural,Primary,Student,Not in Labor Force,0.0,1
8429bb0b,45,Male,North West,Rural,None,Agriculture,Informal,43111.52,1
161b07a1,36,Male,North East,Rural,Secondary,Informal,Self-employed,49570.32,1
85b4a94c,49,Female,South East,Rural,None,Agriculture,Informal,27246.09,1
aacf2d5a,5,Female,North Central,Rural,None,None,Not in Labor Force,0.0,1
242404cb,6,Male,North East,Rural,Primary,Student,Not in Labor Force,0.0,1
a5bc9106,70,Male,South West,Rural,None,Agriculture,Informal,355955.54,0
915209a2,9,Male,North East,Rural,None,Student,Not in Labor Force,0.0,1
07a684fd,15,Female,North Central,Urban,Tertiary,Professional,Wage-employed,526104.84,0
a3570ca2,33,Male,North East,Rural,Tertiary,Professional,Wage-employed,894794.84,0
863ccd8b,21,Female,South East,Urban,Secondary,Informal,Self-employed,80832.46,1
e7d1ec02,3,Female,South South,Urban,None,None,Not in Labor Force,0.0,1
5b1e9d10,11,Male,South East,Rural,Primary,Student,Not in Labor Force,0.0,1
64631964,3,Female,North Central,Rural,None,None,Not in Labor Force,0.0,1
a16048be,37,Male,North Central,Rural,Secondary,Manufacturing,Self-employed,208770.55,0
a3e0fa18,39,Female,North West,Rural,None,Agriculture,Informal,44977.32,1
506ccc89,13,Male,South West,Urban,Tertiary,Student,Not in Labor Force,0.0,1
4fb134ba,43,Male,South West,Urban,Secondary,Trade/Services,Self-employed,130957.87,0
042cfb02,45,Male,South South,Urban,Tertiary,Professional,Wage-employed,337115.79,0
03f92394,1,Male,North West,Rural,None,None,Not in Labor Force,0.0,1
4267ee4c,55,Female,South East,Urban,Tertiary,Professional,Wage-employed,236177.37,0
d70947b6,33,Female,South West,Urban,Secondary,Informal,Self-employed,79336.9,1
42f306ab,5,Female,North East,Urban,None,None,Not in Labor Force,0.0,1
466d4e80,3,Male,South West,Rural,None,None,Not in Labor Force,0.0,1
bbea2499,15,Female,South South,Urban,Primary,Trade/Services,Informal,78947.28,1
bad425dd,55,Female,South South,Rural,Secondary,Manufacturing,Self-employed,69407.63,1
bf8d32b2,29,Male,South West,Urban,Primary,Trade/Services,Informal,87206.32,1
c48f8d5c,22,Female,North West,Urban,Secondary,Trade/Services,Self-employed,80603.91,1
97ec1939,29,Female,South South,Rural,None,Informal,Informal,91534.99,1
64763ae1,14,Male,South West,Urban,Tertiary,Student,Not in Labor Force,0.0,1
b9547d00,64,Female,North East,Rural,None,Agriculture,Informal,45434.27,1
6d980dee,53,Male,North West,Rural,None,Informal,Informal,159877.04,0
01f0240b,5,Male,North West,Rural,None,None,Not in Labor Force,0.0,1
e6823c4a,32,Male,North West,Rural,None,Agriculture,Informal,58082.81,1
6209799e,30,Female,South East,Rural,Secondary,Trade/Services,Self-employed,92845.41,1
f3e30012,1,Male,North West,Rural,None,None,Not in Labor Force,0.0,1
c6e6f7f1,50,Female,North West,Rural,None,Agriculture,Informal,156705.11,0
f74d826e,3,Female,North East,Urban,None,None,Not in Labor Force,0.0,1
d718f86e,2,Female,North Central,Rural,None,None,Not in Labor Force,0.0,1
55dad433,7,Male,North West,Rural,Primary,Student,Not in Labor Force,0.0,1
4e76c962,44,Female,North West,Rural,None,Agriculture,Informal,44481.65,1
edc7eeb6,16,Female,North West,Urban,None,Informal,Informal,63313.67,1
e1da1047,2,Male,South West,Urban,None,None,Not in Labor Force,0.0,1
dce50fe5,40,Female,North West,Rural,None,Agriculture,Informal,39317.14,1
7f458365,8,Female,South West,Urban,Primary,Student,Not in Labor Force,0.0,1
e61a032e,19,Female,North West,Rural,None,Agriculture,Informal,67687.73,1
a4aaf597,16,Male,North West,Rural,Primary,Agriculture,Informal,38518.42,1
fde47e18,2,Male,North East,Rural,None,None,Not in Labor Force,0.0,1
df029058,34,Male,North West,Urban,None,Informal,Informal,128797.8,0
539af138,13,Male,North West,Rural,None,Student,Not in Labor Force,0.0,1
8b6313fa,1,Female,North East,Rural,None,None,Not in Labor Force,0.0,1
5034b846,48,Female,North East,Urban,None,Informal,Informal,78594.18,1
577a0af9,86,Female,South West,Urban,Secondary,Retired/None,Not in Labor Force,0.0,1
dab7b911,7,Female,North West,Rural,None,Student,Not in Labor Force,0.0,1
da0a0be3,6,Female,South South,Rural,Primary,Student,Not in Labor Force,0.0,1
d04a231b,3,Male,South East,Urban,None,None,Not in Labor Force,0.0,1
28337dfb,64,Female,South East,Urban,Secondary,Trade/Services,Self-employed,220429.74,0
a94ae56c,8,Male,North East,Rural,Primary,Student,Not in Labor Force,0.0,1
2773e80b,34,Male,South East,Rural,Tertiary,Professional,Wage-employed,458497.89,0
3c8bb90b,89,Female,North West,Rural,Primary,Retired/None,Not in Labor Force,0.0,1
5594c12c,28,Male,North West,Urban,Secondary,Informal,Self-employed,97979.19,0
1af229fa,11,Male,North West,Urban,None,Student,Not in Labor Force,0.0,1
5c250ee0,14,Female,South South,Rural,Secondary,Student,Not in Labor Force,0.0,1
b8397093,11,Male,North East,Rural,Primary,Student,Not in Labor Force,0.0,1
9922edc7,57,Male,South South,Rural,None,Agriculture,Informal,38477.0,1
dafa1dfe,10,Male,North East,Rural,None,Student,Not in Labor Force,0.0,1
e795fde9,13,Male,South South,Urban,Primary,Student,Not in Labor Force,0.0,1
c0904f62,53,Male,South South,Rural,None,Agriculture,Informal,49167.29,1
f2355fda,26,Female,South South,Urban,Secondary,Unemployed,Self-employed,133963.27,0
f2047618,62,Male,North Central,Rural,Secondary,Trade/Services,Self-employed,120621.55,0
3f7d59b4,4,Female,South South,Rural,None,None,Not in Labor Force,0.0,1
134a72b2,16,Male,South South,Rural,Secondary,Trade/Services,Self-employed,128936.95,0
bd952412,30,Male,North East,Rural,None,Agriculture,Informal,58738.1,1
ae22317c,44,Female,North Central,Urban,Primary,Trade/Services,Informal,53706.66,1
7701f8e9,61,Female,South West,Urban,Secondary,Trade/Services,Self-employed,93716.13,1
ec9bf892,10,Female,North East,Rural,None,Student,Not in Labor Force,0.0,1
d6920d39,52,Female,South East,Rural,Primary,Agriculture,Informal,81716.58,1
72d68720,59,Male,North West,Rural,Primary,Agriculture,Informal,40533.74,1
0636ba13,56,Male,North Central,Rural,None,Informal,Informal,83796.01,1
00c1b2f1,7,Female,North West,Rural,None,Student,Not in Labor Force,0.0,1
fdf661e3,2,Male,North East,Urban,None,None,Not in Labor Force,0.0,1
41604805,13,Male,North East,Urban,Primary,Student,Not in Labor Force,0.0,1
78c83555,4,Male,South East,Urban,None,None,Not in Labor Force,0.0,1
f07d6aa1,8,Female,North West,Rural,None,Student,Not in Labor Force,0.0,1
fe71aeac,53,Male,South East,Rural,None,Informal,Informal,85457.66,1
2f04e6af,10,Male,South East,Urban,Primary,Student,Not in Labor Force,0.0,1
4573f629,13,Male,North Central,Rural,None,Student,Not in Labor Force,0.0,1
9de4f42f,37,Female,North West,Rural,Secondary,Trade/Services,Self-employed,247793.24,0
6e0f79b6,30,Male,North West,Urban,Primary,Informal,Informal,60565.93,1
0e5fa2a7,64,Male,North Central,Rural,None,Agriculture,Informal,49261.97,1
6c0472e1,35,Female,North West,Rural,Primary,Agriculture,Informal,14948.73,1
42a4f1e1,6,Female,North Central,Rural,None,Student,Not in Labor Force,0.0,1
78fbfc8d,18,Female,South South,Urban,Secondary,Trade/Services,Self-employed,75671.45,1
144f017a,47,Female,North West,Urban,None,Informal,Informal,45538.92,1
a51e3c79,5,Male,South West,Rural,None,None,Not in Labor Force,0.0,1
73cd603e,61,Male,South South,Rural,Tertiary,Professional,Wage-employed,401676.78,0
8d62755c,28,Male,South South,Rural,Secondary,Trade/Services,Self-employed,291976.13,0
8ab7bb62,2,Female,South South,Urban,None,None,Not in Labor Force,0.0,1
7952c6a1,10,Male,South East,Urban,Primary,Student,Not in Labor Force,0.0,1
0ba1198c,4,Female,North East,Urban,None,None,Not in Labor Force,0.0,1
713e2d18,3,Female,South South,Urban,None,None,Not in Labor Force,0.0,1
99f2ccd0,45,Male,South South,Rural,Primary,Agriculture,Informal,84834.26,1
9d74c0d5,59,Male,North Central,Urban,None,Trade/Services,Informal,146455.24,0
9067ded8,1,Male,North East,Rural,None,None,Not in Labor Force,0.0,1
6a202b8c,58,Male,North Central,Rural,Primary,Informal,Informal,39073.58,1
2a59ca07,45,Male,North East,Rural,None,Agriculture,Informal,29179.31,1
6a20d895,44,Female,North West,Urban,Secondary,Informal,Self-employed,115241.72,0
b88f6b39,35,Male,South West,Urban,Secondary,Trade/Services,Self-employed,91651.39,1
1386bd0b,14,Male,South West,Urban,Tertiary,Student,Not in Labor Force,0.0,1
c974a9b6,44,Male,North Central,Urban,Secondary,Informal,Self-employed,79486.76,1
f1ce74da,55,Female,North West,Urban,Secondary,Trade/Services,Self-employed,151896.77,0
9f6f41ab,18,Female,South East,Rural,Secondary,Informal,Self-employed,48457.76,1
c226a210,19,Female,North West,Urban,Secondary,Trade/Services,Self-employed,218794.54,0
06a39e86,8,Female,North West,Rural,None,Student,Not in Labor Force,0.0,1
c120e21f,59,Male,South West,Urban,None,Trade/Services,Informal,63597.87,1
9e7317a6,9,Male,North East,Rural,Primary,Student,Not in Labor Force,0.0,1
895bffa7,41,Male,North West,Rural,Secondary,Trade/Services,Self-employed,96072.36,1
d86439cd,80,Male,North East,Rural,None,Retired/None,Not in Labor Force,0.0,1
a5f450ca,13,Female,South East,Urban,Secondary,Student,Not in Labor Force,0.0,1
e2f834be,27,Male,South West,Rural,Primary,Agriculture,Informal,63568.4,1
64db5d24,3,Male,North East,Rural,None,None,Not in Labor Force,0.0,1
590d84d8,4,Female,North West,Urban,None,None,Not in Labor Force,0.0,1
e3864ac4,59,Female,South West,Rural,Primary,Agriculture,Informal,45250.6,1
03a538d0,54,Female,South South,Rural,Secondary,Informal,Self-employed,210940.06,0
bf29ad1e,59,Male,South West,Rural,Secondary,Trade/Services,Self-employed,37666.69,1
abb13538,29,Female,South East,Rural,None,Informal,Informal,129314.28,0
1768725f,34,Female,North Central,Urban,None,Informal,Informal,65628.65,1
406da08f,34,Male,South West,Urban,Secondary,Trade/Services,Self-employed,231526.23,0
5c7f76a3,59,Female,South South,Urban,Secondary,Trade/Services,Self-employed,150353.51,0
154cffb6,6,Female,South East,Urban,Primary,Student,Not in Labor Force,0.0,1
68d2d8b9,91,Male,South South,Rural,None,Retired/None,Not in Labor Force,0.0,1
25cb3185,4,Male,North Central,Rural,None,None,Not in Labor Force,0.0,1
750e576a,46,Male,South South,Rural,None,Agriculture,Informal,99737.6,0
302130a3,5,Male,South West,Urban,None,None,Not in Labor Force,0.0,1
3b832a7b,13,Female,South South,Urban,Secondary,Student,Not in Labor Force,0.0,1
5c5f6c01,40,Male,North West,Urban,None,Informal,Informal,75278.73,1
56e3d790,51,Female,South West,Urban,Secondary,Trade/Services,Self-employed,153746.68,0
b25c730e,12,Female,South East,Rural,Primary,Student,Not in Labor Force,0.0,1
82b4455b,12,Female,North West,Rural,Primary,Student,Not in Labor Force,0.0,1
2d66548a,19,Male,South West,Urban,Secondary,Informal,Self-employed,257491.72,0
44933616,39,Male,South East,Rural,Tertiary,Professional,Wage-employed,314113.4,0
e02fd1b0,12,Male,North East,Rural,None,Student,Not in Labor Force,0.0,1
90dacd42,7,Male,North Central,Rural,None,Student,Not in Labor Force,0.0,1
2b1bc493,45,Male,South West,Urban,Tertiary,Trade/Services,Wage-employed,889172.85,0
37b58a6d,3,Female,North Central,Rural,None,None,Not in Labor Force,0.0,1
984210d2,22,Male,North West,Rural,None,Informal,Informal,73962.84,1
b338aca0,23,Female,North West,Rural,None,Informal,Informal,38575.32,1
70a08a1f,35,Male,North West,Urban,Secondary,Trade/Services,Self-employed,107700.91,0
0921a607,2,Female,North East,Rural,None,None,Not in Labor Force,0.0,1
6a4cd3d3,34,Female,North West,Rural,Secondary,Informal,Self-employed,168192.52,0
3f3828f6,29,Male,South West,Urban,Tertiary,Professional,Wage-employed,190257.12,0
a0337310,40,Female,South West,Urban,Primary,Trade/Services,Informal,130056.99,0
5d079aef,56,Female,South East,Rural,Secondary,Informal,Self-employed,79263.97,1
514cae6c,25,Female,North West,Rural,None,Agriculture,Informal,27616.49,1
8a939a07,51,Female,North Central,Urban,Secondary,Informal,Self-employed,150897.15,0
821972ae,8,Male,North East,Urban,Primary,Student,Not in Labor Force,0.0,1
8f2ec17b,25,Male,South East,Urban,None,Informal,Informal,53097.54,1
1f609bd4,41,Male,South West,Urban,Secondary,Informal,Self-employed,94563.34,1
f8ad2f2d,44,Female,South South,Rural,None,Agriculture,Informal,41132.68,1
8270fc6f,2,Female,North West,Urban,None,None,Not in Labor Force,0.0,1
d74a65cd,48,Female,South West,Urban,Secondary,Informal,Self-employed,142762.25,0
83afd696,52,Male,North Central,Urban,None,Trade/Services,Informal,63960.44,1
9559b1d2,12,Female,South East,Urban,Primary,Student,Not in Labor Force,0.0,1
7e9339ba,6,Female,North Central,Rural,Primary,Student,Not in Labor Force,0.0,1
4164f7b3,15,Male,North Central,Rural,None,Agriculture,Informal,75702.71,1
ba25dc81,17,Male,North West,Rural,Secondary,Informal,Self-employed,181217.32,0
015d8a21,17,Male,South West,Urban,Primary,Informal,Informal,111861.06,0
f64347bf,11,Female,North East,Rural,Primary,Student,Not in Labor Force,0.0,1
6a5e6b3f,28,Female,North West,Rural,Secondary,Unemployed,Self-employed,291613.58,0
093395f6,3,Male,North West,Rural,None,None,Not in Labor Force,0.0,1
955dbea7,44,Male,South South,Urban,Secondary,Trade/Services,Self-employed,456255.91,0
bbcd8015,9,Female,North East,Urban,Primary,Student,Not in Labor Force,0.0,1
5c186e23,5,Female,South South,Urban,None,None,Not in Labor Force,0.0,1
2484f00f,4,Female,South South,Rural,None,None,Not in Labor Force,0.0,1
d884b2e6,0,Female,South South,Rural,None,None,Not in Labor Force,0.0,1
6697b785,14,Male,South South,Urban,Secondary,Student,Not in Labor Force,0.0,1
a4c84032,5,Female,South South,Urban,None,None,Not in Labor Force,0.0,1
4b4d715e,28,Male,North East,Rural,Primary,Informal,Informal,50304.32,1
33ef9f4d,28,Female,North West,Rural,Primary,Agriculture,Informal,29984.25,1
2bc2ea9c,8,Male,South West,Urban,Primary,Student,Not in Labor Force,0.0,1
2ef48364,63,Female,North Central,Rural,Secondary,Trade/Services,Self-employed,82993.75,1
f25da8b3,7,Male,North West,Urban,Primary,Student,Not in Labor Force,0.0,1
41659e16,22,Female,South West,Urban,Primary,Trade/Services,Informal,86769.67,1
cf5fb72a,2,Male,South West,Urban,None,None,Not in Labor Force,0.0,1
ebb77bf9,14,Male,South South,Rural,Primary,Student,Not in Labor Force,0.0,1
60703b75,43,Female,South West,Urban,Secondary,Manufacturing,Self-employed,506592.75,0
e4f78f6e,55,Male,South West,Urban,Tertiary,Professional,Wage-employed,319693.66,0
ec885ca7,25,Female,North Central,Rural,None,Agriculture,Informal,70739.42,1
9c3e21d5,59,Female,North Central,Urban,Tertiary,Professional,Wage-employed,266013.75,0
d6a09b74,27,Female,South South,Urban,None,Trade/Services,Informal,65643.6,1
2174ae97,10,Female,North West,Rural,Primary,Student,Not in Labor Force,0.0,1
eaf61202,7,Female,North Central,Rural,Primary,Student,Not in Labor Force,0.0,1
b94f65c3,2,Female,South West,Rural,None,None,Not in Labor Force,0.0,1
77155540,9,Female,North Central,Urban,Primary,Student,Not in Labor Force,0.0,1
815317e4,51,Male,North East,Rural,Secondary,Unemployed,Self-employed,47637.16,1
df2b4e03,62,Male,North East,Urban,Primary,Informal,Informal,33602.66,1
f9816da4,8,Female,North West,Rural,None,Student,Not in Labor Force,0.0,1
41795bfa,42,Male,North East,Rural,Primary,Agriculture,Informal,135477.17,0
dd873f40,46,Male,South South,Urban,Secondary,Trade/Services,Self-employed,252639.34,0
8f2d4eb2,3,Male,North Central,Urban,None,None,Not in Labor Force,0.0,1
cb1aad46,5,Male,North West,Urban,None,None,Not in Labor Force,0.0,1
22845c33,2,Female,North East,Rural,None,None,Not in Labor Force,0.0,1
6a81d4d7,2,Female,North West,Urban,None,None,Not in Labor Force,0.0,1
70c1714e,4,Female,South South,Rural,None,None,Not in Labor Force,0.0,1
eed39faa,22,Female,North Central,Rural,Tertiary,Professional,Wage-employed,237575.03,0
c48f501b,13,Male,South South,Rural,Primary,Student,Not in Labor Force,0.0,1
3c0f7f19,7,Male,North East,Rural,Primary,Student,Not in Labor Force,0.0,1
e1533e1a,67,Male,South East,Urban,Secondary,Informal,Self-employed,252213.07,0
09cc0380,38,Female,North East,Rural,None,Informal,Informal,27333.17,1
cbedb973,27,Male,North West,Urban,Secondary,Trade/Services,Self-employed,120088.24,0
6800b2fc,10,Male,North West,Urban,Primary,Student,Not in Labor Force,0.0,1
236275fc,12,Female,South West,Urban,Primary,Student,Not in Labor Force,0.0,1
eea5a8ba,22,Female,North East,Rural,Secondary,Informal,Self-employed,109596.15,0
3d1126ca,2,Male,North Central,Urban,None,None,Not in Labor Force,0.0,1
da35babf,9,Male,South East,Rural,Primary,Student,Not in Labor Force,0.0,1
e8326caa,45,Female,North West,Urban,Tertiary,Professional,Wage-employed,855663.56,0
155dc98a,40,Female,North East,Rural,None,Agriculture,Informal,67408.37,1
f7063238,1,Male,South East,Urban,None,None,Not in Labor Force,0.0,1
31a1f644,32,Male,North Central,Rural,Primary,Agriculture,Informal,83021.14,1
a52da86b,8,Female,South East,Rural,None,Student,Not in Labor Force,0.0,1
e768fc14,6,Female,North East,Rural,Primary,Student,Not in Labor Force,0.0,1
c957a5f5,5,Female,North East,Rural,None,None,Not in Labor Force,0.0,1
a1a5f25c,6,Female,North West,Rural,Primary,Student,Not in Labor Force,0.0,1
d6eabe5b,7,Female,South South,Rural,Primary,Student,Not in Labor Force,0.0,1
2cd0d4d4,47,Male,South South,Urban,Tertiary,Trade/Services,Wage-employed,301952.06,0
540e3da5,17,Male,South South,Urban,Secondary,Trade/Services,Self-employed,156119.16,0
268d5ba2,52,Female,North Central,Urban,Primary,Informal,Informal,172579.98,0
a6e9dc00,3,Female,South East,Rural,None,None,Not in Labor Force,0.0,1
8cb55e00,3,Female,North Central,Urban,None,None,Not in Labor Force,0.0,1
c8737155,3,Male,North Central,Urban,None,None,Not in Labor Force,0.0,1
edcb8ed1,9,Female,South East,Urban,Primary,Student,Not in Labor Force,0.0,1
e389d490,8,Male,North West,Rural,Primary,Student,Not in Labor Force,0.0,1
1a0a33f8,54,Female,North West,Rural,None,Informal,Informal,22699.41,1
858c191c,31,Male,North East,Rural,None,Agriculture,Informal,118378.78,0
637c579a,31,Female,South East,Urban,Primary,Informal,Informal,71254.8,1
683f3d73,47,Female,North East,Rural,Primary,Agriculture,Informal,25756.13,1
e61c4933,34,Male,North East,Rural,None,Informal,Informal,51007.16,1
e98c4679,13,Male,South South,Urban,Secondary,Student,Not in Labor Force,0.0,1
ead22dc7,5,Female,North East,Rural,None,None,Not in Labor Force,0.0,1
db93d7c1,3,Female,North West,Rural,None,None,Not in Labor Force,0.0,1
3197a009,41,Male,South West,Urban,Primary,Informal,Informal,175264.0,0
6f3dc5fd,75,Male,South East,Rural,Primary,Retired/None,Not in Labor Force,0.0,1
b57c96a3,2,Male,North West,Rural,None,None,Not in Labor Force,0.0,1
5ed14a56,38,Female,South West,Urban,Secondary,Informal,Self-employed,99767.62,0
ce3776e1,44,Male,North West,Urban,None,Informal,Informal,96722.74,1
31600633,7,Male,North Central,Rural,Primary,Student,Not in Labor Force,0.0,1
abfb53ad,5,Female,North East,Rural,None,None,Not in Labor Force,0.0,1
33981738,8,Female,North East,Rural,None,Student,Not in Labor Force,0.0,1
ed5fc5cc,92,Male,North Central,Rural,None,Retired/None,Not in Labor Force,0.0,1
f1ef27c3,9,Female,South South,Urban,None,Student,Not in Labor Force,0.0,1
811a1dac,63,Female,South West,Urban,Primary,Trade/Services,Informal,30702.16,1
7bcfa0c3,12,Male,South South,Urban,Tertiary,Student,Not in Labor Force,0.0,1
c62c7a23,54,Male,South West,Rural,None,Agriculture,Informal,20022.27,1
0932726c,5,Female,North West,Rural,None,None,Not in Labor Force,0.0,1
6c0019bd,15,Male,North East,Rural,Secondary,Informal,Self-employed,51738.45,1
e9e179e1,35,Male,South South,Rural,Primary,Agriculture,Informal,109939.42,0
db48f879,53,Male,South West,Rural,None,Agriculture,Informal,58075.62,1
d18dfc5c,38,Female,South South,Rural,Secondary,Informal,Self-employed,190959.71,0
6fdf1c5c,8,Female,North West,Rural,None,Student,Not in Labor Force,0.0,1
09d938b3,58,Female,North East,Rural,None,Agriculture,Informal,119954.55,0
eaa72448,5,Male,North East,Urban,None,None,Not in Labor Force,0.0,1
381fb8f8,9,Female,North East,Rural,Primary,Student,Not in Labor Force,0.0,1
07a5584c,23,Female,North East,Rural,None,Agriculture,Informal,37991.17,1
635d4636,3,Male,North Central,Rural,None,None,Not in Labor Force,0.0,1
1cea0220,49,Female,South West,Urban,Primary,Informal,Informal,206943.4,0
f3c086f8,68,Male,North East,Rural,None,Agriculture,Informal,43190.34,1
8b8a220f,9,Female,North West,Rural,None,Student,Not in Labor Force,0.0,1
127a2156,50,Male,South West,Urban,Secondary,Informal,Self-employed,242854.39,0
ea735add,5,Female,North Central,Rural,None,None,Not in Labor Force,0.0,1
b4ff3ebf,14,Female,South West,Urban,Tertiary,Student,Not in Labor Force,0.0,1
0fbfef7f,8,Female,North Central,Rural,Primary,Student,Not in Labor Force,0.0,1
536d5d4d,36,Male,South South,Urban,Secondary,Trade/Services,Self-employed,236971.44,0
a9637320,15,Male,South West,Rural,None,Agriculture,Informal,62256.65,1
6c96ac0a,19,Male,South South,Rural,Secondary,Manufacturing,Self-employed,102744.19,0
0b949342,73,Female,North Central,Urban,Secondary,Retired/None,Not in Labor Force,0.0,1
417a79ed,4,Female,North East,Urban,None,None,Not in Labor Force,0.0,1
922f52d8,5,Male,North East,Rural,None,None,Not in Labor Force,0.0,1
b2c7fbf1,33,Male,North Central,Rural,None,Agriculture,Informal,72567.79,1
24aa5aac,22,Female,North Central,Urban,None,Informal,Informal,86617.96,1
37824c64,9,Female,South West,Urban,None,Student,Not in Labor Force,0.0,1
e9be17cf,10,Male,North West,Rural,Primary,Student,Not in Labor Force,0.0,1
3470f942,46,Male,South West,Urban,Primary,Informal,Informal,63953.9,1
644416e6,27,Male,South East,Urban,Primary,Trade/Services,Informal,60746.17,1
0046be36,3,Female,South West,Urban,None,None,Not in Labor Force,0.0,1
9cd78ebf,50,Female,North Central,Rural,Primary,Agriculture,Informal,47606.07,1
e8f4aeb6,57,Female,South South,Urban,Secondary,Trade/Services,Self-employed,276766.6,0
a340080f,58,Male,North Central,Rural,None,Agriculture,Informal,23086.33,1
9273acb7,4,Female,North West,Rural,None,None,Not in Labor Force,0.0,1
339970e7,44,Male,South East,Rural,None,Informal,Informal,44439.99,1
4684690f,9,Male,North West,Urban,Primary,Student,Not in Labor Force,0.0,1
793a7dce,14,Female,South West,Urban,Secondary,Student,Not in Labor Force,0.0,1
4fd4bb7b,39,Male,North West,Urban,Primary,Informal,Informal,66465.32,1
3f3aa52d,43,Male,North West,Urban,Primary,Trade/Services,Informal,70484.0,1
aa7b5c3e,7,Female,North West,Rural,Primary,Student,Not in Labor Force,0.0,1
e287f0f8,53,Male,North East,Rural,Primary,Agriculture,Informal,71543.79,1
beeaa93c,35,Female,North West,Rural,Primary,Informal,Informal,26663.49,1
7a9e6a10,55,Female,North West,Rural,None,Informal,Informal,110767.61,0
8ccd3e04,23,Female,South East,Rural,Tertiary,Professional,Wage-employed,504928.59,0
011f564c,56,Male,South East,Rural,Primary,Agriculture,Informal,89733.58,1
403649a9,56,Male,South East,Urban,Secondary,Informal,Self-employed,117649.47,0
ca6e2c84,1,Male,South East,Urban,None,None,Not in Labor Force,0.0,1
1add6324,3,Male,North Central,Rural,None,None,Not in Labor Force,0.0,1
cf3159dc,7,Female,South South,Urban,Primary,Student,Not in Labor Force,0.0,1
5eb93c4b,46,Male,North Central,Urban,None,Informal,Informal,51895.57,1
9eae8e93,28,Male,North Central,Urban,Secondary,Informal,Self-employed,109631.39,0
ba8156cd,0,Female,South West,Urban,None,None,Not in Labor Force,0.0,1
2dab6c94,12,Female,North West,Urban,None,Student,Not in Labor Force,0.0,1
15e9b078,35,Female,South East,Rural,Secondary,Informal,Self-employed,102387.41,0
ad72c1ae,7,Male,North Central,Urban,None,Student,Not in Labor Force,0.0,1
0226209a,64,Female,North West,Rural,None,Agriculture,Informal,89295.95,1
04b18fe4,1,Female,North West,Rural,None,None,Not in Labor Force,0.0,1
2de57c45,59,Male,North West,Rural,Secondary,Trade/Services,Self-employed,94015.34,1
9d197a72,54,Male,South South,Urban,Primary,Informal,Informal,100335.17,0
8b1f2125,9,Male,South South,Rural,None,Student,Not in Labor Force,0.0,1
3c0fecfc,46,Female,North East,Rural,None,Informal,Informal,46150.12,1
38d3f9ab,11,Male,North East,Rural,None,Student,Not in Labor Force,0.0,1
61207999,47,Female,North West,Rural,None,Informal,Informal,71096.65,1
e436ba8f,45,Female,South East,Urban,Tertiary,Professional,Wage-employed,344717.33,0
020d8163,1,Female,North West,Rural,None,None,Not in Labor Force,0.0,1
d050b9d2,49,Male,South South,Urban,Secondary,Trade/Services,Self-employed,156493.68,0
f3106096,26,Male,South West,Urban,Tertiary,Professional,Wage-employed,138667.63,0
86c4a2d0,2,Male,South South,Urban,None,None,Not in Labor Force,0.0,1
ceb7ce2a,8,Male,South West,Urban,None,Student,Not in Labor Force,0.0,1
c809c264,59,Female,South West,Urban,Secondary,Informal,Self-employed,178485.5,0
61583687,45,Male,South West,Rural,Tertiary,Professional,Wage-employed,410036.67,0
5ee828dc,24,Male,South East,Rural,Primary,Informal,Informal,82238.39,1
c5f6bb0d,61,Male,South East,Urban,Secondary,Informal,Self-employed,73683.52,1
f449012f,48,Male,South West,Urban,Primary,Informal,Informal,52781.79,1
550610dd,2,Female,South West,Urban,None,None,Not in Labor Force,0.0,1
65ebe0c8,17,Female,South South,Rural,Primary,Informal,Informal,35555.38,1
c7c3ca71,60,Female,South South,Rural,Secondary,Informal,Self-employed,120329.41,0
03acb83d,53,Male,South West,Urban,Secondary,Informal,Self-employed,197784.82,0
b51c50a9,7,Female,North West,Rural,None,Student,Not in Labor Force,0.0,1
a0aea7ff,12,Female,North West,Rural,Primary,Student,Not in Labor Force,0.0,1
b768a1ab,10,Male,South South,Rural,None,Student,Not in Labor Force,0.0,1
c383d7bd,12,Male,North West,Rural,Primary,Student,Not in Labor Force,0.0,1
4c69b3c0,5,Female,North West,Rural,None,None,Not in Labor Force,0.0,1
6aa146ce,34,Female,North West,Rural,Primary,Agriculture,Informal,39421.33,1
f0c4b369,20,Female,South West,Rural,None,Informal,Informal,131843.07,0
24346f24,12,Male,South West,Urban,Secondary,Student,Not in Labor Force,0.0,1
55b580dd,57,Male,North East,Rural,Primary,Agriculture,Informal,130800.96,0
f4394d65,0,Female,North West,Urban,None,None,Not in Labor Force,0.0,1
e7303a11,12,Female,South East,Rural,Primary,Student,Not in Labor Force,0.0,1
30eaed08,9,Male,South South,Rural,None,Student,Not in Labor Force,0.0,1
2b5b5688,31,Female,North West,Rural,None,Agriculture,Informal,65041.14,1
ef317461,14,Male,North West,Rural,None,Student,Not in Labor Force,0.0,1
bc2e2171,4,Female,South West,Rural,None,None,Not in Labor Force,0.0,1
b4e89dd3,1,Female,South East,Urban,None,None,Not in Labor Force,0.0,1
f1c4dc0a,52,Female,South East,Rural,Primary,Informal,Informal,74796.89,1
b7807176,8,Male,South West,Urban,Primary,Student,Not in Labor Force,0.0,1
dbd570d3,51,Male,South South,Rural,Secondary,Trade/Services,Self-employed,36035.86,1
ed61130b,18,Female,North West,Rural,Primary,Agriculture,Informal,43589.7,1
835bfafa,16,Female,North West,Rural,Primary,Agriculture,Informal,28242.53,1
a215f2bb,26,Female,South West,Urban,Tertiary,Trade/Services,Wage-employed,231887.63,0
fecc0442,2,Female,South East,Urban,None,None,Not in Labor Force,0.0,1
e244474c,5,Female,South West,Urban,None,None,Not in Labor Force,0.0,1
a733f976,60,Female,South South,Urban,Secondary,Unemployed,Self-employed,181445.63,0
11124c96,22,Male,South East,Urban,Secondary,Informal,Self-employed,209742.2,0
3e13fa8a,35,Male,South West,Urban,Secondary,Trade/Services,Self-employed,215069.11,0
1b2ce69e,60,Male,North West,Rural,Tertiary,Professional,Wage-employed,342838.54,0
63fe671c,49,Female,North West,Urban,Primary,Informal,Informal,110638.64,0
5bf99dee,62,Male,South East,Rural,Secondary,Informal,Self-employed,38044.81,1
517c7c13,79,Male,North West,Rural,Tertiary,Retired/None,Not in Labor Force,0.0,1
631b2c13,21,Female,North West,Urban,None,Trade/Services,Informal,37282.55,1
768e0172,14,Female,South South,Urban,None,Student,Not in Labor Force,0.0,1
6e603127,59,Female,South South,Rural,Primary,Agriculture,Informal,52810.73,1
a27dc0a5,5,Male,North West,Urban,None,None,Not in Labor Force,0.0,1
46ed8226,14,Female,South East,Urban,Primary,Student,Not in Labor Force,0.0,1
acf53424,31,Male,North West,Rural,Tertiary,Professional,Wage-employed,424425.49,0
81b4a396,3,Male,North East,Rural,None,None,Not in Labor Force,0.0,1
6aaaaa18,5,Male,South West,Urban,None,None,Not in Labor Force,0.0,1
57e7015f,10,Male,South East,Rural,Primary,Student,Not in Labor Force,0.0,1
da020b95,36,Male,North West,Rural,None,Agriculture,Informal,45781.79,1
f42667fd,41,Female,North East,Rural,Primary,Agriculture,Informal,26463.72,1
e2936244,60,Male,North West,Urban,None,Informal,Informal,53366.71,1
0bef9d91,14,Female,South South,Urban,Secondary,Student,Not in Labor Force,0.0,1
a4f58dde,58,Male,South West,Urban,Secondary,Trade/Services,Self-employed,76108.02,1
cfcea88c,36,Male,North Central,Urban,Secondary,Informal,Self-employed,47349.28,1
452dc908,11,Female,North West,Rural,None,Student,Not in Labor Force,0.0,1
a4d915a2,9,Female,South West,Urban,Primary,Student,Not in Labor Force,0.0,1
5bce9a0c,5,Female,South West,Urban,None,None,Not in Labor Force,0.0,1
da01069e,92,Female,South East,Rural,Secondary,Retired/None,Not in Labor Force,0.0,1
4e492067,23,Female,North East,Urban,Primary,Informal,Informal,307009.99,0
f06670ea,48,Female,South South,Urban,Primary,Informal,Informal,169350.01,0
d83f0c0e,3,Female,North Central,Rural,None,None,Not in Labor Force,0.0,1
944405b1,23,Female,North East,Rural,None,Agriculture,Informal,18299.05,1
af8f4c12,29,Male,North East,Rural,Primary,Agriculture,Informal,18897.2,1
d78c7abd,59,Female,North Central,Urban,None,Informal,Informal,49831.7,1
5bf87376,84,Male,South South,Urban,Secondary,Retired/None,Not in Labor Force,0.0,1
5e63d80c,7,Male,South West,Urban,Primary,Student,Not in Labor Force,0.0,1
901b7f48,9,Female,South West,Urban,Primary,Student,Not in Labor Force,0.0,1
20a82869,42,Male,North West,Urban,Primary,Informal,Informal,33070.6,1
3055ccaf,33,Male,North West,Rural,None,Agriculture,Informal,250088.78,0
92c7d0d6,30,Male,North Central,Rural,Secondary,Trade/Services,Self-employed,60998.71,1
2480c383,10,Female,South West,Rural,Primary,Student,Not in Labor Force,0.0,1
843bcd07,56,Male,South East,Rural,Secondary,Informal,Self-employed,122629.66,0
4edad842,7,Male,North West,Rural,Primary,Student,Not in Labor Force,0.0,1
990c29e7,0,Female,North West,Rural,None,None,Not in Labor Force,0.0,1
fb466f74,24,Male,North East,Rural,Tertiary,Professional,Wage-employed,218933.3,0
ea59d66e,32,Male,South South,Rural,Secondary,Manufacturing,Self-employed,49005.58,1
c3670cc3,2,Male,North Central,Rural,None,None,Not in Labor Force,0.0,1
253b369d,13,Male,North East,Rural,Primary,Student,Not in Labor Force,0.0,1
8be03f30,10,Male,North East,Rural,Primary,Student,Not in Labor Force,0.0,1
c19b7d15,1,Male,North West,Urban,None,None,Not in Labor Force,0.0,1
d89d029c,17,Male,North Central,Rural,Secondary,Trade/Services,Self-employed,185054.99,0
7b2f1125,54,Female,South East,Rural,Secondary,Trade/Services,Self-employed,146224.49,0
97a02c29,10,Female,South South,Rural,Primary,Student,Not in Labor Force,0.0,1
7f7e12a0,42,Female,North Central,Rural,Primary,Agriculture,Informal,57771.97,1
be8592e8,60,Male,North West,Rural,None,Informal,Informal,249986.16,0
7848b3a0,20,Male,South West,Urban,Primary,Informal,Informal,93063.1,1
12f96376,14,Female,South East,Urban,Primary,Student,Not in Labor Force,0.0,1
cb1ba6ff,28,Male,North West,Rural,None,Agriculture,Informal,45529.64,1
ba429b70,6,Female,South South,Urban,Primary,Student,Not in Labor Force,0.0,1
a770cb67,9,Male,South East,Rural,Primary,Student,Not in Labor Force,0.0,1
923ede31,14,Female,North Central,Rural,Tertiary,Student,Not in Labor Force,0.0,1
281258bb,45,Male,South West,Rural,None,Informal,Informal,188936.04,0
e86cd95c,12,Male,South West,Urban,Secondary,Student,Not in Labor Force,0.0,1
5d7c26d5,9,Female,South West,Urban,Primary,Student,Not in Labor Force,0.0,1
c0ee365b,5,Female,North West,Rural,None,None,Not in Labor Force,0.0,1
f1cf62f2,31,Male,North West,Urban,Secondary,Informal,Self-employed,169791.33,0
cfdd3fbf,43,Female,North West,Urban,None,Trade/Services,Informal,214647.36,0
0afe186a,0,Male,South East,Rural,None,None,Not in Labor Force,0.0,1
42de160e,58,Male,North Central,Urban,Primary,Informal,Informal,78948.17,1
f00e67f0,29,Female,North Central,Urban,Secondary,Trade/Services,Self-employed,21836.44,1
c4fd099a,40,Female,South East,Rural,Secondary,Trade/Services,Self-employed,38744.64,1
2da18c34,11,Female,North East,Rural,None,Student,Not in Labor Force,0.0,1
0416ca6e,39,Male,South West,Rural,None,Informal,Informal,114648.51,0
c0857a41,55,Male,North Central,Rural,None,Agriculture,Informal,42047.8,1
de218e63,19,Female,North East,Rural,None,Agriculture,Informal,69702.75,1
416c29c9,3,Male,North East,Rural,None,None,Not in Labor Force,0.0,1
f33151d7,58,Male,South South,Rural,Tertiary,Professional,Wage-employed,585550.93,0
995ca21d,62,Male,South East,Urban,Tertiary,Professional,Wage-employed,445829.05,0
9298b255,55,Male,North West,Rural,Secondary,Unemployed,Self-employed,58944.97,1
5166447e,8,Male,South South,Urban,Primary,Student,Not in Labor Force,0.0,1
5b4bb230,14,Male,South East,Rural,Secondary,Student,Not in Labor Force,0.0,1
321a042f,17,Female,North West,Rural,Tertiary,Professional,Wage-employed,294592.4,0
9487bed3,17,Female,North West,Rural,Secondary,Informal,Self-employed,105256.88,0
146fb3d0,9,Male,North East,Rural,Primary,Student,Not in Labor Force,0.0,1
a9bef2e0,64,Male,South West,Rural,Primary,Agriculture,Informal,46868.76,1
db9e7dd5,0,Male,South West,Urban,None,None,Not in Labor Force,0.0,1
6b039af1,24,Male,North East,Rural,Primary,Agriculture,Informal,26082.32,1
620c3393,16,Female,North Central,Rural,Primary,Informal,Informal,48373.65,1
1a27ecba,38,Female,North West,Rural,Primary,Agriculture,Informal,56630.99,1
933ca27c,25,Female,North West,Rural,Primary,Agriculture,Informal,25187.2,1
78246639,7,Female,North Central,Urban,None,Student,Not in Labor Force,0.0,1
97736ac0,49,Male,North East,Rural,None,Informal,Informal,34514.86,1
4e8f8a32,6,Male,North Central,Rural,Primary,Student,Not in Labor Force,0.0,1
2273cf45,46,Female,South South,Urban,Secondary,Informal,Self-employed,86672.3,1
190471e4,37,Female,North West,Rural,None,Informal,Informal,19609.76,1
60d12551,48,Male,North West,Rural,Secondary,Informal,Self-employed,106610.94,0
432e5615,8,Male,North West,Urban,None,Student,Not in Labor Force,0.0,1
adb8fe11,33,Female,North Central,Rural,None,Agriculture,Informal,69021.55,1
389dbc92,1,Male,South West,Urban,None,None,Not in Labor Force,0.0,1
131be94a,11,Female,South West,Urban,Primary,Student,Not in Labor Force,0.0,1
acf95082,16,Female,North Central,Urban,Secondary,Informal,Self-employed,96124.97,1
0ca73286,29,Male,North East,Rural,Primary,Informal,Informal,26339.65,1
cde8ac50,35,Female,North East,Rural,Secondary,Manufacturing,Self-employed,126019.5,0
0df56be3,2,Female,North East,Rural,None,None,Not in Labor Force,0.0,1
7528a3c8,4,Female,South West,Urban,None,None,Not in Labor Force,0.0,1
8f1a6112,57,Male,North West,Urban,Secondary,Manufacturing,Self-employed,184914.32,0
6cb71021,41,Male,South East,Urban,Secondary,Manufacturing,Self-employed,141371.92,0
2d910b20,7,Female,South West,Urban,Primary,Student,Not in Labor Force,0.0,1
fe177af8,21,Male,North East,Urban,Primary,Trade/Services,Informal,82862.42,1
2b496095,20,Male,North Central,Urban,Primary,Trade/Services,Informal,115423.83,0
df9ef115,60,Male,South South,Rural,None,Agriculture,Informal,56540.86,1
97d7960e,47,Female,North West,Urban,Secondary,Informal,Self-employed,76829.59,1
e7e56fcf,63,Male,North West,Urban,None,Informal,Informal,77484.22,1
3f7c058f,31,Male,North Central,Urban,Primary,Informal,Informal,63880.46,1
e55703ea,60,Male,South West,Urban,Primary,Informal,Informal,77482.76,1
b105498e,9,Female,North West,Urban,Primary,Student,Not in Labor Force,0.0,1
abe2750e,44,Female,South South,Urban,Secondary,Trade/Services,Self-employed,226513.49,0
3a7cfa29,22,Male,South West,Urban,Tertiary,Professional,Wage-employed,194610.02,0
8386e7d9,54,Female,South South,Urban,Tertiary,Professional,Wage-employed,445291.63,0
2b831af7,13,Male,North East,Rural,Secondary,Student,Not in Labor Force,0.0,1
d34ff8ea,21,Female,South East,Urban,Secondary,Unemployed,Self-employed,62846.39,1
38892a56,20,Female,North East,Urban,Tertiary,Trade/Services,Wage-employed,230750.33,0
3923d4c4,3,Female,North East,Urban,None,None,Not in Labor Force,0.0,1
9b3123c8,0,Male,South South,Rural,None,None,Not in Labor Force,0.0,1
a181af5f,29,Female,North West,Rural,None,Informal,Informal,153937.6,0
34ac65f2,14,Female,South South,Urban,Tertiary,Student,Not in Labor Force,0.0,1
391091b5,89,Female,North Central,Urban,None,Retired/None,Not in Labor Force,0.0,1
38215ea1,61,Male,South South,Urban,Secondary,Informal,Self-employed,175322.76,0
4916a0f3,47,Male,North Central,Rural,Secondary,Informal,Self-employed,108723.66,0
e5b2637f,3,Female,South East,Urban,None,None,Not in Labor Force,0.0,1
45c5c86f,2,Male,North West,Rural,None,None,Not in Labor Force,0.0,1
7dcb884f,19,Female,North Central,Urban,Secondary,Trade/Services,Self-employed,49262.42,1
5d8afe18,4,Male,South West,Urban,None,None,Not in Labor Force,0.0,1
195506e1,50,Female,South East,Rural,None,Agriculture,Informal,51976.96,1
25fd906f,0,Male,North West,Rural,None,None,Not in Labor Force,0.0,1
3db0983b,4,Male,North Central,Urban,None,None,Not in Labor Force,0.0,1
1c6c064d,3,Male,North Central,Rural,None,None,Not in Labor Force,0.0,1
14f15be0,28,Male,North West,Rural,None,Agriculture,Informal,17263.08,1
e633e94d,90,Female,North Central,Urban,None,Retired/None,Not in Labor Force,0.0,1
3249897c,12,Female,South East,Rural,Primary,Student,Not in Labor Force,0.0,1
5ff0f0d2,7,Female,North East,Rural,Primary,Student,Not in Labor Force,0.0,1
2259976f,1,Female,North Central,Rural,None,None,Not in Labor Force,0.0,1
7a01f48b,54,Female,South South,Urban,Tertiary,Professional,Wage-employed,409360.57,0
e35aa627,15,Male,North West,Urban,Tertiary,Trade/Services,Wage-employed,189438.89,0
8282ffbf,43,Male,South West,Urban,Secondary,Trade/Services,Self-employed,186224.13,0
1ca3e576,50,Male,South West,Urban,Secondary,Trade/Services,Self-employed,146793.53,0
5bc98e9a,51,Female,South East,Urban,None,Informal,Informal,38962.09,1
9995ca01,12,Male,South West,Urban,Secondary,Student,Not in Labor Force,0.0,1
d501f4d5,69,Male,South West,Urban,Tertiary,Trade/Services,Wage-employed,503307.15,0
3490f10c,4,Female,North West,Urban,None,None,Not in Labor Force,0.0,1
18305597,11,Female,North Central,Rural,Primary,Student,Not in Labor Force,0.0,1
9ae50ad7,38,Female,South East,Urban,Primary,Trade/Services,Informal,283802.25,0
eec98ec5,33,Female,North West,Rural,None,Informal,Informal,53016.83,1
d0bb6e73,11,Female,North West,Rural,Primary,Student,Not in Labor Force,0.0,1
542ff7be,3,Male,South East,Urban,None,None,Not in Labor Force,0.0,1
fc1874e6,15,Female,South West,Urban,None,Informal,Informal,137061.06,0
e2908993,6,Female,North Central,Rural,None,Student,Not in Labor Force,0.0,1
f72e6c1d,31,Male,South South,Urban,Secondary,Informal,Self-employed,37729.9,1
ebae10bc,48,Male,South East,Rural,Primary,Informal,Informal,79270.2,1
724b4151,10,Male,South South,Urban,Primary,Student,Not in Labor Force,0.0,1
59a5f847,21,Male,South South,Urban,Primary,Trade/Services,Informal,57436.56,1
ab2f4dfa,0,Female,North Central,Urban,None,None,Not in Labor Force,0.0,1
b4a81f01,17,Male,South East,Rural,Secondary,Informal,Self-employed,84001.6,1
b55b4f09,43,Male,South West,Urban,Tertiary,Trade/Services,Wage-employed,572099.78,0
2034b3a6,5,Female,South East,Rural,None,None,Not in Labor Force,0.0,1
de4baa28,52,Female,South East,Rural,Secondary,Trade/Services,Self-employed,85298.4,1
ce8d8233,86,Female,North West,Urban,None,Retired/None,Not in Labor Force,0.0,1
dc0c6af0,57,Female,North West,Urban,Secondary,Informal,Self-employed,50490.33,1
158861b4,43,Male,North East,Urban,Secondary,Informal,Self-employed,333144.7,0
753ed197,1,Female,South East,Rural,None,None,Not in Labor Force,0.0,1
78f7deaa,1,Male,South East,Rural,None,None,Not in Labor Force,0.0,1
6234f33c,5,Male,North Central,Urban,None,None,Not in Labor Force,0.0,1
67538c8c,9,Male,South West,Urban,Primary,Student,Not in Labor Force,0.0,1
b0af2433,4,Male,South East,Urban,None,None,Not in Labor Force,0.0,1
43cf8106,13,Female,North East,Urban,Secondary,Student,Not in Labor Force,0.0,1
f9d2c72d,37,Female,North West,Rural,Secondary,Informal,Self-employed,41352.15,1
cd8826ac,35,Female,North Central,Rural,Secondary,Informal,Self-employed,59651.76,1
caf84d6a,40,Male,South South,Urban,Tertiary,Professional,Wage-employed,432298.3,0
1d76fd75,5,Female,South East,Urban,None,None,Not in Labor Force,0.0,1
5f01170f,14,Female,North East,Rural,None,Student,Not in Labor Force,0.0,1
ff657acc,4,Male,North West,Urban,None,None,Not in Labor Force,0.0,1
398ca8ce,34,Female,South West,Urban,None,Trade/Services,Informal,87768.69,1
ec909810,37,Male,South East,Urban,Primary,Informal,Informal,104483.4,0
9e5f675c,18,Male,South West,Urban,Secondary,Informal,Self-employed,144344.95,0
2ef5ed59,4,Female,North Central,Urban,None,None,Not in Labor Force,0.0,1
872d648f,35,Female,North West,Urban,Primary,Informal,Informal,160982.65,0
06eec70a,0,Male,South South,Urban,None,None,Not in Labor Force,0.0,1
d994f34d,14,Male,North East,Urban,Primary,Student,Not in Labor Force,0.0,1
68696c90,31,Female,North West,Rural,Primary,Agriculture,Informal,80352.55,1
2bd13410,28,Female,South East,Urban,Tertiary,Professional,Wage-employed,196531.86,0
28f52c0a,10,Male,South South,Urban,Primary,Student,Not in Labor Force,0.0,1
f2cee2f8,2,Male,South West,Urban,None,None,Not in Labor Force,0.0,1
29c7e944,82,Male,South West,Urban,Primary,Retired/None,Not in Labor Force,0.0,1
58d52251,11,Female,North East,Rural,Primary,Student,Not in Labor Force,0.0,1
defb25e4,1,Male,North West,Rural,None,None,Not in Labor Force,0.0,1
553eea2b,5,Male,North West,Urban,None,None,Not in Labor Force,0.0,1
51afecdd,12,Male,South West,Urban,Tertiary,Student,Not in Labor Force,0.0,1
5d26b6d7,0,Female,North West,Urban,None,None,Not in Labor Force,0.0,1
813c4853,20,Female,South South,Urban,Secondary,Trade/Services,Self-employed,28033.24,1
9f5e1004,4,Female,North West,Urban,None,None,Not in Labor Force,0.0,1
2435be4e,19,Male,North Central,Urban,Primary,Trade/Services,Informal,88490.69,1
7309d45c,21,Male,North Central,Rural,None,Agriculture,Informal,144305.19,0
ba734912,47,Female,South West,Urban,Primary,Informal,Informal,38123.12,1
6da61048,27,Female,North East,Rural,None,Agriculture,Informal,31889.45,1
260e69b5,15,Female,South South,Rural,Tertiary,Trade/Services,Wage-employed,366925.22,0
2553e575,12,Female,North Central,Rural,Secondary,Student,Not in Labor Force,0.0,1
872ac375,57,Female,South West,Rural,Primary,Agriculture,Informal,80001.12,1
86983ab1,41,Female,South West,Urban,Tertiary,Trade/Services,Wage-employed,784946.48,0
2db74175,71,Female,North West,Urban,None,Retired/None,Not in Labor Force,0.0,1
5040c36f,17,Female,South West,Urban,Primary,Informal,Informal,216352.9,0
5d3fe390,90,Male,South West,Urban,Secondary,Retired/None,Not in Labor Force,0.0,1
c063f7fb,39,Male,South South,Urban,Secondary,Informal,Self-employed,153529.94,0
98bf140c,0,Female,South South,Rural,None,None,Not in Labor Force,0.0,1
4085389f,54,Male,North West,Urban,Secondary,Informal,Self-employed,76418.45,1
7339bc2e,81,Female,North West,Urban,Tertiary,Retired/None,Not in Labor Force,0.0,1
8faf73db,59,Male,North East,Rural,Primary,Informal,Informal,34972.95,1
6bbb18cb,13,Male,South South,Urban,Primary,Student,Not in Labor Force,0.0,1
2d0238ad,51,Male,North West,Rural,None,Informal,Informal,43209.84,1
50a6f8a7,9,Male,South West,Urban,Primary,Student,Not in Labor Force,0.0,1
35a079b8,7,Male,South West,Rural,Primary,Student,Not in Labor Force,0.0,1
c2b75072,5,Male,South West,Urban,None,None,Not in Labor Force,0.0,1
b1345f37,6,Female,North West,Rural,Primary,Student,Not in Labor Force,0.0,1
e3319afd,38,Male,North West,Urban,Secondary,Informal,Self-employed,247390.94,0
5a61e339,12,Male,North Central,Rural,Primary,Student,Not in Labor Force,0.0,1
fe77d78f,52,Male,North West,Urban,Primary,Informal,Informal,59871.13,1
52336cce,10,Female,North West,Rural,Primary,Student,Not in Labor Force,0.0,1
1a1f56a1,5,Female,North West,Rural,None,None,Not in Labor Force,0.0,1
1a0f1720,10,Female,South West,Urban,Primary,Student,Not in Labor Force,0.0,1
b27a9c70,5,Male,North East,Rural,None,None,Not in Labor Force,0.0,1
5c2a0a2c,4,Male,North East,Urban,None,None,Not in Labor Force,0.0,1
e5832d3f,7,Female,North East,Rural,Primary,Student,Not in Labor Force,0.0,1
a0fbd5c2,59,Female,North West,Rural,None,Agriculture,Informal,106611.47,0
7605c921,1,Male,North Central,Urban,None,None,Not in Labor Force,0.0,1
b1e07e7f,6,Male,North West,Rural,None,Student,Not in Labor Force,0.0,1
ed3ba53a,14,Male,South West,Urban,Secondary,Student,Not in Labor Force,0.0,1
5ff8dfff,50,Male,North West,Rural,None,Informal,Informal,23982.98,1
81bcb6f5,31,Female,South South,Urban,Secondary,Unemployed,Self-employed,158307.79,0
94a96356,51,Female,North West,Urban,None,Trade/Services,Informal,51500.4,1
0ad6354d,2,Male,South South,Urban,None,None,Not in Labor Force,0.0,1
ad66fd09,3,Male,South East,Urban,None,None,Not in Labor Force,0.0,1
eb43c780,19,Female,South West,Urban,Secondary,Informal,Self-employed,182273.84,0
1400e7da,13,Female,South South,Rural,Secondary,Student,Not in Labor Force,0.0,1
8bdb2f19,14,Female,North West,Rural,Secondary,Student,Not in Labor Force,0.0,1
5083833d,3,Male,North West,Rural,None,None,Not in Labor Force,0.0,1
ec4b7fb4,0,Female,North East,Urban,None,None,Not in Labor Force,0.0,1
75a72674,5,Male,North West,Rural,None,None,Not in Labor Force,0.0,1
96004295,24,Male,North East,Rural,Primary,Agriculture,Informal,51340.51,1
43f8dbac,5,Male,South West,Urban,None,None,Not in Labor Force,0.0,1
14961430,46,Female,North West,Rural,None,Informal,Informal,96617.82,1
c5f8d463,6,Male,North East,Rural,Primary,Student,Not in Labor Force,0.0,1
7dfc0711,0,Female,North West,Rural,None,None,Not in Labor Force,0.0,1
8f3d23b1,60,Male,South West,Rural,Secondary,Trade/Services,Self-employed,76042.81,1
8eaffa58,3,Male,South South,Urban,None,None,Not in Labor Force,0.0,1
7c8b2778,58,Male,North Central,Rural,None,Agriculture,Informal,58948.3,1
d0131a49,55,Male,North Central,Urban,Secondary,Trade/Services,Self-employed,216392.45,0
d30a7340,14,Male,North East,Urban,Secondary,Student,Not in Labor Force,0.0,1
2e16ec1a,58,Male,South East,Rural,Primary,Agriculture,Informal,56323.38,1
c35fae3f,13,Male,North West,Urban,None,Student,Not in Labor Force,0.0,1
ca3bbd3d,36,Male,South South,Urban,Secondary,Informal,Self-employed,137996.87,0
93f3d8f8,1,Female,North Central,Urban,None,None,Not in Labor Force,0.0,1
c236849c,20,Male,North East,Rural,Secondary,Trade/Services,Self-employed,155793.25,0
e6a9f73e,3,Female,South South,Urban,None,None,Not in Labor Force,0.0,1
c9e5aa3e,37,Female,South South,Rural,Tertiary,Trade/Services,Wage-employed,283211.24,0
b66674c1,58,Male,South West,Rural,Primary,Informal,Informal,23135.26,1
89c74d94,59,Female,North West,Urban,Secondary,Trade/Services,Self-employed,94596.5,1
159c33d1,33,Female,South West,Rural,Tertiary,Professional,Wage-employed,93519.92,1
9597b518,59,Male,North East,Urban,None,Informal,Informal,69566.25,1
52a28ef4,45,Female,North East,Urban,None,Informal,Informal,107236.03,0
47d5ac3f,11,Female,North West,Rural,None,Student,Not in Labor Force,0.0,1
540dbe7a,3,Female,North Central,Rural,None,None,Not in Labor Force,0.0,1
6bb62f9e,2,Female,South West,Urban,None,None,Not in Labor Force,0.0,1
26d3f6c6,11,Male,North East,Rural,Primary,Student,Not in Labor Force,0.0,1
2120be0b,2,Male,South South,Urban,None,None,Not in Labor Force,0.0,1
6757d4de,28,Female,North West,Rural,Primary,Agriculture,Informal,64521.84,1
96a26046,1,Female,North West,Urban,None,None,Not in Labor Force,0.0,1
346136f1,41,Female,South West,Urban,Secondary,Trade/Services,Self-employed,307673.45,0
93cba594,2,Female,South East,Rural,None,None,Not in Labor Force,0.0,1
6150eb73,12,Male,South South,Urban,Secondary,Student,Not in Labor Force,0.0,1
d4a80f04,24,Male,South East,Rural,Secondary,Unemployed,Self-employed,213117.93,0
e23f98be,63,Female,North West,Rural,Primary,Agriculture,Informal,69845.53,1
55170746,29,Female,South South,Urban,Tertiary,Trade/Services,Wage-employed,95291.07,1
0ea7c67b,33,Female,South South,Urban,Secondary,Trade/Services,Self-employed,199347.93,0
15183f9e,8,Female,North West,Urban,Primary,Student,Not in Labor Force,0.0,1
1a9c951d,18,Male,South West,Rural,Secondary,Trade/Services,Self-employed,62129.53,1
baec926b,14,Female,South West,Urban,Tertiary,Student,Not in Labor Force,0.0,1
8497f973,2,Female,North Central,Rural,None,None,Not in Labor Force,0.0,1
72ee0fd6,7,Female,South South,Urban,Primary,Student,Not in Labor Force,0.0,1
ed767b89,0,Male,North West,Urban,None,None,Not in Labor Force,0.0,1
ad6607de,4,Male,South West,Urban,None,None,Not in Labor Force,0.0,1
7955a2eb,15,Female,North West,Rural,None,Informal,Informal,101593.72,0
98d2ce2e,21,Male,North Central,Urban,Secondary,Trade/Services,Self-employed,160747.52,0
3c2c9c82,4,Female,South East,Urban,None,None,Not in Labor Force,0.0,1
e1489588,14,Male,North West,Urban,Secondary,Student,Not in Labor Force,0.0,1
74eb75ec,1,Male,North East,Urban,None,None,Not in Labor Force,0.0,1
21d7465e,11,Female,South South,Urban,Primary,Student,Not in Labor Force,0.0,1
11079c05,62,Male,South East,Urban,Secondary,Trade/Services,Self-employed,197530.88,0
8c987c6d,13,Female,South West,Urban,Secondary,Student,Not in Labor Force,0.0,1
c09e6ba0,47,Male,North West,Rural,Secondary,Manufacturing,Self-employed,133385.89,0
f82d26f1,10,Female,North Central,Rural,Primary,Student,Not in Labor Force,0.0,1
eab6dbfd,79,Male,South East,Rural,Tertiary,Retired/None,Not in Labor Force,0.0,1
875dbc4e,6,Male,South East,Rural,Primary,Student,Not in Labor Force,0.0,1
0633f3f1,42,Female,North West,Urban,Secondary,Informal,Self-employed,559113.93,0
2132e61e,0,Female,South West,Rural,None,None,Not in Labor Force,0.0,1
1f1956f6,17,Male,North West,Rural,None,Agriculture,Informal,81855.43,1
b3453af2,10,Female,North West,Rural,None,Student,Not in Labor Force,0.0,1
fad911a8,14,Male,North Central,Rural,None,Student,Not in Labor Force,0.0,1
7860c423,20,Female,North West,Urban,None,Informal,Informal,37493.25,1
1892bb4c,45,Female,North West,Urban,Secondary,Trade/Services,Self-employed,253415.94,0
b3c163e5,52,Male,South West,Urban,Secondary,Trade/Services,Self-employed,102922.77,0
80295031,29,Male,North Central,Urban,Secondary,Trade/Services,Self-employed,298676.35,0
f08ddb17,21,Male,South East,Rural,Tertiary,Manufacturing,Wage-employed,748428.56,0
41295487,10,Female,South West,Urban,Primary,Student,Not in Labor Force,0.0,1
1dd26297,13,Male,South West,Urban,Tertiary,Student,Not in Labor Force,0.0,1
7471eee2,10,Male,North East,Urban,Primary,Student,Not in Labor Force,0.0,1
07f77a22,31,Male,North East,Urban,Primary,Trade/Services,Informal,117372.43,0
42e7dcd5,6,Male,South West,Urban,Primary,Student,Not in Labor Force,0.0,1
f7df2574,1,Female,North West,Urban,None,None,Not in Labor Force,0.0,1
59533132,36,Female,South East,Urban,Tertiary,Professional,Wage-employed,185984.75,0
d2a86c31,40,Female,North Central,Urban,Tertiary,Professional,Wage-employed,303703.96,0
7231b18b,2,Female,North West,Urban,None,None,Not in Labor Force,0.0,1
d68baa43,10,Female,South West,Urban,Primary,Student,Not in Labor Force,0.0,1
c68c1d24,7,Female,South South,Rural,Primary,Student,Not in Labor Force,0.0,1
b760f5c4,7,Male,North West,Rural,Primary,Student,Not in Labor Force,0.0,1
212444c9,3,Male,North West,Urban,None,None,Not in Labor Force,0.0,1
850b3906,22,Male,South East,Urban,Secondary,Trade/Services,Self-employed,297881.46,0
877a91d6,35,Male,North West,Rural,Secondary,Trade/Services,Self-employed,327551.82,0
da5dc4fc,43,Female,North West,Urban,Primary,Informal,Informal,83881.11,1
31d7b449,10,Female,North East,Rural,Primary,Student,Not in Labor Force,0.0,1
9f31e8a5,35,Male,North Central,Urban,None,Trade/Services,Informal,68536.41,1
881cfb4d,2,Female,South West,Urban,None,None,Not in Labor Force,0.0,1
56debedf,45,Female,North Central,Rural,Primary,Agriculture,Informal,29493.45,1
2edef530,41,Male,South South,Rural,Secondary,Unemployed,Self-employed,49009.55,1
16552bae,13,Female,South East,Rural,None,Student,Not in Labor Force,0.0,1
816d65af,10,Female,South South,Urban,Primary,Student,Not in Labor Force,0.0,1
a416f186,23,Female,North Central,Rural,Secondary,Trade/Services,Self-employed,113512.62,0
81715daf,8,Female,North West,Rural,None,Student,Not in Labor Force,0.0,1
feed80a2,47,Male,South South,Urban,Secondary,Informal,Self-employed,202896.02,0
5a9da433,0,Male,North West,Rural,None,None,Not in Labor Force,0.0,1
a5a91294,40,Male,South East,Rural,Primary,Agriculture,Informal,24528.4,1
1e164ad6,11,Female,North West,Rural,Primary,Student,Not in Labor Force,0.0,1
29850fea,11,Male,South East,Urban,Primary,Student,Not in Labor Force,0.0,1
7ae2b98e,57,Male,South South,Urban,Secondary,Trade/Services,Self-employed,219169.82,0
53b52440,14,Female,North East,Rural,Primary,Student,Not in Labor Force,0.0,1
95385cf4,4,Female,North West,Rural,None,None,Not in Labor Force,0.0,1
dd4abaa1,0,Female,North West,Rural,None,None,Not in Labor Force,0.0,1
0c8d97be,3,Male,North Central,Urban,None,None,Not in Labor Force,0.0,1
a39503c6,11,Male,North West,Rural,Primary,Student,Not in Labor Force,0.0,1
52c4d303,0,Male,South West,Urban,None,None,Not in Labor Force,0.0,1
2dccdd8a,29,Female,North East,Rural,Secondary,Trade/Services,Self-employed,224889.94,0
ca1524d8,1,Male,North East,Urban,None,None,Not in Labor Force,0.0,1
d9e64ae5,64,Female,North Central,Rural,Primary,Agriculture,Informal,87409.05,1
e57484a5,3,Female,North Central,Rural,None,None,Not in Labor Force,0.0,1
35c69d58,7,Male,North West,Rural,None,Student,Not in Labor Force,0.0,1
f0f86f4b,48,Male,South West,Rural,Secondary,Trade/Services,Self-employed,266123.86,0
a4da73fe,13,Female,South South,Rural,Tertiary,Student,Not in Labor Force,0.0,1
0f4d62be,89,Female,North East,Urban,None,Retired/None,Not in Labor Force,0.0,1
d5797f62,14,Female,North West,Rural,None,Student,Not in Labor Force,0.0,1
207c4744,42,Male,South East,Rural,Primary,Informal,Informal,74108.23,1
57751e2b,23,Male,North West,Rural,Secondary,Trade/Services,Self-employed,122911.52,0
4ea364de,16,Female,North West,Rural,Primary,Agriculture,Informal,73699.97,1
aed63414,31,Female,South West,Urban,Secondary,Informal,Self-employed,301237.37,0
7f0b34de,24,Male,North West,Urban,Secondary,Trade/Services,Self-employed,183980.25,0
f7492ad5,8,Male,North West,Rural,None,Student,Not in Labor Force,0.0,1
a5fb1800,14,Female,South South,Urban,Secondary,Student,Not in Labor Force,0.0,1
0eed6d40,16,Male,North East,Urban,None,Informal,Informal,58814.74,1
ded7aa44,7,Female,South South,Urban,Primary,Student,Not in Labor Force,0.0,1
bf9624db,13,Male,North West,Rural,None,Student,Not in Labor Force,0.0,1
a20c5f96,33,Female,South East,Urban,Secondary,Trade/Services,Self-employed,171795.32,0
0c3b6028,0,Female,North Central,Rural,None,None,Not in Labor Force,0.0,1
1f957bdf,57,Male,North West,Rural,None,Agriculture,Informal,77657.89,1
96b90f5a,63,Female,South West,Rural,None,Informal,Informal,52712.06,1
ffaaa700,24,Female,South South,Urban,Primary,Trade/Services,Informal,149275.66,0
14421855,64,Female,North West,Urban,Primary,Informal,Informal,85382.08,1
c4cac6ee,6,Male,South West,Rural,None,Student,Not in Labor Force,0.0,1
5718bdd0,11,Female,North Central,Rural,None,Student,Not in Labor Force,0.0,1
ee6a5533,52,Female,South East,Urban,Tertiary,Professional,Wage-employed,611195.53,0
54936ee3,11,Female,South West,Urban,Primary,Student,Not in Labor Force,0.0,1
46bde172,64,Female,North West,Urban,Secondary,Trade/Services,Self-employed,180928.31,0
7728931d,64,Male,North West,Urban,Secondary,Trade/Services,Self-employed,86209.51,1
99805188,0,Male,North Central,Urban,None,None,Not in Labor Force,0.0,1
8aeb5f01,11,Female,South South,Urban,Primary,Student,Not in Labor Force,0.0,1
159fec47,67,Male,North East,Rural,Primary,Agriculture,Informal,33265.3,1
7a5cf88e,29,Female,South West,Rural,Secondary,Trade/Services,Self-employed,64269.59,1
9b86f741,24,Female,North West,Urban,Tertiary,Professional,Wage-employed,381286.04,0
848b0f42,4,Male,South West,Rural,None,None,Not in Labor Force,0.0,1
fca9d010,51,Female,South West,Urban,Primary,Informal,Informal,210011.22,0
5e42398c,29,Male,South West,Urban,None,Trade/Services,Informal,78554.89,1
cde0ff43,37,Female,South South,Rural,Secondary,Informal,Self-employed,123531.66,0
6f22176f,28,Male,North West,Urban,Primary,Informal,Informal,136463.09,0
20ddce8f,14,Male,North East,Urban,Tertiary,Student,Not in Labor Force,0.0,1
4f40802d,24,Male,South South,Urban,Secondary,Informal,Self-employed,107440.04,0
edc28e23,23,Female,North West,Rural,None,Informal,Informal,46685.86,1
6180d660,11,Male,South West,Urban,Primary,Student,Not in Labor Force,0.0,1
5670b3a0,53,Male,South West,Rural,Secondary,Trade/Services,Self-employed,185525.47,0
1e8f0721,19,Male,South West,Urban,Secondary,Trade/Services,Self-employed,187381.54,0
3e0ec8b4,39,Male,North West,Rural,None,Agriculture,Informal,42685.16,1
22325d2e,56,Female,North West,Urban,Secondary,Trade/Services,Self-employed,104046.44,0
aeb262cf,40,Male,South West,Rural,Primary,Agriculture,Informal,63018.9,1
0e9cd746,22,Female,North West,Rural,Primary,Agriculture,Informal,72967.73,1
a4ec7fb2,5,Female,South West,Urban,None,None,Not in Labor Force,0.0,1
bde21933,3,Female,North Central,Rural,None,None,Not in Labor Force,0.0,1
cc981b3f,8,Male,North East,Urban,Primary,Student,Not in Labor Force,0.0,1
f988b04d,62,Female,North East,Rural,Primary,Agriculture,Informal,126296.38,0
d536697e,26,Male,South South,Urban,None,Trade/Services,Informal,111212.38,0
f7580360,23,Female,North Central,Rural,Secondary,Trade/Services,Self-employed,54715.16,1
af5028ff,9,Female,South West,Urban,None,Student,Not in Labor Force,0.0,1
0bc1376a,62,Female,South South,Urban,Secondary,Trade/Services,Self-employed,83135.98,1
cb3128b0,9,Female,South West,Urban,None,Student,Not in Labor Force,0.0,1
e5d92106,23,Female,South South,Rural,Primary,Agriculture,Informal,72101.74,1
06aa16f8,40,Female,North West,Urban,Secondary,Informal,Self-employed,145171.14,0
fa3df85a,2,Male,South East,Urban,None,None,Not in Labor Force,0.0,1
e24ffc63,10,Male,North East,Rural,Primary,Student,Not in Labor Force,0.0,1
b4077ac9,45,Male,South East,Urban,Secondary,Informal,Self-employed,80307.38,1
10d37ccf,33,Male,South South,Urban,Secondary,Trade/Services,Self-employed,250631.31,0
209c8b02,10,Female,North East,Rural,None,Student,Not in Labor Force,0.0,1
922cab4b,70,Female,North Central,Rural,None,Informal,Informal,15541.06,1
bb4390f1,20,Male,South West,Urban,Secondary,Manufacturing,Self-employed,162978.65,0
43100e11,29,Female,North West,Urban,Secondary,Informal,Self-employed,52671.18,1
7c98f016,12,Male,South East,Rural,Secondary,Student,Not in Labor Force,0.0,1
acbba360,61,Female,North West,Urban,Primary,Trade/Services,Informal,137093.59,0
de5d4dcb,59,Female,South South,Urban,Secondary,Trade/Services,Self-employed,113664.45,0
b598b196,19,Female,North East,Urban,Secondary,Informal,Self-employed,208696.42,0
33ed7bce,28,Female,South West,Rural,Secondary,Unemployed,Self-employed,78073.31,1
173bf86e,4,Male,North West,Rural,None,None,Not in Labor Force,0.0,1
7a7d7873,16,Female,North East,Rural,Secondary,Informal,Self-employed,218697.8,0
f3d6cdf5,13,Male,North Central,Rural,Primary,Student,Not in Labor Force,0.0,1
96e96fa7,6,Male,North Central,Urban,None,Student,Not in Labor Force,0.0,1
2ca52f50,11,Female,North West,Urban,Primary,Student,Not in Labor Force,0.0,1
2f20b4fc,3,Male,South South,Urban,None,None,Not in Labor Force,0.0,1
37c13233,78,Female,North West,Urban,None,Retired/None,Not in Labor Force,0.0,1
26fd7265,2,Female,South East,Urban,None,None,Not in Labor Force,0.0,1
d94a6053,38,Male,North Central,Rural,Primary,Agriculture,Informal,19545.88,1
76b14972,34,Female,North Central,Rural,Primary,Agriculture,Informal,101487.79,0
3f8a5051,61,Male,North West,Urban,Secondary,Manufacturing,Self-employed,92530.26,1
84de164b,10,Female,South West,Rural,Primary,Student,Not in Labor Force,0.0,1
65b32c6f,38,Female,North Central,Rural,None,Informal,Informal,74986.24,1
fdb2834d,31,Male,North West,Urban,Secondary,Trade/Services,Self-employed,171142.87,0
e09ac476,39,Male,North West,Rural,Primary,Informal,Informal,25966.1,1
146c8347,60,Male,North West,Urban,Primary,Informal,Informal,147038.39,0
be4e3a5b,87,Female,North West,Urban,None,Retired/None,Not in Labor Force,0.0,1
c0e20601,45,Male,North West,Urban,None,Informal,Informal,102356.95,0
76215c6d,11,Male,North West,Rural,None,Student,Not in Labor Force,0.0,1
4d5e505e,64,Female,South West,Urban,Tertiary,Professional,Wage-employed,429408.79,0
1313f284,10,Female,North East,Rural,None,Student,Not in Labor Force,0.0,1
a7026dcc,42,Female,North East,Urban,Primary,Informal,Informal,101834.77,0
270e2883,5,Female,North West,Urban,None,None,Not in Labor Force,0.0,1
ae9254ce,7,Female,South West,Rural,Primary,Student,Not in Labor Force,0.0,1
bb7f5890,19,Female,North East,Rural,None,Agriculture,Informal,64546.35,1
73934d66,58,Male,South West,Rural,None,Informal,Informal,98795.5,0
29b07a88,9,Female,South West,Urban,Primary,Student,Not in Labor Force,0.0,1
922b8f3b,22,Male,South West,Rural,Primary,Informal,Informal,45122.97,1
377f10e5,52,Male,North East,Rural,None,Informal,Informal,98884.74,0
cd5cb832,11,Female,North Central,Urban,Primary,Student,Not in Labor Force,0.0,1
64efa008,61,Male,North East,Rural,None,Agriculture,Informal,84404.73,1
1d67991d,11,Female,South South,Rural,None,Student,Not in Labor Force,0.0,1
dded80d7,39,Male,South East,Urban,Primary,Informal,Informal,72896.03,1
037a6e02,52,Male,North Central,Rural,Secondary,Unemployed,Self-employed,298864.84,0
f141da16,11,Female,South South,Rural,None,Student,Not in Labor Force,0.0,1
a56335d2,29,Female,North Central,Urban,Tertiary,Professional,Wage-employed,524898.92,0
b8b926b9,11,Male,North East,Urban,Primary,Student,Not in Labor Force,0.0,1
7f1ef20a,55,Female,North West,Rural,Primary,Agriculture,Informal,67305.69,1
3c7b2b42,48,Male,North Central,Urban,Secondary,Informal,Self-employed,188033.7,0
b34ea71e,59,Female,South South,Urban,Secondary,Trade/Services,Self-employed,125133.9,0
5084aedf,12,Male,South South,Rural,Secondary,Student,Not in Labor Force,0.0,1
f98be0de,7,Female,South West,Urban,Primary,Student,Not in Labor Force,0.0,1
12adc9f4,10,Male,North East,Rural,Primary,Student,Not in Labor Force,0.0,1
26a4b4de,12,Female,South West,Urban,None,Student,Not in Labor Force,0.0,1
492bbd91,50,Female,South East,Rural,Secondary,Trade/Services,Self-employed,202938.91,0
b9d49376,20,Male,North Central,Urban,Secondary,Manufacturing,Self-employed,131555.68,0
a8ce1a06,52,Female,North Central,Urban,Primary,Trade/Services,Informal,132145.25,0
7efce082,46,Male,South West,Urban,Tertiary,Professional,Wage-employed,210877.36,0
05f8a340,35,Male,South South,Rural,None,Agriculture,Informal,20384.04,1
c34b1ddb,58,Female,South East,Rural,Tertiary,Trade/Services,Wage-employed,377596.0,0
f6271112,58,Male,North West,Rural,Primary,Informal,Informal,47558.51,1
2522cc7e,63,Male,North West,Rural,Primary,Informal,Informal,53337.89,1
1460e0a7,10,Male,South South,Urban,Primary,Student,Not in Labor Force,0.0,1
ec688e6b,6,Female,South East,Urban,Primary,Student,Not in Labor Force,0.0,1
95cf3ba0,40,Male,North East,Rural,None,Informal,Informal,14693.46,1
66c463b6,14,Female,South West,Urban,Secondary,Student,Not in Labor Force,0.0,1
afe18642,7,Female,South South,Urban,None,Student,Not in Labor Force,0.0,1
f2eb7fcb,63,Female,South South,Urban,Secondary,Manufacturing,Self-employed,369673.45,0
90539334,56,Female,South East,Urban,Tertiary,Professional,Wage-employed,426229.92,0
0d12ceda,37,Female,North West,Rural,None,Agriculture,Informal,133351.63,0
f2fa6920,3,Female,South West,Urban,None,None,Not in Labor Force,0.0,1
c6e9f52b,5,Male,North West,Rural,None,None,Not in Labor Force,0.0,1
5b964d55,55,Male,South South,Rural,Primary,Agriculture,Informal,25963.65,1
4971e147,79,Female,North West,Rural,None,Retired/None,Not in Labor Force,0.0,1
8a86e29f,62,Female,South West,Rural,Secondary,Informal,Self-employed,104735.08,0
c9052cae,54,Female,South West,Urban,Secondary,Trade/Services,Self-employed,170162.92,0
6c8db593,30,Male,South East,Urban,Secondary,Trade/Services,Self-employed,144405.45,0
cd8f5485,46,Male,South West,Urban,Secondary,Manufacturing,Self-employed,153291.81,0
da918212,4,Female,North West,Rural,None,None,Not in Labor Force,0.0,1
e55081c3,32,Female,South West,Rural,Tertiary,Professional,Wage-employed,128804.49,0
fb64bfc7,34,Female,North East,Urban,Secondary,Informal,Self-employed,161168.69,0
80d3d23a,60,Female,North East,Rural,None,Agriculture,Informal,36112.41,1
8e21ff1b,16,Male,South South,Urban,Secondary,Informal,Self-employed,91984.13,1
9a182f81,37,Female,South West,Urban,Tertiary,Professional,Wage-employed,404296.85,0
58d68fc3,13,Female,South West,Urban,Secondary,Student,Not in Labor Force,0.0,1
4f12ad64,17,Male,North Central,Rural,Tertiary,Professional,Wage-employed,240110.12,0
feef8916,13,Male,South East,Urban,Secondary,Student,Not in Labor Force,0.0,1
55c58850,53,Female,South East,Urban,Tertiary,Manufacturing,Wage-employed,335490.58,0
7bd2dc5a,14,Female,South West,Rural,None,Student,Not in Labor Force,0.0,1
b8bf5ef0,0,Male,South South,Urban,None,None,Not in Labor Force,0.0,1
7b89957d,15,Male,North Central,Urban,Secondary,Trade/Services,Self-employed,261551.24,0
13777cdc,55,Male,South West,Rural,Tertiary,Professional,Wage-employed,270052.07,0
5bcc3e5e,36,Male,South East,Urban,Secondary,Trade/Services,Self-employed,105015.47,0
bbd7e18a,12,Female,North East,Urban,None,Student,Not in Labor Force,0.0,1
92fb54c6,28,Female,North Central,Urban,Secondary,Trade/Services,Self-employed,123770.9,0
4c7a1309,11,Female,South South,Rural,Primary,Student,Not in Labor Force,0.0,1
4edcf9e1,35,Female,North West,Rural,None,Agriculture,Informal,30733.47,1
74312164,59,Male,North East,Rural,Primary,Agriculture,Informal,66008.41,1
9c138e72,46,Male,North Central,Rural,Primary,Agriculture,Informal,92328.15,1
9148eafe,5,Male,North West,Rural,None,None,Not in Labor Force,0.0,1
cc1b156e,15,Male,South South,Urban,Tertiary,Professional,Wage-employed,483298.72,0
de17b087,4,Male,North East,Rural,None,None,Not in Labor Force,0.0,1
ec088451,18,Female,North East,Rural,Primary,Agriculture,Informal,61205.61,1
82b8aa25,2,Female,South East,Urban,None,None,Not in Labor Force,0.0,1
f50e3d75,63,Female,North East,Rural,Primary,Informal,Informal,85895.48,1
cd2cee15,13,Female,South West,Urban,Primary,Student,Not in Labor Force,0.0,1
3fc64602,45,Female,South East,Urban,Primary,Trade/Services,Informal,57961.4,1
2fd5a0ea,48,Female,South East,Urban,Primary,Informal,Informal,82747.47,1
898cf9ea,33,Male,South East,Rural,None,Agriculture,Informal,138549.76,0
ad777694,3,Female,North West,Rural,None,None,Not in Labor Force,0.0,1
fe302aa1,87,Male,North West,Urban,Primary,Retired/None,Not in Labor Force,0.0,1
54be8d0e,54,Male,North East,Rural,None,Informal,Informal,50189.17,1
239bc7ff,39,Male,North West,Rural,None,Informal,Informal,86226.4,1
147b7a6a,14,Female,North Central,Rural,Tertiary,Student,Not in Labor Force,0.0,1
2a644040,52,Female,North East,Rural,None,Agriculture,Informal,87530.2,1
cc37ae98,6,Female,South West,Urban,Primary,Student,Not in Labor Force,0.0,1
98cad4b1,3,Female,North East,Rural,None,None,Not in Labor Force,0.0,1
f80a0b94,1,Female,North Central,Rural,None,None,Not in Labor Force,0.0,1
861ca428,29,Female,North East,Urban,Secondary,Trade/Services,Self-employed,84574.94,1
4da0774e,3,Female,North West,Urban,None,None,Not in Labor Force,0.0,1
7418e42b,11,Female,South West,Urban,Primary,Student,Not in Labor Force,0.0,1
38a1ad04,49,Male,South West,Urban,Secondary,Informal,Self-employed,201342.96,0
251642ce,24,Male,South East,Urban,Tertiary,Professional,Wage-employed,278143.11,0
071e9165,13,Female,South South,Urban,Tertiary,Student,Not in Labor Force,0.0,1
d5db1feb,41,Male,South West,Urban,Primary,Informal,Informal,104551.78,0
963e8bee,5,Female,South West,Rural,None,None,Not in Labor Force,0.0,1
36f6ef25,13,Female,North West,Urban,None,Student,Not in Labor Force,0.0,1
922811c6,13,Female,North West,Rural,Primary,Student,Not in Labor Force,0.0,1
f53f1c9c,49,Male,South East,Urban,Secondary,Unemployed,Self-employed,91695.05,1
2d50c0c0,0,Female,North West,Rural,None,None,Not in Labor Force,0.0,1
33a587a5,3,Male,North East,Rural,None,None,Not in Labor Force,0.0,1
beadbd34,15,Female,North West,Rural,Primary,Agriculture,Informal,70872.39,1
44f83da1,48,Male,North West,Urban,Secondary,Informal,Self-employed,143995.06,0
b4104e5f,2,Female,South East,Urban,None,None,Not in Labor Force,0.0,1
cdd12476,7,Female,North East,Urban,Primary,Student,Not in Labor Force,0.0,1
39b3587a,9,Male,North Central,Rural,Primary,Student,Not in Labor Force,0.0,1
631e7b4c,18,Female,North West,Rural,None,Agriculture,Informal,64033.58,1
8c86d3ae,50,Male,South West,Rural,Primary,Informal,Informal,70486.52,1
59c4c186,27,Male,South West,Urban,Secondary,Trade/Services,Self-employed,96916.67,0
c5872219,9,Male,North East,Rural,Primary,Student,Not in Labor Force,0.0,1
db044c57,8,Female,South East,Urban,Primary,Student,Not in Labor Force,0.0,1
d8f402a0,6,Male,North West,Urban,Primary,Student,Not in Labor Force,0.0,1
54c37e9d,1,Male,South West,Rural,None,None,Not in Labor Force,0.0,1
c9cd9e23,2,Female,South West,Urban,None,None,Not in Labor Force,0.0,1
1998492f,34,Female,South South,Urban,Primary,Trade/Services,Informal,40142.49,1
4e75c52f,74,Male,North West,Rural,None,Retired/None,Not in Labor Force,0.0,1
b8e156a4,88,Female,North West,Rural,None,Retired/None,Not in Labor Force,0.0,1
63cfb189,36,Female,North East,Urban,None,Informal,Informal,84877.46,1
19a6772f,62,Male,North West,Rural,None,Agriculture,Informal,116038.34,0
7fdea813,17,Female,North West,Rural,Secondary,Informal,Self-employed,140076.83,0
bbce55a9,10,Female,North East,Rural,Primary,Student,Not in Labor Force,0.0,1
1dd62fad,39,Female,North Central,Urban,Secondary,Informal,Self-employed,174267.82,0
00be4945,56,Male,South South,Urban,None,Informal,Informal,59484.31,1
127f0321,62,Female,North West,Rural,Secondary,Trade/Services,Self-employed,110403.24,0
f5b7393b,22,Male,South South,Rural,Secondary,Informal,Self-employed,59976.17,1
67f76d2c,8,Female,South East,Rural,Primary,Student,Not in Labor Force,0.0,1
2e670907,14,Male,South South,Urban,Secondary,Student,Not in Labor Force,0.0,1
24e2baa3,46,Male,South South,Rural,Secondary,Trade/Services,Self-employed,76561.32,1
1bc7141f,4,Male,South East,Urban,None,None,Not in Labor Force,0.0,1
23673746,17,Female,South East,Urban,Tertiary,Professional,Wage-employed,495964.27,0
2bca93a7,18,Male,North Central,Rural,Primary,Agriculture,Informal,20130.71,1
5d8f7bf6,44,Male,North Central,Urban,Primary,Informal,Informal,228142.08,0
ad4bf156,27,Male,South South,Urban,Primary,Informal,Informal,36297.27,1
1d492eb4,11,Female,North East,Rural,None,Student,Not in Labor Force,0.0,1
f9b90d63,4,Male,North West,Rural,None,None,Not in Labor Force,0.0,1
85992102,55,Female,South East,Urban,Secondary,Trade/Services,Self-employed,413837.72,0
cf358eae,60,Male,South West,Rural,Secondary,Informal,Self-employed,59674.4,1
194aef26,33,Male,South East,Rural,Secondary,Unemployed,Self-employed,59321.74,1
c71f3b4d,6,Female,North West,Rural,Primary,Student,Not in Labor Force,0.0,1
d0667d00,5,Female,South West,Urban,None,None,Not in Labor Force,0.0,1
dd250075,95,Male,North West,Rural,Primary,Retired/None,Not in Labor Force,0.0,1
0448e74e,3,Male,South South,Rural,None,None,Not in Labor Force,0.0,1
bb271478,51,Male,North West,Rural,None,Agriculture,Informal,47166.54,1
ff2978e7,13,Female,South East,Rural,Tertiary,Student,Not in Labor Force,0.0,1
76cfb408,45,Male,North West,Rural,Primary,Agriculture,Informal,45997.67,1
6250a821,24,Female,North West,Rural,None,Agriculture,Informal,41647.36,1
5b43b1c5,32,Male,North West,Rural,Secondary,Manufacturing,Self-employed,79035.96,1
8bfb88fd,10,Male,North East,Rural,Primary,Student,Not in Labor Force,0.0,1
1baa1d96,53,Male,South West,Urban,Secondary,Trade/Services,Self-employed,140790.62,0
18bdb6f1,60,Female,North West,Rural,None,Agriculture,Informal,34945.6,1
4ba167e0,3,Female,North Central,Urban,None,None,Not in Labor Force,0.0,1
21503fa7,32,Male,North West,Rural,None,Informal,Informal,99153.89,0
41299920,25,Female,South South,Urban,Secondary,Informal,Self-employed,310932.48,0
8c04787f,36,Male,North West,Rural,None,Informal,Informal,18642.07,1
f1a1ca94,58,Female,North East,Rural,None,Agriculture,Informal,182267.86,0
2508abcb,1,Female,South West,Urban,None,None,Not in Labor Force,0.0,1
0452bc59,9,Male,South South,Urban,Primary,Student,Not in Labor Force,0.0,1
2fbeb77d,1,Female,South South,Rural,None,None,Not in Labor Force,0.0,1
721087eb,37,Female,South South,Urban,Secondary,Trade/Services,Self-employed,211826.73,0
65b91952,15,Male,North West,Rural,Secondary,Manufacturing,Self-employed,115212.83,0
208361e3,24,Female,South East,Urban,Secondary,Unemployed,Self-employed,94415.55,1
0ff398d5,4,Male,South East,Rural,None,None,Not in Labor Force,0.0,1
9c8af418,0,Female,South South,Urban,None,None,Not in Labor Force,0.0,1
5495d680,52,Male,North East,Rural,None,Agriculture,Informal,66169.16,1
d310305c,53,Female,South South,Urban,Primary,Trade/Services,Informal,138478.7,0
eb9c9bf8,0,Male,North Central,Urban,None,None,Not in Labor Force,0.0,1
9b9a3c7b,23,Male,South West,Rural,Secondary,Informal,Self-employed,472573.31,0
781ac4af,14,Male,North Central,Rural,Secondary,Student,Not in Labor Force,0.0,1
85fe95f9,6,Male,North Central,Rural,Primary,Student,Not in Labor Force,0.0,1
1e9b6528,31,Female,North Central,Urban,None,Trade/Services,Informal,301088.69,0
fbd1c093,2,Male,North East,Rural,None,None,Not in Labor Force,0.0,1
b11055db,80,Female,South East,Rural,Tertiary,Retired/None,Not in Labor Force,0.0,1
18fcb474,4,Male,South West,Urban,None,None,Not in Labor Force,0.0,1
169784e7,3,Female,South West,Urban,None,None,Not in Labor Force,0.0,1
71e74cbc,1,Female,North West,Rural,None,None,Not in Labor Force,0.0,1
c0dc18cc,47,Female,South South,Rural,Secondary,Informal,Self-employed,39451.54,1
bd630bb9,3,Female,South West,Urban,None,None,Not in Labor Force,0.0,1
8d116509,37,Female,North West,Rural,None,Agriculture,Informal,52854.99,1
327a29a6,10,Female,South East,Rural,Primary,Student,Not in Labor Force,0.0,1
3f7f07a8,3,Male,North West,Urban,None,None,Not in Labor Force,0.0,1
bf11dd35,23,Female,North West,Rural,Primary,Informal,Informal,62724.95,1
0e148c66,44,Female,North Central,Rural,Secondary,Informal,Self-employed,221047.6,0
68942901,22,Male,South West,Rural,Secondary,Trade/Services,Self-employed,93871.95,1
e73387ac,7,Female,North West,Rural,None,Student,Not in Labor Force,0.0,1
de3b4021,19,Male,North East,Urban,Secondary,Trade/Services,Self-employed,84698.27,1
bf9ab2c2,26,Female,South South,Rural,Tertiary,Professional,Wage-employed,306285.62,0
321711a9,14,Male,North East,Rural,Primary,Student,Not in Labor Force,0.0,1
df81caac,15,Female,North West,Urban,Secondary,Informal,Self-employed,105746.4,0
b5f0b5ae,14,Female,South South,Rural,Tertiary,Student,Not in Labor Force,0.0,1
aa8035f7,39,Female,North East,Rural,Secondary,Informal,Self-employed,178422.24,0
624c94e8,32,Female,South West,Urban,Secondary,Informal,Self-employed,558246.01,0
6b5e118a,52,Female,North West,Rural,Tertiary,Professional,Wage-employed,512130.84,0
cf4413bf,56,Male,South West,Rural,None,Agriculture,Informal,105927.65,0
79ac430c,13,Male,North East,Urban,Tertiary,Student,Not in Labor Force,0.0,1
8cec162b,40,Male,South South,Rural,Primary,Agriculture,Informal,125662.24,0
89731c0a,12,Male,North Central,Rural,None,Student,Not in Labor Force,0.0,1
ff637031,14,Male,South West,Urban,Tertiary,Student,Not in Labor Force,0.0,1
87f7247a,54,Female,South South,Urban,Primary,Trade/Services,Informal,106162.31,0
af58edfb,17,Female,South South,Urban,Primary,Trade/Services,Informal,63624.51,1
4a6402d2,36,Female,North West,Urban,Secondary,Informal,Self-employed,111287.15,0
f9304227,9,Male,South East,Rural,Primary,Student,Not in Labor Force,0.0,1
64add4db,33,Male,North East,Rural,None,Agriculture,Informal,115566.51,0
c9607018,58,Female,South West,Rural,Secondary,Manufacturing,Self-employed,117402.39,0
ec469113,11,Male,North East,Rural,Primary,Student,Not in Labor Force,0.0,1
43bbf38c,14,Male,North Central,Urban,Primary,Student,Not in Labor Force,0.0,1
7ae1dc3a,11,Male,North West,Rural,Primary,Student,Not in Labor Force,0.0,1
be177f53,6,Male,South West,Urban,Primary,Student,Not in Labor Force,0.0,1
3f357d04,91,Male,North Central,Rural,None,Retired/None,Not in Labor Force,0.0,1
c50ff1e7,50,Male,North West,Rural,Primary,Informal,Informal,33210.92,1
5aabf1fa,35,Male,North Central,Urban,Secondary,Manufacturing,Self-employed,292281.67,0
17a0166e,73,Female,South South,Urban,Secondary,Retired/None,Not in Labor Force,0.0,1
1b7c143b,5,Male,South West,Urban,None,None,Not in Labor Force,0.0,1
8f3d91d2,62,Male,North Central,Rural,Primary,Agriculture,Informal,37629.02,1
296d063e,40,Female,South South,Urban,Tertiary,Manufacturing,Wage-employed,203530.44,0
3d41542d,27,Female,South West,Urban,Secondary,Informal,Self-employed,78736.55,1
96e486ea,3,Male,North West,Rural,None,None,Not in Labor Force,0.0,1
c33127dd,38,Female,North Central,Urban,Tertiary,Trade/Services,Wage-employed,481100.66,0
5fdf8cf9,8,Male,North West,Urban,Primary,Student,Not in Labor Force,0.0,1
8a884fdd,9,Male,South East,Rural,Primary,Student,Not in Labor Force,0.0,1
22c95a5e,35,Female,South South,Urban,Secondary,Manufacturing,Self-employed,238860.39,0
49748075,1,Female,North East,Urban,None,None,Not in Labor Force,0.0,1
b48a1a75,29,Male,North Central,Rural,None,Agriculture,Informal,69760.29,1
5c3d09f8,29,Female,North Central,Urban,Secondary,Informal,Self-employed,95404.95,1
fa979d44,20,Female,North East,Rural,Primary,Informal,Informal,36873.36,1
ecb45e2d,10,Male,South East,Rural,Primary,Student,Not in Labor Force,0.0,1
136a93d3,14,Male,South West,Urban,None,Student,Not in Labor Force,0.0,1
c807afdf,11,Male,North West,Rural,Primary,Student,Not in Labor Force,0.0,1
c4913640,22,Female,South East,Rural,Tertiary,Professional,Wage-employed,471027.78,0
22660177,12,Male,North West,Rural,Primary,Student,Not in Labor Force,0.0,1
ee8b379f,4,Female,South South,Rural,None,None,Not in Labor Force,0.0,1
1a1cdedf,0,Male,North East,Rural,None,None,Not in Labor Force,0.0,1
775c3be1,7,Male,South West,Urban,Primary,Student,Not in Labor Force,0.0,1
0c5884da,63,Female,North West,Rural,None,Agriculture,Informal,56634.56,1
98e905f8,38,Female,North East,Rural,Primary,Agriculture,Informal,73467.81,1
8f77acdb,9,Male,South East,Rural,Primary,Student,Not in Labor Force,0.0,1
73913d9a,64,Male,North Central,Urban,Primary,Informal,Informal,74297.87,1
ea4f262e,50,Female,South South,Urban,Primary,Informal,Informal,96728.62,1
eb527198,12,Male,South West,Urban,None,Student,Not in Labor Force,0.0,1
d0aadad5,45,Male,South South,Urban,Tertiary,Professional,Wage-employed,505927.55,0
4db9e521,14,Female,South South,Rural,None,Student,Not in Labor Force,0.0,1
d85aef7e,48,Female,North Central,Urban,Primary,Informal,Informal,346356.8,0
ab13b4e9,1,Male,South West,Urban,None,None,Not in Labor Force,0.0,1
f7c71494,56,Female,South East,Rural,Primary,Agriculture,Informal,76228.65,1
1480dc84,17,Female,North West,Urban,Secondary,Trade/Services,Self-employed,105616.12,0
b955247a,13,Male,South South,Urban,Secondary,Student,Not in Labor Force,0.0,1
027b4816,7,Female,South West,Urban,Primary,Student,Not in Labor Force,0.0,1
72007f08,84,Male,South West,Urban,None,Retired/None,Not in Labor Force,0.0,1
94c62317,6,Male,North West,Urban,None,Student,Not in Labor Force,0.0,1
791e6d38,26,Male,South East,Urban,Secondary,Manufacturing,Self-employed,148059.22,0
415fa32f,33,Male,North East,Urban,Secondary,Trade/Services,Self-employed,75374.16,1
e5b838e3,40,Female,South East,Rural,None,Informal,Informal,33689.58,1
80ba6021,42,Male,North Central,Urban,Secondary,Trade/Services,Self-employed,282040.54,0
84aabefc,29,Female,North East,Rural,Secondary,Informal,Self-employed,118479.61,0
48822a4e,28,Male,South South,Urban,Primary,Informal,Informal,158166.75,0
37f26976,62,Male,South East,Urban,Secondary,Trade/Services,Self-employed,50264.3,1
89087fd1,28,Female,South South,Urban,Secondary,Informal,Self-employed,74212.13,1
eceb5199,2,Female,North East,Urban,None,None,Not in Labor Force,0.0,1
22307e44,82,Female,South West,Urban,Tertiary,Retired/None,Not in Labor Force,0.0,1
eb87dc6b,43,Female,South West,Rural,Primary,Agriculture,Informal,71606.2,1
c7636da1,11,Male,South West,Urban,Primary,Student,Not in Labor Force,0.0,1
3a1d372d,20,Female,North West,Rural,Primary,Informal,Informal,36511.56,1
e48a15ce,63,Male,North East,Urban,None,Informal,Informal,34393.27,1
8ee9ee31,6,Female,South South,Rural,Primary,Student,Not in Labor Force,0.0,1
7a38915e,42,Female,North Central,Rural,Secondary,Informal,Self-employed,51671.08,1
85b4330e,13,Male,South South,Urban,Secondary,Student,Not in Labor Force,0.0,1
34653929,28,Male,North West,Rural,None,Informal,Informal,49380.05,1
6aef58fd,3,Female,South South,Urban,None,None,Not in Labor Force,0.0,1
fad3a0a5,27,Female,South West,Rural,Primary,Agriculture,Informal,76715.66,1
5647902a,41,Male,South East,Urban,Primary,Trade/Services,Informal,226182.03,0
443f3b55,11,Female,North East,Rural,Primary,Student,Not in Labor Force,0.0,1
cbbce807,67,Female,South South,Rural,Tertiary,Trade/Services,Wage-employed,157699.15,0
718d7dee,59,Male,North Central,Urban,Primary,Trade/Services,Informal,44331.95,1
9cd4bfb3,12,Male,South West,Urban,None,Student,Not in Labor Force,0.0,1
54dd77c9,16,Female,North West,Urban,Secondary,Unemployed,Self-employed,55794.87,1
07c3bc53,55,Male,South West,Rural,Tertiary,Trade/Services,Wage-employed,418264.27,0
55458038,12,Male,South South,Urban,Tertiary,Student,Not in Labor Force,0.0,1
38154b2a,7,Female,North West,Rural,Primary,Student,Not in Labor Force,0.0,1
5cf6f932,7,Female,South West,Urban,Primary,Student,Not in Labor Force,0.0,1
c9809a58,12,Female,North West,Urban,Secondary,Student,Not in Labor Force,0.0,1
8912ac14,17,Male,South South,Urban,None,Informal,Informal,87106.43,1
a62ab67a,59,Female,South South,Rural,Secondary,Trade/Services,Self-employed,55331.64,1
ae745e5d,3,Female,North East,Rural,None,None,Not in Labor Force,0.0,1
b8bb62eb,1,Male,North West,Rural,None,None,Not in Labor Force,0.0,1
64910c36,1,Female,South West,Urban,None,None,Not in Labor Force,0.0,1
533de4f7,34,Female,North West,Rural,Primary,Agriculture,Informal,36370.25,1
9ce8ccb1,5,Female,North Central,Urban,None,None,Not in Labor Force,0.0,1
721dc893,85,Female,North East,Rural,None,Retired/None,Not in Labor Force,0.0,1
81920b05,29,Male,North Central,Rural,Secondary,Trade/Services,Self-employed,91641.8,1
b94b37cf,0,Female,North West,Rural,None,None,Not in Labor Force,0.0,1
37eedc5a,46,Female,North West,Rural,Primary,Agriculture,Informal,57502.58,1
2c1cf432,56,Female,North West,Urban,Primary,Informal,Informal,43312.29,1
1ceee4c6,15,Female,South West,Urban,Tertiary,Professional,Wage-employed,445215.03,0
84cb3ef0,95,Male,South West,Urban,Secondary,Retired/None,Not in Labor Force,0.0,1
17c9ece3,5,Male,North West,Rural,None,None,Not in Labor Force,0.0,1
acb2ec1b,2,Male,South West,Urban,None,None,Not in Labor Force,0.0,1
26409cac,21,Female,South South,Urban,Tertiary,Professional,Wage-employed,175298.56,0
1904a046,12,Male,North East,Rural,Primary,Student,Not in Labor Force,0.0,1
5f83075f,12,Female,South East,Rural,None,Student,Not in Labor Force,0.0,1
06be07d0,0,Male,South West,Urban,None,None,Not in Labor Force,0.0,1
b3089dac,0,Male,North West,Rural,None,None,Not in Labor Force,0.0,1
d0ed226f,28,Male,North East,Urban,None,Trade/Services,Informal,83233.72,1
c4b1fad1,12,Female,North Central,Rural,Primary,Student,Not in Labor Force,0.0,1
5db23f27,17,Female,South West,Urban,Secondary,Trade/Services,Self-employed,119784.99,0
50e8bf3e,60,Female,North East,Urban,None,Informal,Informal,102812.84,0
1497f9c3,7,Female,South South,Urban,Primary,Student,Not in Labor Force,0.0,1
9b45bbe7,0,Male,South West,Urban,None,None,Not in Labor Force,0.0,1
0d0ed76a,62,Male,North East,Urban,Tertiary,Professional,Wage-employed,827999.22,0
822ad109,9,Female,North West,Urban,None,Student,Not in Labor Force,0.0,1
c06be2a1,27,Female,North West,Rural,Secondary,Trade/Services,Self-employed,79030.89,1
518975f4,50,Male,North Central,Urban,Secondary,Informal,Self-employed,133284.26,0
59593a24,23,Female,North Central,Rural,Secondary,Informal,Self-employed,30079.28,1
ed3b15fb,28,Male,South East,Urban,Secondary,Trade/Services,Self-employed,434970.08,0
8265478a,50,Male,South West,Urban,Secondary,Unemployed,Self-employed,43636.28,1
57447585,9,Male,North West,Urban,Primary,Student,Not in Labor Force,0.0,1
549be28b,54,Female,South West,Urban,Tertiary,Trade/Services,Wage-employed,380894.89,0
ff703dd3,37,Male,North West,Rural,Primary,Agriculture,Informal,12975.77,1
bb2a2956,2,Male,North East,Rural,None,None,Not in Labor Force,0.0,1
baf0ed8c,21,Male,South East,Urban,Primary,Informal,Informal,49247.01,1
e7359fe6,56,Male,North East,Rural,Primary,Agriculture,Informal,169611.98,0
676ac73d,67,Female,South East,Urban,Tertiary,Professional,Wage-employed,795579.35,0
dbf4c1df,16,Male,South South,Urban,Secondary,Informal,Self-employed,240627.91,0
7431f4e9,29,Male,South West,Urban,Secondary,Unemployed,Self-employed,118699.29,0
38c658ba,8,Female,North West,Rural,None,Student,Not in Labor Force,0.0,1
e8efa135,61,Male,North East,Urban,Secondary,Trade/Services,Self-employed,358813.18,0
3c99a37f,0,Male,North West,Urban,None,None,Not in Labor Force,0.0,1
65990040,53,Male,South West,Urban,Tertiary,Professional,Wage-employed,467155.0,0
d15e335d,3,Female,South East,Rural,None,None,Not in Labor Force,0.0,1
b539b669,1,Female,South West,Urban,None,None,Not in Labor Force,0.0,1
5325f130,14,Male,South East,Urban,Secondary,Student,Not in Labor Force,0.0,1
f72f13b8,82,Female,South East,Urban,Primary,Retired/None,Not in Labor Force,0.0,1
ce1f8e09,7,Female,South South,Urban,Primary,Student,Not in Labor Force,0.0,1
8705686b,37,Female,North East,Rural,None,Agriculture,Informal,90572.51,1
e7ba533e,11,Male,South South,Urban,Primary,Student,Not in Labor Force,0.0,1
df8b1aa3,6,Male,South West,Urban,Primary,Student,Not in Labor Force,0.0,1
5a934bd3,35,Female,North East,Rural,None,Informal,Informal,293063.79,0
91a6f2ee,40,Female,South South,Rural,Secondary,Informal,Self-employed,189888.69,0
a623539f,7,Female,South South,Urban,Primary,Student,Not in Labor Force,0.0,1
58a75aa1,13,Male,South West,Rural,Secondary,Student,Not in Labor Force,0.0,1
f7499bd9,1,Male,South East,Urban,None,None,Not in Labor Force,0.0,1
d7f872c6,1,Female,North East,Rural,None,None,Not in Labor Force,0.0,1
6942b82d,69,Female,North Central,Rural,None,Agriculture,Informal,57568.18,1
e3c8863e,45,Male,North West,Rural,None,Agriculture,Informal,81328.95,1
c8189dd8,0,Male,North Central,Urban,None,None,Not in Labor Force,0.0,1
70df711c,18,Male,North Central,Rural,None,Agriculture,Informal,139034.94,0
b4a5428e,20,Female,North West,Urban,Tertiary,Trade/Services,Wage-employed,581567.71,0
d4be58ac,6,Female,South West,Rural,Primary,Student,Not in Labor Force,0.0,1
07595f77,59,Female,North West,Urban,Secondary,Trade/Services,Self-employed,213168.36,0
6144c590,33,Female,North West,Rural,None,Agriculture,Informal,129671.65,0
86e564c0,10,Male,North East,Urban,Primary,Student,Not in Labor Force,0.0,1
01b51846,12,Female,North Central,Urban,Secondary,Student,Not in Labor Force,0.0,1
ea7138a6,72,Female,North East,Urban,Primary,Retired/None,Not in Labor Force,0.0,1
8eb2a369,53,Female,North East,Urban,Primary,Informal,Informal,368827.2,0
898d123a,12,Female,North East,Rural,None,Student,Not in Labor Force,0.0,1
531660b0,0,Male,North West,Rural,None,None,Not in Labor Force,0.0,1
51240b0d,20,Female,North Central,Urban,Secondary,Trade/Services,Self-employed,76047.78,1
f8a95a12,21,Female,South South,Urban,Tertiary,Professional,Wage-employed,610020.37,0
ffd942df,62,Female,North West,Rural,None,Agriculture,Informal,78885.45,1
06f175bd,94,Male,South West,Urban,Primary,Retired/None,Not in Labor Force,0.0,1
2b3413a6,10,Female,North West,Rural,None,Student,Not in Labor Force,0.0,1
f17664dc,29,Male,North East,Rural,None,Agriculture,Informal,47504.75,1
80bc2791,48,Male,North East,Rural,None,Informal,Informal,40601.92,1
7456e189,9,Male,South South,Urban,Primary,Student,Not in Labor Force,0.0,1
422394e8,8,Female,North Central,Rural,None,Student,Not in Labor Force,0.0,1
cc9188bc,87,Male,South West,Urban,Secondary,Retired/None,Not in Labor Force,0.0,1
6e8d1c61,62,Male,South West,Urban,Secondary,Manufacturing,Self-employed,359055.65,0
c6ce507c,63,Female,North West,Urban,Tertiary,Manufacturing,Wage-employed,216783.77,0
298bf4a1,38,Female,South South,Urban,Secondary,Informal,Self-employed,57214.99,1
7c97f521,14,Female,North East,Rural,None,Student,Not in Labor Force,0.0,1
548ea63f,49,Male,North West,Rural,Secondary,Trade/Services,Self-employed,70418.31,1
5c4236c2,18,Female,North East,Urban,None,Trade/Services,Informal,27746.33,1
5fe1f952,58,Male,North East,Rural,Primary,Agriculture,Informal,36043.11,1
2bcfd9eb,69,Male,North West,Urban,None,Trade/Services,Informal,42978.97,1
2fe75d51,31,Male,South West,Urban,None,Informal,Informal,85103.87,1
29140eb4,14,Female,North East,Rural,Primary,Student,Not in Labor Force,0.0,1
89de29ff,52,Male,South West,Rural,None,Agriculture,Informal,142527.47,0
9fa3e022,9,Male,North West,Rural,None,Student,Not in Labor Force,0.0,1
97c18d56,5,Male,South South,Rural,None,None,Not in Labor Force,0.0,1
eea8d5c0,1,Male,North West,Rural,None,None,Not in Labor Force,0.0,1
e96faad7,41,Female,South West,Urban,Secondary,Trade/Services,Self-employed,93568.13,1
abd0d23c,56,Female,South West,Urban,Secondary,Trade/Services,Self-employed,223923.76,0
87d26b1f,20,Male,North West,Rural,Secondary,Informal,Self-employed,154934.48,0
3a4519fb,20,Male,North West,Rural,None,Informal,Informal,15799.24,1
454aa058,29,Male,North West,Rural,Secondary,Trade/Services,Self-employed,70887.31,1
1709e782,3,Female,North West,Urban,None,None,Not in Labor Force,0.0,1
ad75d572,62,Male,North West,Rural,Tertiary,Professional,Wage-employed,236663.05,0
54e2dbf4,5,Male,South West,Urban,None,None,Not in Labor Force,0.0,1
1962b1a3,7,Female,North Central,Rural,None,Student,Not in Labor Force,0.0,1
aec78a12,54,Male,North Central,Rural,Primary,Agriculture,Informal,75272.84,1
403baa9c,6,Male,North West,Rural,None,Student,Not in Labor Force,0.0,1
14a7aaaf,2,Male,South South,Rural,None,None,Not in Labor Force,0.0,1
ca9e3ff5,63,Male,North West,Rural,None,Agriculture,Informal,84291.76,1
ced549c1,59,Female,North East,Rural,Primary,Agriculture,Informal,73020.54,1
a6277ae6,61,Female,North West,Rural,None,Agriculture,Informal,34996.53,1
d9655d4c,90,Male,North West,Rural,Primary,Retired/None,Not in Labor Force,0.0,1
96440e99,45,Male,South West,Rural,Primary,Agriculture,Informal,40945.94,1
11ec6ee2,16,Female,South West,Urban,Secondary,Trade/Services,Self-employed,54071.07,1
29aa90e9,11,Female,South West,Urban,Primary,Student,Not in Labor Force,0.0,1
3575b00d,56,Male,South West,Urban,Primary,Informal,Informal,84105.84,1
54eb9972,27,Female,South South,Urban,Primary,Informal,Informal,64840.69,1
bef93cdc,32,Male,North Central,Urban,None,Informal,Informal,111257.27,0
fb240deb,44,Female,North Central,Rural,None,Agriculture,Informal,90955.7,1
de91b000,6,Female,North West,Urban,Primary,Student,Not in Labor Force,0.0,1
fd1c352f,10,Female,North West,Urban,Primary,Student,Not in Labor Force,0.0,1
5904d3cd,27,Male,North Central,Urban,Secondary,Informal,Self-employed,109069.12,0
9c1bc27f,2,Male,North East,Rural,None,None,Not in Labor Force,0.0,1
b364bc07,38,Female,North Central,Urban,Tertiary,Professional,Wage-employed,474140.61,0
927d7dc4,8,Female,North West,Rural,Primary,Student,Not in Labor Force,0.0,1
6bb1a535,94,Female,South East,Rural,Primary,Retired/None,Not in Labor Force,0.0,1
e0d27327,43,Male,South South,Rural,Tertiary,Manufacturing,Wage-employed,260539.18,0
1d145e22,7,Female,North East,Rural,Primary,Student,Not in Labor Force,0.0,1
fc793e15,5,Female,South East,Rural,None,None,Not in Labor Force,0.0,1
a049f3d7,19,Male,South South,Rural,Secondary,Unemployed,Self-employed,50610.15,1
a5e244d8,67,Male,South South,Rural,Secondary,Informal,Self-employed,61077.73,1
ae16dc7c,33,Male,North East,Rural,Secondary,Unemployed,Self-employed,25302.49,1
5fcc84c1,6,Female,South East,Urban,Primary,Student,Not in Labor Force,0.0,1
dc5a438f,27,Female,North West,Urban,Secondary,Unemployed,Self-employed,105087.94,0
aa361eb9,19,Female,South West,Urban,Secondary,Trade/Services,Self-employed,93327.82,1
654dd4ac,11,Male,South West,Rural,Primary,Student,Not in Labor Force,0.0,1
04a39df9,28,Female,South West,Urban,Secondary,Unemployed,Self-employed,69072.91,1
eb661d92,5,Female,North West,Rural,None,None,Not in Labor Force,0.0,1
30cac875,13,Male,South East,Urban,Secondary,Student,Not in Labor Force,0.0,1
caeafa20,5,Male,North Central,Rural,None,None,Not in Labor Force,0.0,1
1225c8c3,8,Male,North West,Rural,None,Student,Not in Labor Force,0.0,1
cecc1454,0,Female,North Central,Rural,None,None,Not in Labor Force,0.0,1
22883d03,54,Male,South South,Rural,Primary,Agriculture,Informal,97880.97,0
131f1ec7,9,Male,South South,Urban,Primary,Student,Not in Labor Force,0.0,1
235f1d58,12,Male,South West,Urban,Secondary,Student,Not in Labor Force,0.0,1
19ca2c03,12,Female,North West,Rural,Primary,Student,Not in Labor Force,0.0,1
61a1c67f,69,Male,North West,Rural,Secondary,Trade/Services,Self-employed,135370.21,0
cfc08fbf,12,Male,North West,Rural,None,Student,Not in Labor Force,0.0,1
20aaeaa6,36,Male,North West,Urban,None,Informal,Informal,112673.38,0
7f3bbf4a,63,Male,North East,Urban,Tertiary,Professional,Wage-employed,606205.64,0
e3caeed2,67,Male,North East,Urban,Secondary,Informal,Self-employed,133109.14,0
af341e8b,11,Male,North West,Rural,None,Student,Not in Labor Force,0.0,1
eb963c85,52,Female,South South,Urban,Tertiary,Manufacturing,Wage-employed,397422.05,0
ab341139,28,Female,South West,Rural,Secondary,Trade/Services,Self-employed,162449.89,0
47d5f8c8,61,Female,South East,Rural,Secondary,Trade/Services,Self-employed,147320.21,0
4fd2d75f,13,Male,North East,Urban,Primary,Student,Not in Labor Force,0.0,1
a5b30787,57,Female,North Central,Urban,Primary,Informal,Informal,149709.1,0
54e6cba4,10,Male,North East,Rural,Primary,Student,Not in Labor Force,0.0,1
5c5b2df0,23,Male,North Central,Rural,None,Informal,Informal,58327.86,1
60356340,52,Female,South West,Urban,None,Informal,Informal,44719.83,1
3322856d,14,Female,North Central,Rural,None,Student,Not in Labor Force,0.0,1
315d806e,58,Female,South East,Urban,Secondary,Informal,Self-employed,153623.78,0
75a6d39c,12,Female,South South,Urban,Secondary,Student,Not in Labor Force,0.0,1
606234b5,20,Female,North Central,Urban,None,Trade/Services,Informal,57127.93,1
f5e55053,15,Female,North West,Rural,Secondary,Trade/Services,Self-employed,146110.92,0
5b6bc1d5,8,Female,South South,Rural,Primary,Student,Not in Labor Force,0.0,1
270dc3ac,3,Female,South West,Urban,None,None,Not in Labor Force,0.0,1
64064440,29,Male,South West,Rural,Secondary,Informal,Self-employed,117322.32,0
bbd6ffd2,1,Male,South West,Rural,None,None,Not in Labor Force,0.0,1
9c88c365,0,Female,North West,Rural,None,None,Not in Labor Force,0.0,1
829b070e,2,Male,North West,Rural,None,None,Not in Labor Force,0.0,1
abbf4ae4,17,Male,North West,Rural,None,Informal,Informal,61750.95,1
23cbb454,51,Male,North West,Urban,Secondary,Trade/Services,Self-employed,105322.67,0
44a492a4,0,Male,North Central,Rural,None,None,Not in Labor Force,0.0,1
d4305c6d,6,Female,North West,Rural,None,Student,Not in Labor Force,0.0,1
f609166e,12,Female,South South,Rural,Secondary,Student,Not in Labor Force,0.0,1
bccc3cb8,0,Female,South West,Rural,None,None,Not in Labor Force,0.0,1
bd1cd2fa,3,Female,North East,Rural,None,None,Not in Labor Force,0.0,1
9bd09360,52,Female,North West,Urban,None,Trade/Services,Informal,147326.41,0
c73fc9a4,14,Female,South West,Urban,Tertiary,Student,Not in Labor Force,0.0,1
dfea1c5e,0,Female,North West,Rural,None,None,Not in Labor Force,0.0,1
e5d77e11,6,Male,South West,Rural,Primary,Student,Not in Labor Force,0.0,1
9a5e0b25,90,Male,South East,Urban,Secondary,Retired/None,Not in Labor Force,0.0,1
1949258c,61,Male,North Central,Rural,None,Agriculture,Informal,104228.42,0
3af62d65,53,Female,North West,Rural,None,Informal,Informal,42774.91,1
3249190a,2,Male,South East,Rural,None,None,Not in Labor Force,0.0,1
e00f848c,3,Female,North East,Urban,None,None,Not in Labor Force,0.0,1
4b5d5d2e,5,Female,North West,Rural,None,None,Not in Labor Force,0.0,1
12dd6e33,13,Male,North Central,Urban,Tertiary,Student,Not in Labor Force,0.0,1
3c887a76,57,Male,South South,Rural,None,Informal,Informal,28651.76,1
75e02138,28,Female,North East,Urban,None,Trade/Services,Informal,90009.21,1
8c27aa1f,27,Male,South South,Rural,Tertiary,Professional,Wage-employed,604128.09,0
67712f15,34,Female,North West,Rural,Primary,Agriculture,Informal,28083.2,1
03d409f1,9,Female,North West,Rural,None,Student,Not in Labor Force,0.0,1
bd9cff86,41,Female,South West,Urban,Secondary,Unemployed,Self-employed,176701.53,0
9fdbfad3,8,Male,North West,Urban,Primary,Student,Not in Labor Force,0.0,1
940c6bea,8,Female,North East,Rural,Primary,Student,Not in Labor Force,0.0,1
5641fe85,55,Female,North West,Rural,Primary,Informal,Informal,36585.79,1
60fe5899,11,Female,North East,Rural,None,Student,Not in Labor Force,0.0,1
b3e5ad50,9,Female,North East,Rural,Primary,Student,Not in Labor Force,0.0,1
75d2ee4c,5,Female,South West,Rural,None,None,Not in Labor Force,0.0,1
5db005bd,64,Male,South West,Rural,None,Agriculture,Informal,32528.03,1
ac417abb,48,Female,South South,Rural,Primary,Agriculture,Informal,104684.96,0
36850b46,10,Female,South West,Urban,Primary,Student,Not in Labor Force,0.0,1
8a949a76,55,Male,South West,Rural,Primary,Agriculture,Informal,88451.09,1
dfceecdf,2,Male,South West,Urban,None,None,Not in Labor Force,0.0,1
244bf5d0,20,Male,South South,Rural,Tertiary,Professional,Wage-employed,270661.91,0
c112ea68,16,Female,North East,Rural,Primary,Informal,Informal,96153.38,1
f9fb1941,29,Male,North East,Urban,Secondary,Trade/Services,Self-employed,200809.47,0
49cb3093,81,Male,South West,Urban,Primary,Retired/None,Not in Labor Force,0.0,1
2eabb6c0,11,Female,North West,Rural,Primary,Student,Not in Labor Force,0.0,1
0c0d5ac1,35,Female,South South,Urban,Secondary,Informal,Self-employed,54625.23,1
345695f7,22,Male,North Central,Rural,Secondary,Trade/Services,Self-employed,103835.46,0
5fcbe435,24,Male,North East,Urban,None,Informal,Informal,188656.49,0
0a9ec52b,9,Male,South East,Urban,Primary,Student,Not in Labor Force,0.0,1
9b5ecf2c,64,Male,North East,Urban,None,Informal,Informal,107397.1,0
5ba501f1,24,Male,South South,Urban,Secondary,Informal,Self-employed,27737.29,1
d536f9a0,8,Female,South South,Urban,Primary,Student,Not in Labor Force,0.0,1
aac10a7c,42,Female,South West,Urban,Tertiary,Trade/Services,Wage-employed,210577.8,0
295e2076,7,Female,North West,Urban,Primary,Student,Not in Labor Force,0.0,1
c2bbe335,33,Male,North East,Urban,Secondary,Informal,Self-employed,242186.75,0
ba618cef,47,Female,North Central,Urban,None,Trade/Services,Informal,57855.33,1
79b084bc,18,Female,South South,Rural,Primary,Agriculture,Informal,117336.77,0
e0da582a,17,Male,North West,Rural,Tertiary,Trade/Services,Wage-employed,1012225.05,0
0ca51edc,56,Male,North West,Urban,None,Trade/Services,Informal,70068.69,1
d20296a4,11,Female,North West,Urban,Primary,Student,Not in Labor Force,0.0,1
ecb10f62,1,Female,North Central,Rural,None,None,Not in Labor Force,0.0,1
dd6341e4,37,Male,South South,Urban,Tertiary,Professional,Wage-employed,276314.86,0
6643da16,3,Female,North West,Rural,None,None,Not in Labor Force,0.0,1
4d7541d3,5,Female,North West,Rural,None,None,Not in Labor Force,0.0,1
2dad8f16,48,Female,South West,Urban,Secondary,Unemployed,Self-employed,72861.02,1
51f4c723,9,Male,South East,Urban,Primary,Student,Not in Labor Force,0.0,1
54df7fb4,1,Female,South East,Urban,None,None,Not in Labor Force,0.0,1
67b81579,44,Male,South East,Urban,Primary,Informal,Informal,127382.04,0
4bf6c3ff,8,Female,North West,Urban,Primary,Student,Not in Labor Force,0.0,1
79c1c00d,41,Female,North East,Rural,None,Informal,Informal,41705.65,1
a9601e76,56,Male,South South,Rural,Secondary,Trade/Services,Self-employed,77548.44,1
186a17e1,48,Female,South South,Urban,Tertiary,Trade/Services,Wage-employed,205840.58,0
6059d8dd,7,Male,South West,Urban,Primary,Student,Not in Labor Force,0.0,1
70317248,38,Female,South West,Rural,Secondary,Unemployed,Self-employed,76150.07,1
da8fb326,63,Male,South South,Urban,Secondary,Informal,Self-employed,87200.93,1
80ca62ba,31,Female,North Central,Urban,Primary,Trade/Services,Informal,24607.59,1
dd299c03,12,Male,North West,Rural,None,Student,Not in Labor Force,0.0,1
036444a4,50,Female,South West,Urban,Secondary,Manufacturing,Self-employed,80563.0,1
5c0a3a06,64,Female,South South,Rural,None,Informal,Informal,93686.91,1
49b045b5,26,Female,South West,Urban,Primary,Informal,Informal,181570.16,0
be06c231,45,Male,South East,Urban,Secondary,Trade/Services,Self-employed,124991.14,0
b2c20d40,63,Female,North Central,Rural,Primary,Agriculture,Informal,61096.94,1
20939ef0,23,Male,North West,Urban,Primary,Informal,Informal,95950.67,1
9168b93a,12,Female,North West,Urban,Secondary,Student,Not in Labor Force,0.0,1
2b3ee173,33,Female,South South,Urban,Tertiary,Trade/Services,Wage-employed,1299599.24,0
6528b05c,13,Female,North Central,Rural,Primary,Student,Not in Labor Force,0.0,1
d5005769,60,Female,North West,Rural,Primary,Agriculture,Informal,32665.99,1
a736ae6f,13,Male,South South,Urban,Primary,Student,Not in Labor Force,0.0,1
0aaa0b09,31,Female,North Central,Rural,Tertiary,Professional,Wage-employed,139067.46,0
96d699bc,1,Male,South East,Rural,None,None,Not in Labor Force,0.0,1
35a84acd,54,Female,North Central,Rural,Secondary,Informal,Self-employed,95706.65,1
781168d6,19,Female,North West,Rural,Secondary,Trade/Services,Self-employed,125057.09,0
270c3d13,10,Female,South West,Rural,Primary,Student,Not in Labor Force,0.0,1
768185bd,6,Female,South South,Urban,Primary,Student,Not in Labor Force,0.0,1
49db31ba,5,Male,North West,Rural,None,None,Not in Labor Force,0.0,1
0eb2f30c,62,Female,South East,Urban,Tertiary,Professional,Wage-employed,392377.47,0
e9c11a19,30,Male,North West,Urban,Secondary,Informal,Self-employed,58763.43,1
62f5d011,31,Female,North East,Rural,None,Agriculture,Informal,101812.12,0
35ce54d2,5,Female,North East,Rural,None,None,Not in Labor Force,0.0,1
7c30e828,41,Male,South South,Urban,Secondary,Informal,Self-employed,122653.34,0
62402e64,21,Male,North Central,Rural,Secondary,Informal,Self-employed,137671.59,0
bb56050f,22,Male,North Central,Urban,Secondary,Informal,Self-employed,338295.48,0
18caed62,22,Female,South East,Urban,Tertiary,Manufacturing,Wage-employed,166379.62,0
f6b60fc8,6,Male,North West,Urban,None,Student,Not in Labor Force,0.0,1
62d944d8,10,Female,North West,Urban,Primary,Student,Not in Labor Force,0.0,1
0318a62d,14,Female,North West,Rural,Primary,Student,Not in Labor Force,0.0,1
83701ae8,1,Male,South West,Urban,None,None,Not in Labor Force,0.0,1
2476e4f2,5,Male,North Central,Urban,None,None,Not in Labor Force,0.0,1
abee78e0,5,Female,South South,Rural,None,None,Not in Labor Force,0.0,1
f792d183,11,Male,North Central,Urban,Primary,Student,Not in Labor Force,0.0,1
26704931,29,Female,North West,Rural,Primary,Agriculture,Informal,21353.78,1
ae4667b2,42,Male,South East,Rural,Secondary,Trade/Services,Self-employed,138598.81,0
ec570ce7,52,Male,North East,Urban,Secondary,Trade/Services,Self-employed,39313.12,1
9dd8033a,64,Female,South South,Urban,Primary,Informal,Informal,63581.21,1
2b0196e4,7,Male,North East,Rural,Primary,Student,Not in Labor Force,0.0,1
bc7599f6,45,Female,North West,Rural,None,Agriculture,Informal,42498.41,1
e87a7e77,3,Female,North Central,Rural,None,None,Not in Labor Force,0.0,1
1ec354b9,23,Male,North West,Rural,None,Agriculture,Informal,74303.36,1
851a19b6,7,Male,North West,Rural,Primary,Student,Not in Labor Force,0.0,1
c76f9468,78,Male,North Central,Urban,Secondary,Retired/None,Not in Labor Force,0.0,1
4d6dc7b3,2,Male,North West,Rural,None,None,Not in Labor Force,0.0,1
da9d9201,2,Female,North West,Urban,None,None,Not in Labor Force,0.0,1
154bcf03,22,Female,North East,Rural,None,Agriculture,Informal,40148.28,1
9335f3f4,1,Male,North Central,Urban,None,None,Not in Labor Force,0.0,1
5f7c2279,18,Male,North East,Rural,Secondary,Informal,Self-employed,132611.58,0
3f7b3f06,45,Male,North West,Rural,Primary,Agriculture,Informal,31565.07,1
b0348cb6,52,Male,South West,Urban,Primary,Informal,Informal,38359.31,1
aa08205d,67,Female,South West,Urban,Tertiary,Manufacturing,Wage-employed,404970.61,0
d6d7c470,67,Female,South West,Urban,Secondary,Informal,Self-employed,141941.3,0
e86bb9a1,2,Male,North East,Urban,None,None,Not in Labor Force,0.0,1
aedc6cb1,57,Male,North West,Rural,Secondary,Trade/Services,Self-employed,117844.86,0
aac1c49c,43,Female,North Central,Rural,Primary,Agriculture,Informal,145473.02,0
3b5c314a,24,Male,South South,Rural,Primary,Agriculture,Informal,129103.02,0
3bd6d213,11,Female,North Central,Rural,Primary,Student,Not in Labor Force,0.0,1
d95332da,60,Male,North West,Rural,Primary,Informal,Informal,78509.14,1
9abfbfdd,94,Female,North West,Urban,Secondary,Retired/None,Not in Labor Force,0.0,1
7895f535,44,Female,South South,Rural,Tertiary,Professional,Wage-employed,481969.42,0
2036524d,32,Male,South West,Urban,Tertiary,Professional,Wage-employed,468496.27,0
7c33079c,7,Female,North East,Rural,None,Student,Not in Labor Force,0.0,1
88c40870,8,Female,North East,Rural,Primary,Student,Not in Labor Force,0.0,1
8111352e,61,Male,South South,Rural,Primary,Agriculture,Informal,121503.87,0
5a249ff1,38,Male,North West,Rural,None,Informal,Informal,74483.25,1
836d150d,40,Female,North Central,Urban,Tertiary,Trade/Services,Wage-employed,287406.97,0
eb8fa2cf,2,Female,South West,Rural,None,None,Not in Labor Force,0.0,1
074a67a8,6,Female,North East,Rural,None,Student,Not in Labor Force,0.0,1
ce3031fa,25,Female,North West,Rural,Primary,Agriculture,Informal,38121.01,1
d8e43a8f,24,Female,North West,Urban,Primary,Informal,Informal,161230.25,0
0858730b,64,Female,South South,Rural,None,Informal,Informal,53645.28,1
9d0349c0,3,Female,North Central,Rural,None,None,Not in Labor Force,0.0,1
849284bb,27,Male,South East,Urban,Tertiary,Trade/Services,Wage-employed,1264362.15,0
0ad57063,13,Female,South West,Rural,Secondary,Student,Not in Labor Force,0.0,1
5f9979cc,93,Male,South South,Urban,Secondary,Retired/None,Not in Labor Force,0.0,1
eea5a449,5,Male,South South,Rural,None,None,Not in Labor Force,0.0,1
67a671ef,27,Female,North Central,Rural,Secondary,Informal,Self-employed,50885.64,1
b3f4b49c,8,Male,North East,Rural,None,Student,Not in Labor Force,0.0,1
f9f4001b,40,Male,South West,Urban,None,Informal,Informal,171247.29,0
47c8480e,34,Male,South West,Urban,Tertiary,Trade/Services,Wage-employed,309932.03,0
ecdcc281,19,Female,North Central,Rural,Secondary,Trade/Services,Self-employed,126040.62,0
1d49bed7,3,Female,South East,Urban,None,None,Not in Labor Force,0.0,1
406e033c,13,Female,North West,Rural,None,Student,Not in Labor Force,0.0,1
24953712,12,Female,North East,Rural,None,Student,Not in Labor Force,0.0,1
6ed9d8d1,28,Male,South West,Rural,Secondary,Trade/Services,Self-employed,45204.93,1
0c6f18fb,7,Male,North West,Rural,Primary,Student,Not in Labor Force,0.0,1
8e057d8c,62,Male,North Central,Rural,Primary,Agriculture,Informal,19868.74,1
4e7eba1e,27,Male,South South,Urban,Secondary,Informal,Self-employed,323835.64,0
4fe0637a,38,Male,South West,Urban,Secondary,Trade/Services,Self-employed,102415.1,0
16ed9529,29,Male,South South,Rural,Secondary,Trade/Services,Self-employed,178299.99,0
76fe53c7,15,Male,South West,Urban,Tertiary,Professional,Wage-employed,269988.0,0
8da8756f,5,Female,South West,Rural,None,None,Not in Labor Force,0.0,1
f91e171e,48,Female,South West,Urban,Tertiary,Manufacturing,Wage-employed,723631.03,0
f05e9c72,64,Female,North West,Rural,Secondary,Manufacturing,Self-employed,76330.36,1
33233b63,2,Female,North Central,Rural,None,None,Not in Labor Force,0.0,1
9391de27,7,Male,North East,Rural,Primary,Student,Not in Labor Force,0.0,1
8f52e504,17,Female,South South,Urban,Primary,Trade/Services,Informal,39093.57,1
34306880,40,Male,North East,Rural,Tertiary,Professional,Wage-employed,437088.48,0
2bc9cb4c,13,Female,North West,Urban,Secondary,Student,Not in Labor Force,0.0,1
66956f4c,55,Female,South West,Urban,Secondary,Trade/Services,Self-employed,234863.63,0
d8af2888,12,Female,North Central,Rural,None,Student,Not in Labor Force,0.0,1
27c50a9e,7,Female,North West,Rural,None,Student,Not in Labor Force,0.0,1
43bc7c8d,63,Female,North West,Rural,None,Informal,Informal,87926.73,1
682f2f9d,30,Female,South East,Urban,Tertiary,Manufacturing,Wage-employed,367011.42,0
2d45642e,56,Male,North Central,Urban,Primary,Informal,Informal,28301.94,1
28aec5fa,4,Female,North West,Urban,None,None,Not in Labor Force,0.0,1
8e266824,24,Male,North Central,Rural,Secondary,Informal,Self-employed,51980.91,1
0d5e7977,39,Female,North East,Urban,Primary,Informal,Informal,53039.58,1
0f68408a,7,Male,North West,Rural,Primary,Student,Not in Labor Force,0.0,1
0a4bed8a,52,Male,South South,Urban,Secondary,Trade/Services,Self-employed,114124.26,0
842eb001,5,Female,North East,Urban,None,None,Not in Labor Force,0.0,1
9de39780,63,Male,North West,Rural,Secondary,Trade/Services,Self-employed,194556.81,0
7d0986f6,62,Female,South South,Urban,Secondary,Informal,Self-employed,124191.66,0
ce0b7df1,14,Male,South East,Urban,None,Student,Not in Labor Force,0.0,1
c2e0ebbf,5,Female,North East,Rural,None,None,Not in Labor Force,0.0,1
0166b29c,13,Female,North Central,Urban,Secondary,Student,Not in Labor Force,0.0,1
d2cdc692,3,Female,South South,Urban,None,None,Not in Labor Force,0.0,1
07bf3b86,18,Male,North East,Rural,None,Informal,Informal,16916.18,1
685758d0,44,Male,South West,Urban,Tertiary,Trade/Services,Wage-employed,84579.34,1
7e4c268f,1,Female,North Central,Urban,None,None,Not in Labor Force,0.0,1
39745266,12,Male,North Central,Rural,Secondary,Student,Not in Labor Force,0.0,1
fb68010e,57,Male,South West,Urban,Secondary,Trade/Services,Self-employed,87828.95,1
68a8d75d,50,Female,North Central,Urban,Primary,Informal,Informal,59397.38,1
ca3c24eb,4,Male,North West,Rural,None,None,Not in Labor Force,0.0,1
9fb2c033,12,Male,South East,Urban,Primary,Student,Not in Labor Force,0.0,1
a9aba80b,35,Male,North West,Urban,Secondary,Informal,Self-employed,164948.5,0
937477b7,4,Male,North Central,Rural,None,None,Not in Labor Force,0.0,1
5f54ecb0,3,Female,South West,Urban,None,None,Not in Labor Force,0.0,1
c2e8aa36,15,Male,South West,Rural,None,Informal,Informal,25046.81,1
47ad9019,40,Female,North Central,Rural,None,Agriculture,Informal,26118.4,1
c7dfa3de,16,Male,South West,Urban,Secondary,Trade/Services,Self-employed,174932.24,0
2bfa7459,23,Male,North West,Urban,Secondary,Trade/Services,Self-employed,296713.9,0
99a2b98e,59,Female,South West,Rural,Secondary,Unemployed,Self-employed,30390.25,1
32889c75,1,Male,South East,Rural,None,None,Not in Labor Force,0.0,1
05fd3ac3,8,Female,South South,Urban,None,Student,Not in Labor Force,0.0,1
1e4a827a,9,Female,South West,Urban,Primary,Student,Not in Labor Force,0.0,1
6e31f120,8,Male,North East,Rural,Primary,Student,Not in Labor Force,0.0,1
93a2690c,25,Female,North West,Rural,Secondary,Trade/Services,Self-employed,62232.74,1
8b703d46,39,Male,North East,Urban,Secondary,Informal,Self-employed,259560.16,0
883806de,90,Male,North Central,Rural,Tertiary,Retired/None,Not in Labor Force,0.0,1
09b2e37c,50,Male,North West,Urban,Primary,Informal,Informal,141470.36,0
5a8ee953,9,Female,South South,Urban,Primary,Student,Not in Labor Force,0.0,1
b489bc51,2,Male,South South,Urban,None,None,Not in Labor Force,0.0,1
1d90a5b7,52,Female,North West,Rural,Secondary,Manufacturing,Self-employed,56646.48,1
bdbe580a,17,Female,South West,Rural,Secondary,Manufacturing,Self-employed,197981.1,0
4a793a91,55,Male,South East,Urban,Secondary,Trade/Services,Self-employed,136891.54,0
a318f501,49,Male,North West,Urban,None,Trade/Services,Informal,120094.1,0
fd0719c5,64,Female,North Central,Rural,None,Agriculture,Informal,39245.02,1
39f1f035,54,Female,North Central,Urban,None,Trade/Services,Informal,96321.8,1
02b31abe,5,Male,North West,Rural,None,None,Not in Labor Force,0.0,1
57624c72,22,Female,South West,Rural,Tertiary,Professional,Wage-employed,147342.5,0
4fc0bd0a,29,Male,South South,Urban,Primary,Informal,Informal,58197.17,1
ed5aa705,12,Female,North East,Urban,Primary,Student,Not in Labor Force,0.0,1
afebb75b,21,Female,South West,Rural,None,Agriculture,Informal,50104.85,1
33d67347,2,Female,North East,Rural,None,None,Not in Labor Force,0.0,1
ba803f08,54,Female,South South,Urban,Secondary,Trade/Services,Self-employed,144940.17,0
350e5ddb,9,Female,South South,Rural,Primary,Student,Not in Labor Force,0.0,1
95d9d1ef,31,Female,North West,Urban,Secondary,Informal,Self-employed,564625.57,0
3366bfd8,0,Female,South South,Urban,None,None,Not in Labor Force,0.0,1
93c7cf70,59,Male,North West,Rural,Tertiary,Professional,Wage-employed,1377686.01,0
442435bd,12,Female,North West,Rural,None,Student,Not in Labor Force,0.0,1
af5a9932,9,Male,South West,Urban,Primary,Student,Not in Labor Force,0.0,1
1f5899eb,27,Male,North East,Urban,Tertiary,Manufacturing,Wage-employed,317190.24,0
6e0f3c17,62,Male,North Central,Rural,Secondary,Manufacturing,Self-employed,239847.73,0
bc187825,12,Male,South West,Urban,Tertiary,Student,Not in Labor Force,0.0,1
21005a27,8,Male,North West,Rural,Primary,Student,Not in Labor Force,0.0,1
59616836,56,Female,North East,Rural,Primary,Informal,Informal,30776.55,1
884f6da4,20,Male,North Central,Rural,Secondary,Trade/Services,Self-employed,125437.92,0
d846531d,19,Female,North East,Urban,None,Trade/Services,Informal,53562.73,1
1bfb7ea7,1,Male,North West,Rural,None,None,Not in Labor Force,0.0,1
8b252329,25,Male,North West,Urban,Secondary,Informal,Self-employed,101663.34,0
7100bec3,8,Male,South East,Rural,None,Student,Not in Labor Force,0.0,1
aa8bc6fb,5,Male,South South,Rural,None,None,Not in Labor Force,0.0,1
b03194de,54,Female,North West,Rural,None,Agriculture,Informal,295509.34,0
3d8ddf3d,55,Female,North West,Rural,Secondary,Informal,Self-employed,78261.42,1
1beb977d,23,Male,South West,Urban,Secondary,Manufacturing,Self-employed,90227.96,1
58efa6e4,7,Male,South South,Rural,Primary,Student,Not in Labor Force,0.0,1
96a4fbe9,58,Female,North East,Rural,Secondary,Manufacturing,Self-employed,54165.94,1
b99b1535,9,Male,South South,Rural,Primary,Student,Not in Labor Force,0.0,1
e42fea45,72,Male,North Central,Rural,Secondary,Retired/None,Not in Labor Force,0.0,1
70a94ba3,2,Female,South South,Urban,None,None,Not in Labor Force,0.0,1
3e5836b1,12,Male,North West,Rural,Primary,Student,Not in Labor Force,0.0,1
a79834b6,2,Female,South South,Urban,None,None,Not in Labor Force,0.0,1
ef3dfac7,48,Female,North Central,Urban,None,Informal,Informal,50941.84,1
935f67ae,0,Male,South South,Rural,None,None,Not in Labor Force,0.0,1
2de8ab9f,30,Male,North Central,Urban,Primary,Trade/Services,Informal,34438.57,1
dfcad0ac,3,Female,North Central,Urban,None,None,Not in Labor Force,0.0,1
c77e4778,32,Male,South East,Urban,Secondary,Manufacturing,Self-employed,152315.73,0
4305efc9,13,Female,South West,Urban,Primary,Student,Not in Labor Force,0.0,1
be960b6f,44,Female,South West,Urban,Tertiary,Professional,Wage-employed,452670.83,0
e667c5c7,16,Male,North Central,Rural,None,Agriculture,Informal,73323.05,1
e37589ed,12,Female,South East,Rural,Tertiary,Student,Not in Labor Force,0.0,1
67a95426,91,Male,South South,Urban,Tertiary,Retired/None,Not in Labor Force,0.0,1
bd8b245e,31,Male,North West,Urban,Primary,Trade/Services,Informal,80269.44,1
b9b93265,45,Female,South West,Urban,None,Informal,Informal,57501.84,1
8469192e,29,Female,South South,Rural,Secondary,Manufacturing,Self-employed,66562.27,1
4892f5c6,8,Female,South West,Urban,Primary,Student,Not in Labor Force,0.0,1
1a633a28,13,Male,South East,Urban,Secondary,Student,Not in Labor Force,0.0,1
72e318d3,3,Female,South South,Urban,None,None,Not in Labor Force,0.0,1
32120e2f,4,Male,South East,Urban,None,None,Not in Labor Force,0.0,1
6dc5c548,6,Female,South West,Urban,Primary,Student,Not in Labor Force,0.0,1
a9eadf7b,1,Female,South South,Rural,None,None,Not in Labor Force,0.0,1
149ca681,7,Female,South South,Rural,Primary,Student,Not in Labor Force,0.0,1
5d8a8474,25,Female,South East,Urban,Tertiary,Manufacturing,Wage-employed,440383.93,0
f0711029,1,Female,North West,Rural,None,None,Not in Labor Force,0.0,1
b7e9eb0f,10,Female,North West,Rural,None,Student,Not in Labor Force,0.0,1
61047f87,40,Female,South West,Urban,Secondary,Informal,Self-employed,129196.7,0
86302f82,4,Female,South West,Urban,None,None,Not in Labor Force,0.0,1
8167dc93,12,Female,North East,Rural,None,Student,Not in Labor Force,0.0,1
f0f1e25e,11,Female,North West,Urban,Primary,Student,Not in Labor Force,0.0,1
01f2c33a,64,Female,North East,Urban,Tertiary,Professional,Wage-employed,273358.74,0
4734c3ec,16,Male,South East,Rural,Primary,Agriculture,Informal,50414.82,1
60a894ae,3,Male,South South,Urban,None,None,Not in Labor Force,0.0,1
05312556,18,Female,South South,Rural,None,Informal,Informal,150793.9,0
bb09d2e2,27,Male,North East,Rural,None,Agriculture,Informal,195263.18,0
f5b184be,38,Female,North East,Rural,None,Agriculture,Informal,52462.88,1
8fe33b39,62,Male,North Central,Rural,None,Agriculture,Informal,38550.83,1
cf73d8bf,52,Male,North East,Rural,Primary,Agriculture,Informal,58345.66,1
1593fe16,9,Female,South West,Urban,Primary,Student,Not in Labor Force,0.0,1
b771143a,7,Female,North East,Urban,Primary,Student,Not in Labor Force,0.0,1
c8483e8d,62,Male,North West,Rural,Primary,Agriculture,Informal,118365.08,0
3f0c4ada,59,Female,North Central,Urban,Primary,Informal,Informal,78731.35,1
8c734b9a,43,Female,North West,Urban,Secondary,Informal,Self-employed,164893.37,0
2b1b84cb,50,Male,North West,Urban,Primary,Trade/Services,Informal,54474.05,1
9fa4b001,66,Male,North Central,Rural,None,Agriculture,Informal,29732.21,1
9503e7c5,14,Male,North West,Rural,None,Student,Not in Labor Force,0.0,1
5c9bad54,55,Male,North Central,Rural,None,Agriculture,Informal,94554.54,1
f191f355,32,Male,North East,Rural,None,Agriculture,Informal,67299.41,1
06e61b3e,81,Male,South West,Rural,None,Retired/None,Not in Labor Force,0.0,1
3a6cdbde,72,Male,South South,Urban,Tertiary,Retired/None,Not in Labor Force,0.0,1
cb0b564f,29,Female,North Central,Urban,Tertiary,Trade/Services,Wage-employed,593327.33,0
ea483fbd,8,Female,South West,Urban,Primary,Student,Not in Labor Force,0.0,1
41183126,31,Female,South South,Urban,Secondary,Informal,Self-employed,47739.96,1
e6dc89d7,6,Male,North East,Urban,Primary,Student,Not in Labor Force,0.0,1
52fd7d14,16,Female,North West,Urban,Tertiary,Trade/Services,Wage-employed,1202106.2,0
249f3a94,20,Female,North East,Urban,None,Informal,Informal,94029.9,1
9671e9d3,12,Female,North Central,Rural,Primary,Student,Not in Labor Force,0.0,1
462c1ef6,41,Female,South West,Urban,Secondary,Trade/Services,Self-employed,45055.96,1
ea05767c,51,Female,North West,Rural,Primary,Agriculture,Informal,108244.17,0
e543c684,63,Female,South South,Urban,Primary,Informal,Informal,64599.81,1
cb9eac0d,1,Female,North West,Urban,None,None,Not in Labor Force,0.0,1
5e37ba40,32,Male,South South,Rural,Primary,Agriculture,Informal,60980.22,1
d6c44be6,56,Male,South South,Urban,None,Informal,Informal,60679.82,1
4e08ab7d,24,Male,South South,Urban,Primary,Trade/Services,Informal,76211.09,1
9e5db8b8,5,Male,South East,Urban,None,None,Not in Labor Force,0.0,1
54c9a2de,58,Male,North West,Rural,Primary,Agriculture,Informal,58191.11,1
ea31a205,31,Female,South West,Urban,Secondary,Informal,Self-employed,48920.79,1
b430bc64,10,Male,North West,Rural,None,Student,Not in Labor Force,0.0,1
fc95a4a9,12,Female,South South,Urban,Primary,Student,Not in Labor Force,0.0,1
f3b042c1,3,Female,North East,Rural,None,None,Not in Labor Force,0.0,1
60e20a23,62,Male,North East,Rural,None,Informal,Informal,100655.32,0
17568775,56,Male,South South,Rural,Tertiary,Trade/Services,Wage-employed,317337.46,0
7192d1b3,41,Male,North West,Rural,Secondary,Trade/Services,Self-employed,129018.84,0
85b1534b,4,Female,North West,Urban,None,None,Not in Labor Force,0.0,1
3e37b96f,16,Female,North Central,Urban,Secondary,Trade/Services,Self-employed,217416.59,0
96f97681,1,Male,South West,Urban,None,None,Not in Labor Force,0.0,1
ac5cbbc8,14,Female,South West,Urban,Secondary,Student,Not in Labor Force,0.0,1
87b9f785,37,Female,South West,Urban,Tertiary,Trade/Services,Wage-employed,430419.56,0
371583dd,6,Male,South South,Urban,Primary,Student,Not in Labor Force,0.0,1
1b729b89,52,Female,North West,Rural,Primary,Agriculture,Informal,73032.23,1
c72ac773,0,Female,North Central,Urban,None,None,Not in Labor Force,0.0,1
d3a88392,26,Male,South West,Urban,Secondary,Informal,Self-employed,55146.39,1
a3389902,12,Female,South West,Urban,Secondary,Student,Not in Labor Force,0.0,1
6d07ce77,26,Male,North Central,Urban,None,Trade/Services,Informal,49107.95,1
1a2242e8,2,Male,North West,Rural,None,None,Not in Labor Force,0.0,1
8f4114f2,8,Male,North West,Rural,Primary,Student,Not in Labor Force,0.0,1
f12c761d,24,Female,North West,Rural,None,Agriculture,Informal,63007.4,1
232849c2,0,Female,North East,Rural,None,None,Not in Labor Force,0.0,1
9d0dacac,64,Male,North West,Rural,None,Agriculture,Informal,66931.36,1
74f7e912,72,Male,North Central,Rural,None,Retired/None,Not in Labor Force,0.0,1
b62ab35a,6,Male,North West,Rural,None,Student,Not in Labor Force,0.0,1
b7ed2565,8,Female,South East,Urban,Primary,Student,Not in Labor Force,0.0,1
45256b19,24,Male,South South,Urban,Secondary,Informal,Self-employed,169468.86,0
a71e31d1,76,Female,North East,Rural,Secondary,Retired/None,Not in Labor Force,0.0,1
b044329c,29,Female,North Central,Urban,Primary,Trade/Services,Informal,187892.96,0
6b71c596,45,Female,South South,Rural,Secondary,Trade/Services,Self-employed,93290.6,1
d102c43c,29,Male,North Central,Urban,Primary,Trade/Services,Informal,100482.2,0
b32a75d0,11,Male,South South,Rural,Primary,Student,Not in Labor Force,0.0,1
550060f1,68,Male,North West,Rural,Primary,Agriculture,Informal,62031.31,1
ba7bf229,68,Female,South South,Urban,None,Informal,Informal,69575.49,1
a30841f8,6,Female,North Central,Rural,Primary,Student,Not in Labor Force,0.0,1
8cd6de71,0,Female,North West,Rural,None,None,Not in Labor Force,0.0,1
39c9ee80,9,Male,South South,Urban,Primary,Student,Not in Labor Force,0.0,1
60a6b854,11,Female,South South,Urban,Primary,Student,Not in Labor Force,0.0,1
ad2478b5,48,Male,North East,Rural,None,Agriculture,Informal,52759.6,1
53b92c5b,14,Male,South South,Rural,Tertiary,Student,Not in Labor Force,0.0,1
77dc2249,0,Female,North West,Urban,None,None,Not in Labor Force,0.0,1
8a814a65,6,Male,South West,Urban,None,Student,Not in Labor Force,0.0,1
0122badc,70,Female,North West,Urban,Primary,Trade/Services,Informal,50484.85,1
272b158e,58,Female,North West,Rural,None,Agriculture,Informal,55814.77,1
edc9cb4c,2,Female,South East,Urban,None,None,Not in Labor Force,0.0,1
84994a5a,0,Male,North East,Urban,None,None,Not in Labor Force,0.0,1
de07249a,92,Male,North West,Urban,Tertiary,Retired/None,Not in Labor Force,0.0,1
bab6a30d,35,Male,North Central,Rural,Primary,Informal,Informal,52505.46,1
089148cd,9,Male,North West,Rural,Primary,Student,Not in Labor Force,0.0,1
0275ca82,13,Female,South West,Urban,Tertiary,Student,Not in Labor Force,0.0,1
a33d4def,3,Female,North West,Urban,None,None,Not in Labor Force,0.0,1
0f96edee,4,Male,South East,Rural,None,None,Not in Labor Force,0.0,1
9e12286f,47,Female,North East,Urban,Tertiary,Manufacturing,Wage-employed,365486.76,0
1fbfce2e,15,Female,North East,Urban,Primary,Trade/Services,Informal,28420.3,1
af1de275,20,Male,North East,Rural,None,Informal,Informal,56423.18,1
5f80a7e8,51,Male,South West,Rural,Primary,Agriculture,Informal,35375.26,1
33f9ba34,16,Male,North West,Rural,Secondary,Trade/Services,Self-employed,95119.45,1
2b9ca6c7,19,Female,North Central,Rural,Secondary,Trade/Services,Self-employed,51181.75,1
c20d325b,40,Female,North East,Urban,Secondary,Unemployed,Self-employed,137304.47,0
db65db55,8,Female,South South,Rural,None,Student,Not in Labor Force,0.0,1
fc9e794e,2,Male,North West,Urban,None,None,Not in Labor Force,0.0,1
637d0c54,61,Female,South East,Urban,Tertiary,Trade/Services,Wage-employed,334977.72,0
7c23ac17,12,Male,North West,Urban,Primary,Student,Not in Labor Force,0.0,1
9c479fab,11,Female,North West,Rural,Primary,Student,Not in Labor Force,0.0,1
e5b1462e,19,Female,North West,Rural,Secondary,Trade/Services,Self-employed,67794.15,1
0c029cf2,66,Male,North West,Urban,Secondary,Unemployed,Self-employed,158514.65,0
91fae3eb,18,Female,North Central,Urban,Secondary,Trade/Services,Self-employed,166922.62,0
47c797e4,41,Female,South South,Rural,Secondary,Trade/Services,Self-employed,95837.97,1
f205d080,64,Female,North West,Rural,Primary,Agriculture,Informal,84227.18,1
561dd6d1,24,Male,North Central,Rural,None,Informal,Informal,46724.4,1
65b32128,27,Male,North East,Urban,Secondary,Manufacturing,Self-employed,169392.07,0
399279e6,58,Female,North East,Rural,None,Informal,Informal,58376.33,1
855a751b,1,Female,North East,Rural,None,None,Not in Labor Force,0.0,1
4ca0a984,40,Male,South South,Rural,Tertiary,Manufacturing,Wage-employed,162820.07,0
8873b7a9,29,Female,North West,Urban,Tertiary,Professional,Wage-employed,247505.64,0
6e826111,13,Male,South East,Urban,Secondary,Student,Not in Labor Force,0.0,1
f511c8f2,8,Female,North East,Urban,Primary,Student,Not in Labor Force,0.0,1
cfb835b8,9,Male,North East,Rural,None,Student,Not in Labor Force,0.0,1
106c0d5e,5,Male,North Central,Urban,None,None,Not in Labor Force,0.0,1
45c6cff1,54,Male,North East,Rural,Primary,Agriculture,Informal,120480.24,0
9e6fde14,8,Male,North West,Urban,Primary,Student,Not in Labor Force,0.0,1
766de523,14,Female,North West,Rural,None,Student,Not in Labor Force,0.0,1
11b638b6,27,Female,North East,Rural,None,Agriculture,Informal,154168.81,0
2125d9ee,7,Male,South East,Rural,Primary,Student,Not in Labor Force,0.0,1
31790f0d,35,Male,North West,Rural,None,Informal,Informal,91853.69,1
c20ac9fe,4,Female,South West,Urban,None,None,Not in Labor Force,0.0,1
126a9328,36,Male,North East,Urban,Primary,Informal,Informal,56958.99,1
33b4f7d5,60,Female,South South,Urban,Secondary,Trade/Services,Self-employed,313838.59,0
83c3d041,47,Female,North Central,Urban,Secondary,Manufacturing,Self-employed,192438.02,0
5cbcae26,12,Female,North West,Urban,Primary,Student,Not in Labor Force,0.0,1
063a04c5,41,Female,South South,Rural,Primary,Agriculture,Informal,73232.02,1
e4358490,7,Male,North West,Urban,None,Student,Not in Labor Force,0.0,1
08cfb710,1,Female,South West,Rural,None,None,Not in Labor Force,0.0,1
f68bb90d,5,Female,South West,Urban,None,None,Not in Labor Force,0.0,1
2c1648fb,44,Male,North East,Urban,Secondary,Informal,Self-employed,402473.99,0
8f6d19bf,23,Female,South South,Urban,None,Informal,Informal,48243.42,1
97d9970d,59,Female,South East,Urban,None,Trade/Services,Informal,128513.8,0
34f9cbd6,2,Male,South East,Urban,None,None,Not in Labor Force,0.0,1
b30fb8ac,1,Male,South South,Rural,None,None,Not in Labor Force,0.0,1
1091e6ac,56,Female,North Central,Urban,Primary,Informal,Informal,49574.88,1
7b695b4b,19,Male,North West,Urban,None,Trade/Services,Informal,56163.48,1
85d1582d,41,Male,South East,Rural,None,Informal,Informal,285283.0,0
5c86844e,8,Male,North East,Rural,Primary,Student,Not in Labor Force,0.0,1
d48cc291,20,Male,North West,Rural,Secondary,Informal,Self-employed,133441.45,0
fec7f27f,46,Male,North Central,Rural,Secondary,Informal,Self-employed,299393.0,0
4647c9bc,7,Female,South South,Urban,Primary,Student,Not in Labor Force,0.0,1
dd13b8c1,7,Male,North West,Urban,Primary,Student,Not in Labor Force,0.0,1
1b7d2b6a,53,Female,South East,Urban,Secondary,Trade/Services,Self-employed,184637.27,0
65045e27,35,Male,North Central,Rural,None,Agriculture,Informal,76225.55,1
12f75038,1,Male,North West,Rural,None,None,Not in Labor Force,0.0,1
54174d44,13,Male,South East,Urban,Secondary,Student,Not in Labor Force,0.0,1
b7a9d08d,29,Male,South South,Urban,Secondary,Informal,Self-employed,91522.62,1
b47cd1c4,56,Male,North East,Urban,Primary,Informal,Informal,145313.01,0
28d1856f,40,Female,North East,Urban,Primary,Informal,Informal,82058.37,1
5a9860f1,58,Female,North East,Rural,Secondary,Trade/Services,Self-employed,103599.29,0
c6640c4d,6,Male,South East,Urban,Primary,Student,Not in Labor Force,0.0,1
8c9218e1,42,Male,North West,Urban,Secondary,Trade/Services,Self-employed,113928.16,0
ce7728e8,11,Male,North West,Urban,Primary,Student,Not in Labor Force,0.0,1
201b18e0,71,Female,South West,Urban,Secondary,Retired/None,Not in Labor Force,0.0,1
39d1c7d1,57,Female,North Central,Rural,Tertiary,Professional,Wage-employed,279158.0,0
3a1fff8b,46,Male,North East,Rural,Primary,Agriculture,Informal,60776.41,1
134f0545,27,Male,South South,Rural,Primary,Agriculture,Informal,64455.4,1
21a1a5e1,29,Female,South South,Urban,Secondary,Trade/Services,Self-employed,129258.38,0
0ca78a1d,32,Male,South South,Urban,Secondary,Informal,Self-employed,52359.64,1
211adfc7,53,Female,North East,Rural,Secondary,Informal,Self-employed,136648.22,0
c7b4a098,20,Male,South South,Urban,Secondary,Trade/Services,Self-employed,123770.93,0
948dee68,25,Female,South West,Urban,Secondary,Unemployed,Self-employed,18207.87,1
0f3fa7ae,46,Female,North West,Rural,Primary,Agriculture,Informal,23092.64,1
75f94f80,7,Female,South West,Urban,None,Student,Not in Labor Force,0.0,1
b5e2ea16,34,Female,North West,Urban,Primary,Informal,Informal,60835.35,1
0eef6a8a,0,Male,South West,Rural,None,None,Not in Labor Force,0.0,1
428c9950,54,Male,South West,Urban,Secondary,Unemployed,Self-employed,286977.12,0
b9447edd,7,Male,South East,Rural,Primary,Student,Not in Labor Force,0.0,1
d3ceb06c,49,Female,North West,Urban,Primary,Trade/Services,Informal,116381.55,0
7995b15f,19,Female,South West,Urban,None,Informal,Informal,53514.57,1
ccada612,49,Male,North West,Rural,None,Informal,Informal,53400.76,1
8910fe2e,61,Male,South South,Urban,None,Trade/Services,Informal,156799.92,0
9f4c3c5a,13,Female,South West,Rural,Secondary,Student,Not in Labor Force,0.0,1
09bc2610,4,Female,North West,Rural,None,None,Not in Labor Force,0.0,1
770dbff8,14,Female,North West,Urban,Secondary,Student,Not in Labor Force,0.0,1
b33aa85a,38,Male,South West,Rural,None,Informal,Informal,41365.41,1
194aab82,31,Male,North Central,Urban,None,Informal,Informal,42126.27,1
fc144c2b,32,Male,South West,Urban,Tertiary,Professional,Wage-employed,678967.91,0
b105908b,1,Female,North East,Rural,None,None,Not in Labor Force,0.0,1
f9597dbd,11,Female,South West,Urban,Primary,Student,Not in Labor Force,0.0,1
daf8331f,3,Female,North West,Urban,None,None,Not in Labor Force,0.0,1
deef7b80,39,Female,North Central,Rural,None,Agriculture,Informal,116966.31,0
5191dcc2,48,Female,South South,Urban,Secondary,Trade/Services,Self-employed,92694.29,1
f2718920,11,Female,South West,Urban,Primary,Student,Not in Labor Force,0.0,1
7d5498ff,60,Female,North West,Rural,Secondary,Manufacturing,Self-employed,132265.65,0
6b25f8ed,10,Female,South South,Rural,Primary,Student,Not in Labor Force,0.0,1
0903eb20,77,Male,North West,Urban,None,Retired/None,Not in Labor Force,0.0,1
367c1824,45,Female,South West,Urban,Secondary,Trade/Services,Self-employed,130045.55,0
393b25b7,11,Male,North Central,Urban,None,Student,Not in Labor Force,0.0,1
7442be77,39,Male,North East,Urban,Secondary,Trade/Services,Self-employed,93489.06,1
acc842a1,6,Female,North West,Rural,Primary,Student,Not in Labor Force,0.0,1
f5fd84e6,74,Female,North West,Rural,None,Retired/None,Not in Labor Force,0.0,1
bb2aff13,7,Female,South South,Rural,None,Student,Not in Labor Force,0.0,1
f3a53995,15,Male,South South,Rural,None,Informal,Informal,120721.24,0
b51c998c,12,Female,North Central,Rural,None,Student,Not in Labor Force,0.0,1
bc60554b,39,Female,North West,Urban,Primary,Informal,Informal,54264.08,1
41635cb9,42,Male,South South,Urban,Tertiary,Professional,Wage-employed,630079.9,0
2782fc1e,50,Female,North Central,Urban,None,Informal,Informal,84191.21,1
4e838b6c,32,Male,North Central,Rural,None,Informal,Informal,53987.19,1
dfdfe6a8,20,Male,North Central,Rural,None,Agriculture,Informal,42910.18,1
568dca3f,1,Female,North East,Rural,None,None,Not in Labor Force,0.0,1
12b8722f,2,Male,North Central,Urban,None,None,Not in Labor Force,0.0,1
f760afbe,13,Male,South West,Urban,Tertiary,Student,Not in Labor Force,0.0,1
45ae43dd,72,Male,North Central,Rural,None,Retired/None,Not in Labor Force,0.0,1
d1c4df7f,14,Male,South South,Urban,Primary,Student,Not in Labor Force,0.0,1
5249ff6f,62,Male,North East,Rural,None,Informal,Informal,33124.58,1
8880586a,33,Male,South West,Urban,Primary,Informal,Informal,69567.91,1
50d39557,1,Male,North East,Rural,None,None,Not in Labor Force,0.0,1
50159689,5,Male,South East,Urban,None,None,Not in Labor Force,0.0,1
a42b2de8,13,Male,North West,Urban,None,Student,Not in Labor Force,0.0,1
a7568fb0,2,Male,North West,Rural,None,None,Not in Labor Force,0.0,1
a1b9ab71,0,Female,South East,Urban,None,None,Not in Labor Force,0.0,1
1b4504f8,11,Female,North West,Rural,Primary,Student,Not in Labor Force,0.0,1
54b57b88,44,Male,South West,Rural,Primary,Agriculture,Informal,44026.59,1
0e80695a,95,Female,South South,Urban,Primary,Retired/None,Not in Labor Force,0.0,1
8bd5d791,14,Female,North Central,Urban,None,Student,Not in Labor Force,0.0,1
a8bc29c3,13,Female,North West,Rural,None,Student,Not in Labor Force,0.0,1
6150b087,2,Male,North East,Rural,None,None,Not in Labor Force,0.0,1
0bc04086,33,Female,South East,Urban,Tertiary,Professional,Wage-employed,423161.79,0
590f1b6d,23,Male,North East,Urban,Primary,Trade/Services,Informal,39400.35,1
201b27de,6,Male,South West,Rural,Primary,Student,Not in Labor Force,0.0,1
f524f8c2,13,Male,South East,Rural,Secondary,Student,Not in Labor Force,0.0,1
76b5a29e,51,Male,North Central,Rural,None,Agriculture,Informal,54665.88,1
34170256,64,Female,South East,Urban,Primary,Trade/Services,Informal,103112.69,0
b1ca59c3,14,Female,North East,Rural,Primary,Student,Not in Labor Force,0.0,1
36c5fac1,55,Female,North Central,Rural,Primary,Agriculture,Informal,39976.04,1
27ddbbb4,4,Male,South West,Urban,None,None,Not in Labor Force,0.0,1
6726fab0,6,Male,North West,Rural,Primary,Student,Not in Labor Force,0.0,1
1ba6405b,23,Male,North East,Rural,Secondary,Manufacturing,Self-employed,153981.76,0
5f60ec25,18,Male,South West,Rural,Secondary,Trade/Services,Self-employed,164347.62,0
ea811f8e,8,Female,South West,Rural,None,Student,Not in Labor Force,0.0,1
384a823a,63,Female,North Central,Rural,Secondary,Informal,Self-employed,47844.45,1
43aafb0a,11,Female,South East,Rural,Primary,Student,Not in Labor Force,0.0,1
f03dbb6d,20,Female,North Central,Rural,None,Agriculture,Informal,37985.38,1
41c39e87,32,Male,South South,Urban,Secondary,Manufacturing,Self-employed,59619.8,1
e91c2f22,54,Male,South West,Urban,Secondary,Unemployed,Self-employed,171759.01,0
40a6b8cf,35,Male,North East,Rural,Tertiary,Manufacturing,Wage-employed,320208.24,0
767f8e93,14,Male,North East,Rural,None,Student,Not in Labor Force,0.0,1
b38e56d5,17,Female,South West,Urban,Secondary,Trade/Services,Self-employed,50986.89,1
fafc0042,16,Male,South South,Rural,Secondary,Informal,Self-employed,66754.22,1
2e16f87f,55,Male,North West,Urban,Secondary,Informal,Self-employed,160330.58,0
149b7d9b,7,Female,North Central,Rural,Primary,Student,Not in Labor Force,0.0,1
22b7169f,18,Female,North West,Rural,Secondary,Trade/Services,Self-employed,105637.76,0
eb62bbc8,46,Male,North East,Rural,None,Agriculture,Informal,123759.1,0
c3618b0d,1,Female,South West,Rural,None,None,Not in Labor Force,0.0,1
f7799b05,60,Male,North West,Rural,None,Agriculture,Informal,29996.87,1
38f35983,12,Female,South West,Rural,None,Student,Not in Labor Force,0.0,1
7438f872,1,Male,South South,Rural,None,None,Not in Labor Force,0.0,1
a1575130,48,Male,South South,Urban,Primary,Trade/Services,Informal,80391.36,1
661f1346,41,Female,North West,Urban,Secondary,Unemployed,Self-employed,73053.26,1
a58f9a27,53,Male,South West,Rural,Primary,Informal,Informal,63965.05,1
93c3e1de,11,Female,South South,Rural,Primary,Student,Not in Labor Force,0.0,1
5b479167,70,Female,North West,Urban,Primary,Trade/Services,Informal,72501.87,1
52bf452f,1,Male,North Central,Urban,None,None,Not in Labor Force,0.0,1
e0348161,3,Female,South South,Urban,None,None,Not in Labor Force,0.0,1
0c2edb0d,2,Female,North West,Rural,None,None,Not in Labor Force,0.0,1
b9dd866d,41,Male,South South,Rural,None,Informal,Informal,70477.92,1
a6e5e38b,59,Female,North Central,Urban,None,Trade/Services,Informal,63228.39,1
6f5df3b6,34,Female,North West,Urban,Secondary,Trade/Services,Self-employed,210532.78,0
56ccf9fb,35,Female,North Central,Rural,None,Agriculture,Informal,38995.13,1
da6d82f5,6,Female,North East,Urban,Primary,Student,Not in Labor Force,0.0,1
0d54ceb3,44,Female,North East,Rural,None,Agriculture,Informal,32559.9,1
98770527,39,Female,North Central,Urban,Secondary,Trade/Services,Self-employed,152532.81,0
1ee76ac5,45,Female,North Central,Rural,None,Informal,Informal,182101.94,0
135e9f32,10,Male,North Central,Urban,Primary,Student,Not in Labor Force,0.0,1
f9a94a6d,48,Male,North West,Urban,Primary,Trade/Services,Informal,32441.94,1
f78bf5f5,22,Male,South East,Urban,Secondary,Informal,Self-employed,67055.01,1
a6ffc572,33,Female,North Central,Rural,Primary,Agriculture,Informal,68798.15,1
44ad62d8,55,Female,South East,Rural,Primary,Agriculture,Informal,117751.89,0
62a84eb4,9,Male,South East,Urban,Primary,Student,Not in Labor Force,0.0,1
fcf3eb48,42,Male,North East,Rural,Primary,Informal,Informal,71959.64,1
249e2375,3,Male,North West,Urban,None,None,Not in Labor Force,0.0,1
195058f2,45,Male,South South,Rural,Primary,Agriculture,Informal,41572.82,1
d1e3bd60,30,Female,South East,Urban,Tertiary,Trade/Services,Wage-employed,515131.4,0
1bd0c7f5,2,Female,North West,Rural,None,None,Not in Labor Force,0.0,1
5818e997,74,Female,South West,Urban,Secondary,Retired/None,Not in Labor Force,0.0,1
db92e395,52,Male,North West,Rural,None,Agriculture,Informal,81617.52,1
dcca52b0,9,Female,North West,Rural,Primary,Student,Not in Labor Force,0.0,1
88b482c7,59,Female,North Central,Urban,None,Trade/Services,Informal,53738.57,1
feb9e9aa,8,Female,North West,Urban,None,Student,Not in Labor Force,0.0,1
a83cf46a,53,Female,South South,Rural,Primary,Agriculture,Informal,98214.32,0
bcdbd3d7,50,Male,South South,Rural,Primary,Agriculture,Informal,58646.9,1
fdd3bf6d,83,Male,South West,Urban,Tertiary,Retired/None,Not in Labor Force,0.0,1
d992932f,50,Female,North West,Rural,None,Agriculture,Informal,20956.03,1
3a4849b2,33,Female,North East,Rural,Primary,Agriculture,Informal,55221.18,1
8453f087,33,Female,North East,Urban,None,Informal,Informal,57443.8,1
8e75a7a4,11,Male,North Central,Rural,Primary,Student,Not in Labor Force,0.0,1
150ca20a,27,Female,North West,Urban,Primary,Informal,Informal,176828.41,0
677d79cf,39,Male,South West,Urban,Secondary,Trade/Services,Self-employed,60031.77,1
e7dfd3bb,3,Female,North Central,Rural,None,None,Not in Labor Force,0.0,1
7a2b9244,8,Female,South South,Rural,Primary,Student,Not in Labor Force,0.0,1
8b591748,42,Female,South South,Rural,Secondary,Informal,Self-employed,73874.72,1
8da02ca9,56,Female,South West,Urban,Secondary,Unemployed,Self-employed,155488.04,0
312abb84,4,Male,South West,Urban,None,None,Not in Labor Force,0.0,1
609ac692,6,Male,North West,Rural,None,Student,Not in Labor Force,0.0,1
0fdc5f1c,13,Male,North West,Urban,Secondary,Student,Not in Labor Force,0.0,1
15b78202,19,Male,South South,Urban,Secondary,Trade/Services,Self-employed,568878.96,0
65034255,0,Female,South West,Rural,None,None,Not in Labor Force,0.0,1
c1fff472,32,Male,North West,Urban,None,Informal,Informal,261177.28,0
f64e1831,10,Female,South West,Urban,Primary,Student,Not in Labor Force,0.0,1
f5da1de9,61,Male,South South,Urban,Secondary,Trade/Services,Self-employed,129684.19,0
d42f424e,4,Female,North East,Rural,None,None,Not in Labor Force,0.0,1
11b3473f,36,Female,North West,Rural,None,Informal,Informal,73834.07,1
ec5f4390,6,Male,South South,Urban,Primary,Student,Not in Labor Force,0.0,1
a6857a44,64,Male,North Central,Rural,Secondary,Trade/Services,Self-employed,141660.82,0
645c2eca,9,Male,North Central,Urban,Primary,Student,Not in Labor Force,0.0,1
595894e9,20,Female,North East,Urban,Primary,Trade/Services,Informal,44026.13,1
a77371ab,64,Female,South South,Rural,Secondary,Informal,Self-employed,99318.33,0
4cd0a3db,1,Male,South East,Urban,None,None,Not in Labor Force,0.0,1
1545c6f5,15,Female,North Central,Urban,Secondary,Informal,Self-employed,300658.56,0
4d253819,44,Male,North West,Rural,Primary,Agriculture,Informal,65183.92,1
b9e1dadb,9,Female,North Central,Urban,None,Student,Not in Labor Force,0.0,1
c2db76ef,10,Male,North West,Rural,Primary,Student,Not in Labor Force,0.0,1
27930fc4,3,Female,North West,Rural,None,None,Not in Labor Force,0.0,1
0cd56458,51,Female,North East,Urban,Secondary,Informal,Self-employed,429287.82,0
1234985e,62,Female,North West,Urban,Secondary,Unemployed,Self-employed,101988.65,0
c0890e51,6,Male,South South,Urban,Primary,Student,Not in Labor Force,0.0,1
088a308f,15,Male,North West,Urban,Secondary,Informal,Self-employed,126349.67,0
028db57d,33,Female,North Central,Urban,Primary,Informal,Informal,77001.42,1
21820cf2,60,Male,North West,Rural,Primary,Informal,Informal,27424.54,1
15ba85fc,17,Male,South West,Rural,Primary,Informal,Informal,116259.82,0
00344eaa,16,Female,North West,Urban,Secondary,Informal,Self-employed,109070.73,0
6ca22f81,51,Male,North Central,Rural,None,Informal,Informal,69903.4,1
760242ac,0,Male,South East,Urban,None,None,Not in Labor Force,0.0,1
ab2b1c9a,42,Female,South South,Rural,Tertiary,Trade/Services,Wage-employed,207103.56,0
c1db227d,32,Male,South West,Urban,Tertiary,Professional,Wage-employed,1127031.78,0
74761b2f,47,Male,North West,Urban,Tertiary,Professional,Wage-employed,838687.62,0
981e0f7d,29,Female,North West,Rural,None,Agriculture,Informal,62007.5,1
5109b2b0,36,Female,South West,Urban,Primary,Trade/Services,Informal,38773.16,1
ff4eaff7,55,Male,North West,Rural,Secondary,Informal,Self-employed,154256.36,0
df29d6cd,10,Female,North Central,Urban,Primary,Student,Not in Labor Force,0.0,1
927ee177,6,Female,South South,Urban,Primary,Student,Not in Labor Force,0.0,1
ac1d860f,51,Male,South East,Rural,Secondary,Informal,Self-employed,189053.52,0
915a9eec,46,Male,South East,Rural,Tertiary,Trade/Services,Wage-employed,170009.84,0
9d09f1dc,11,Male,South South,Urban,Primary,Student,Not in Labor Force,0.0,1
d50d6aa8,59,Female,South West,Urban,Tertiary,Manufacturing,Wage-employed,367310.78,0
68bae3aa,33,Female,South West,Urban,Primary,Informal,Informal,84635.45,1
a467e918,11,Male,North East,Rural,Primary,Student,Not in Labor Force,0.0,1
7a9e6d5f,11,Female,South South,Urban,Primary,Student,Not in Labor Force,0.0,1
5ffdc5f6,7,Female,North East,Rural,None,Student,Not in Labor Force,0.0,1
2b072aad,24,Male,South West,Rural,Secondary,Trade/Services,Self-employed,189508.0,0
7180a0e8,3,Female,North East,Rural,None,None,Not in Labor Force,0.0,1
9db1ef68,8,Male,North West,Rural,Primary,Student,Not in Labor Force,0.0,1
453d36ad,35,Female,South West,Urban,Secondary,Informal,Self-employed,121685.25,0
328a9136,13,Female,North East,Rural,Secondary,Student,Not in Labor Force,0.0,1
c106b391,5,Female,South West,Urban,None,None,Not in Labor Force,0.0,1
4ebf159b,4,Female,South West,Urban,None,None,Not in Labor Force,0.0,1
90a13b3f,40,Female,North Central,Rural,None,Agriculture,Informal,106641.27,0
fef05a9d,58,Female,North West,Rural,Primary,Agriculture,Informal,37656.55,1
4382de06,10,Female,North Central,Urban,Primary,Student,Not in Labor Force,0.0,1
62a3a38d,21,Female,South East,Urban,Tertiary,Professional,Wage-employed,212509.79,0
36091d41,81,Female,North East,Rural,None,Retired/None,Not in Labor Force,0.0,1
50c54f6f,1,Male,North Central,Rural,None,None,Not in Labor Force,0.0,1
7a92de41,6,Female,North Central,Rural,None,Student,Not in Labor Force,0.0,1
9f1a0361,7,Female,South South,Rural,Primary,Student,Not in Labor Force,0.0,1
ce657638,34,Female,South West,Urban,Secondary,Informal,Self-employed,399877.16,0
b0f8beae,52,Female,North West,Rural,Primary,Agriculture,Informal,27242.53,1
28ccced9,10,Male,South South,Urban,Primary,Student,Not in Labor Force,0.0,1
13a8367e,58,Male,South East,Rural,Primary,Agriculture,Informal,38149.19,1
9adcffcf,9,Male,South East,Urban,Primary,Student,Not in Labor Force,0.0,1
ec067018,2,Female,North Central,Rural,None,None,Not in Labor Force,0.0,1
e98ea02b,41,Female,South East,Rural,None,Agriculture,Informal,95891.42,1
7d89055e,2,Female,North Central,Rural,None,None,Not in Labor Force,0.0,1
ae0cfae0,25,Male,South West,Rural,Primary,Agriculture,Informal,43547.52,1
577e5b9f,6,Female,South South,Urban,Primary,Student,Not in Labor Force,0.0,1
ec6b389c,26,Female,South South,Urban,Secondary,Manufacturing,Self-employed,95379.0,1
6c11313e,10,Female,North Central,Urban,Primary,Student,Not in Labor Force,0.0,1
f77a92d2,54,Male,South South,Urban,Secondary,Informal,Self-employed,118360.1,0
036b023f,2,Female,North West,Urban,None,None,Not in Labor Force,0.0,1
36a70421,16,Female,North West,Urban,Secondary,Trade/Services,Self-employed,36549.22,1
85fc1d34,11,Female,North Central,Rural,None,Student,Not in Labor Force,0.0,1
ae19d092,52,Female,South West,Urban,Secondary,Informal,Self-employed,261021.77,0
05a1f00f,3,Female,North West,Rural,None,None,Not in Labor Force,0.0,1
10acfe94,38,Male,North Central,Urban,Primary,Informal,Informal,89817.09,1
c443f682,12,Male,North West,Rural,Primary,Student,Not in Labor Force,0.0,1
e48808a6,14,Female,South West,Urban,Primary,Student,Not in Labor Force,0.0,1
11267ff4,60,Male,South South,Urban,None,Trade/Services,Informal,49668.97,1
65d6d8ca,1,Male,South West,Urban,None,None,Not in Labor Force,0.0,1
93a34f30,3,Male,North East,Rural,None,None,Not in Labor Force,0.0,1
49b931f2,32,Female,South South,Urban,Secondary,Informal,Self-employed,47582.38,1
13d3ca5e,78,Female,South West,Rural,Secondary,Retired/None,Not in Labor Force,0.0,1
a571f8f7,1,Male,South East,Rural,None,None,Not in Labor Force,0.0,1
b2e71e85,16,Female,South West,Urban,Tertiary,Professional,Wage-employed,176448.78,0
a8c91dff,15,Female,South South,Urban,Secondary,Informal,Self-employed,51196.08,1
b9108888,3,Male,South East,Rural,None,None,Not in Labor Force,0.0,1
124f7fc4,48,Male,North Central,Urban,Primary,Informal,Informal,92628.89,1
c1da4d2d,55,Female,North East,Rural,None,Agriculture,Informal,69033.37,1
01a8773f,73,Female,South West,Urban,Primary,Retired/None,Not in Labor Force,0.0,1
f6d73079,10,Male,South West,Urban,Primary,Student,Not in Labor Force,0.0,1
84d65e91,41,Male,South West,Urban,Tertiary,Professional,Wage-employed,577980.39,0
0b065cb9,6,Male,North East,Rural,Primary,Student,Not in Labor Force,0.0,1
b4331eba,5,Male,North Central,Urban,None,None,Not in Labor Force,0.0,1
527683b6,11,Male,South West,Rural,Primary,Student,Not in Labor Force,0.0,1
ea40f957,67,Female,South East,Rural,Primary,Informal,Informal,92925.39,1
39dc9353,26,Female,South East,Urban,Tertiary,Professional,Wage-employed,583557.53,0
b852de2f,44,Female,North West,Rural,Secondary,Unemployed,Self-employed,248377.64,0
0e6c30b0,45,Male,North West,Rural,None,Agriculture,Informal,122656.72,0
897c142a,6,Female,North West,Rural,None,Student,Not in Labor Force,0.0,1
316e1cbf,0,Male,North West,Rural,None,None,Not in Labor Force,0.0,1
166702ed,8,Male,North West,Urban,Primary,Student,Not in Labor Force,0.0,1
ea99706a,3,Female,South East,Urban,None,None,Not in Labor Force,0.0,1
6e55f8a8,20,Female,South South,Rural,Secondary,Trade/Services,Self-employed,175437.21,0
624b0f3e,25,Male,North East,Urban,Secondary,Informal,Self-employed,153593.96,0
b20f1947,2,Female,South West,Rural,None,None,Not in Labor Force,0.0,1
f3cae902,3,Female,South West,Urban,None,None,Not in Labor Force,0.0,1
f901925e,12,Female,South South,Urban,Primary,Student,Not in Labor Force,0.0,1
e81cd4fc,10,Female,South South,Urban,None,Student,Not in Labor Force,0.0,1
35b9d76a,24,Female,North West,Rural,None,Informal,Informal,92267.14,1
f4164bc6,43,Female,North West,Rural,None,Agriculture,Informal,46799.93,1
2e62bd0f,52,Female,North West,Urban,None,Trade/Services,Informal,70784.86,1
c88b9f1f,15,Male,South West,Urban,Primary,Informal,Informal,227032.59,0
d26bfeba,7,Male,South West,Rural,Primary,Student,Not in Labor Force,0.0,1
6c9d9c20,7,Female,North East,Urban,Primary,Student,Not in Labor Force,0.0,1
8894f76d,52,Female,South South,Urban,Secondary,Informal,Self-employed,95390.19,1
5e94c8d8,31,Male,North Central,Rural,Primary,Agriculture,Informal,41009.9,1
8c50173e,2,Female,South South,Urban,None,None,Not in Labor Force,0.0,1
2b27b952,47,Male,North West,Urban,Secondary,Informal,Self-employed,107232.69,0
22b3715d,29,Female,North West,Rural,Primary,Agriculture,Informal,43062.88,1
bb6f3f4d,59,Male,North East,Urban,Primary,Informal,Informal,61161.38,1
ddc005b4,45,Male,North West,Rural,Secondary,Informal,Self-employed,114162.6,0
28343749,35,Female,South East,Rural,Secondary,Informal,Self-employed,116427.0,0
78589d9d,17,Male,North West,Rural,None,Informal,Informal,103430.54,0
cd777c0a,13,Male,South West,Urban,Tertiary,Student,Not in Labor Force,0.0,1
faef5532,1,Female,North West,Rural,None,None,Not in Labor Force,0.0,1
24630e2e,2,Female,North East,Urban,None,None,Not in Labor Force,0.0,1
05586283,8,Female,South East,Urban,None,Student,Not in Labor Force,0.0,1
8c27add2,30,Female,South South,Urban,Tertiary,Trade/Services,Wage-employed,1487855.43,0
6fd4ef2c,59,Male,North Central,Rural,Primary,Agriculture,Informal,48001.9,1
059076d6,2,Female,South South,Urban,None,None,Not in Labor Force,0.0,1
eb2dfc90,64,Female,South West,Urban,Primary,Informal,Informal,77704.06,1
5afdb49e,4,Female,North Central,Rural,None,None,Not in Labor Force,0.0,1
6d90e767,11,Female,South East,Rural,None,Student,Not in Labor Force,0.0,1
2107db25,11,Female,North East,Rural,None,Student,Not in Labor Force,0.0,1
4f853194,12,Female,North East,Urban,None,Student,Not in Labor Force,0.0,1
9359deb3,11,Male,South West,Urban,None,Student,Not in Labor Force,0.0,1
74e45856,47,Male,North East,Rural,Tertiary,Manufacturing,Wage-employed,98442.76,0
4dc3c15d,3,Female,North West,Urban,None,None,Not in Labor Force,0.0,1
8e5ec87d,72,Female,North West,Rural,Primary,Retired/None,Not in Labor Force,0.0,1
1d7da70a,0,Female,South East,Rural,None,None,Not in Labor Force,0.0,1
72287644,4,Female,South West,Urban,None,None,Not in Labor Force,0.0,1
a6ceea3e,11,Male,North Central,Urban,None,Student,Not in Labor Force,0.0,1
81791c9b,53,Female,South South,Urban,Secondary,Trade/Services,Self-employed,61366.26,1
3c329f8d,8,Male,North Central,Rural,Primary,Student,Not in Labor Force,0.0,1
963ce3d9,63,Male,South West,Urban,Primary,Informal,Informal,74033.52,1
fe73713b,56,Male,South South,Rural,Primary,Informal,Informal,79074.79,1
125b4201,50,Female,South East,Rural,Primary,Agriculture,Informal,80404.84,1
89259706,36,Male,North Central,Rural,Primary,Informal,Informal,86703.38,1
32a95857,9,Female,South West,Rural,None,Student,Not in Labor Force,0.0,1
1e4db2e1,6,Male,North Central,Urban,Primary,Student,Not in Labor Force,0.0,1
b893c1f2,6,Male,South West,Rural,Primary,Student,Not in Labor Force,0.0,1
2bffec73,22,Female,North East,Rural,Primary,Agriculture,Informal,127322.68,0
20a1e35d,13,Female,North Central,Urban,Tertiary,Student,Not in Labor Force,0.0,1
1a6c7bbc,9,Male,North West,Urban,Primary,Student,Not in Labor Force,0.0,1
a7319af1,88,Male,North West,Rural,Primary,Retired/None,Not in Labor Force,0.0,1
1137c1d7,7,Female,South West,Urban,Primary,Student,Not in Labor Force,0.0,1
089439ac,54,Male,South South,Urban,Secondary,Informal,Self-employed,370797.99,0
be99d227,62,Female,North West,Rural,Primary,Agriculture,Informal,51738.74,1
aac68461,11,Male,North West,Rural,Primary,Student,Not in Labor Force,0.0,1
dc28e930,14,Male,North Central,Rural,Secondary,Student,Not in Labor Force,0.0,1
5d368a82,7,Male,South West,Urban,Primary,Student,Not in Labor Force,0.0,1
c4576749,23,Female,North West,Urban,Secondary,Unemployed,Self-employed,82349.22,1
24ca9b11,17,Female,North West,Urban,Primary,Trade/Services,Informal,119722.6,0
510a58f3,35,Male,North Central,Rural,None,Informal,Informal,104850.87,0
dda30745,45,Female,South East,Rural,Secondary,Trade/Services,Self-employed,107097.93,0
b9e99056,62,Female,North West,Rural,None,Agriculture,Informal,53777.08,1
3f7c389a,14,Female,North East,Rural,Primary,Student,Not in Labor Force,0.0,1
5db53dd9,7,Male,South West,Urban,Primary,Student,Not in Labor Force,0.0,1
60e107f8,18,Male,North West,Urban,Secondary,Manufacturing,Self-employed,98469.32,0
0e8a506b,3,Female,North West,Rural,None,None,Not in Labor Force,0.0,1
08d6b191,12,Male,North Central,Rural,Primary,Student,Not in Labor Force,0.0,1
c7345768,30,Male,South South,Rural,Tertiary,Trade/Services,Wage-employed,289137.82,0
aca50cf4,9,Female,North East,Urban,Primary,Student,Not in Labor Force,0.0,1
fffbdff1,57,Male,North Central,Urban,Primary,Informal,Informal,122276.61,0
40f9bcf5,40,Male,North East,Rural,None,Agriculture,Informal,40096.44,1
bcaeea7a,12,Male,South South,Urban,Secondary,Student,Not in Labor Force,0.0,1
ee66b7a6,19,Female,North West,Rural,Primary,Agriculture,Informal,37027.91,1
5026d5fd,10,Male,South West,Urban,Primary,Student,Not in Labor Force,0.0,1
b62b4fc1,12,Female,South East,Urban,Secondary,Student,Not in Labor Force,0.0,1
c79d8b49,12,Female,South South,Urban,Tertiary,Student,Not in Labor Force,0.0,1
5ea37994,14,Female,South West,Rural,Primary,Student,Not in Labor Force,0.0,1
1605b078,20,Male,North East,Rural,Primary,Informal,Informal,85798.42,1
fdea6f7a,14,Male,North Central,Rural,Primary,Student,Not in Labor Force,0.0,1
4147dcee,10,Female,North East,Rural,None,Student,Not in Labor Force,0.0,1
1c194c22,3,Male,South West,Rural,None,None,Not in Labor Force,0.0,1
e3ceff6e,48,Female,South West,Rural,Secondary,Unemployed,Self-employed,59347.97,1
3a6a0d59,16,Male,South East,Urban,Secondary,Trade/Services,Self-employed,145903.14,0
7c3b48cd,11,Female,North Central,Rural,None,Student,Not in Labor Force,0.0,1
e695d82b,2,Male,South West,Rural,None,None,Not in Labor Force,0.0,1
808cd608,1,Female,South South,Rural,None,None,Not in Labor Force,0.0,1
87f9052d,0,Male,South South,Rural,None,None,Not in Labor Force,0.0,1
e1cca71c,28,Male,South West,Rural,Primary,Agriculture,Informal,63508.38,1
9912d7f5,38,Female,South West,Rural,Tertiary,Trade/Services,Wage-employed,296631.66,0
4907f980,11,Female,North Central,Urban,Primary,Student,Not in Labor Force,0.0,1
dc9ced34,4,Female,North West,Rural,None,None,Not in Labor Force,0.0,1
d284a915,9,Female,North West,Urban,Primary,Student,Not in Labor Force,0.0,1
5a9b16d0,63,Female,North Central,Rural,Secondary,Informal,Self-employed,67131.26,1
480985bb,12,Male,North West,Rural,Primary,Student,Not in Labor Force,0.0,1
4602aee1,80,Male,South West,Urban,Primary,Retired/None,Not in Labor Force,0.0,1
46d6ecef,23,Female,South West,Rural,Secondary,Trade/Services,Self-employed,279384.31,0
06ffa820,7,Male,North Central,Urban,Primary,Student,Not in Labor Force,0.0,1
15e89a46,50,Female,North West,Rural,Primary,Agriculture,Informal,76038.77,1
18253912,43,Male,North West,Urban,None,Informal,Informal,59358.8,1
bbc53d1a,43,Male,North West,Urban,Primary,Trade/Services,Informal,98573.93,0
697989ac,9,Male,North West,Rural,None,Student,Not in Labor Force,0.0,1
8a0d7d16,6,Female,South South,Urban,Primary,Student,Not in Labor Force,0.0,1
f307053a,41,Female,North East,Urban,None,Trade/Services,Informal,242640.22,0
9d3ceec5,45,Male,North East,Urban,Secondary,Trade/Services,Self-employed,140604.7,0
2806340b,57,Male,North West,Urban,Secondary,Informal,Self-employed,334372.57,0
b0ff099e,21,Female,South West,Urban,None,Informal,Informal,40592.87,1
e2f64f5e,63,Male,South West,Urban,Secondary,Trade/Services,Self-employed,79962.3,1
8dcf64d0,59,Female,North West,Urban,None,Informal,Informal,22376.35,1
6f17da5f,3,Female,South South,Rural,None,None,Not in Labor Force,0.0,1
dfef1120,28,Female,South East,Urban,Secondary,Trade/Services,Self-employed,436026.45,0
44f90da9,56,Female,North West,Rural,Primary,Agriculture,Informal,21566.28,1
554d533d,56,Male,North Central,Urban,Primary,Informal,Informal,89726.56,1
ae15cce3,24,Female,North Central,Rural,None,Agriculture,Informal,169835.05,0
f6c4fd0f,10,Female,North East,Urban,None,Student,Not in Labor Force,0.0,1
ccf250bd,58,Female,South East,Rural,Tertiary,Trade/Services,Wage-employed,531095.9,0
186306b8,48,Male,North West,Rural,Primary,Agriculture,Informal,75039.93,1
68b5fe04,9,Female,North Central,Urban,Primary,Student,Not in Labor Force,0.0,1
9c870a5b,37,Female,North Central,Urban,Secondary,Trade/Services,Self-employed,287757.73,0
9916be14,8,Female,North Central,Urban,Primary,Student,Not in Labor Force,0.0,1
88cd9486,12,Male,South South,Rural,Secondary,Student,Not in Labor Force,0.0,1
7e71d461,4,Male,North West,Urban,None,None,Not in Labor Force,0.0,1
52058397,7,Female,North West,Rural,Primary,Student,Not in Labor Force,0.0,1
5280fb0e,28,Male,South West,Urban,Primary,Trade/Services,Informal,54120.45,1
4fb82953,21,Male,North West,Urban,Primary,Informal,Informal,110261.67,0
decd33ff,21,Female,North West,Urban,Secondary,Trade/Services,Self-employed,124543.61,0
6ec1ac7f,23,Male,North Central,Rural,Primary,Informal,Informal,55273.7,1
9fa2c95c,2,Male,North West,Urban,None,None,Not in Labor Force,0.0,1
2627c8f8,13,Male,North East,Urban,Primary,Student,Not in Labor Force,0.0,1
792a910b,31,Male,North East,Rural,Tertiary,Professional,Wage-employed,332486.0,0
17fbeec9,1,Male,North West,Urban,None,None,Not in Labor Force,0.0,1
46f9803a,76,Male,South West,Urban,Secondary,Retired/None,Not in Labor Force,0.0,1
79cfa2b1,36,Male,North West,Urban,Secondary,Trade/Services,Self-employed,269734.2,0
6837bc9a,60,Female,South South,Rural,None,Informal,Informal,153265.02,0
4342bb53,90,Female,North East,Rural,None,Retired/None,Not in Labor Force,0.0,1
8ba93aa4,9,Female,South West,Rural,Primary,Student,Not in Labor Force,0.0,1
4223e63b,11,Male,South East,Urban,None,Student,Not in Labor Force,0.0,1
817349a2,59,Male,North East,Rural,None,Informal,Informal,51010.72,1
0417a692,13,Female,South West,Rural,None,Student,Not in Labor Force,0.0,1
3be583d9,23,Female,South East,Urban,Secondary,Trade/Services,Self-employed,69340.51,1
e78f74b6,2,Male,North West,Rural,None,None,Not in Labor Force,0.0,1
3cbc4a7d,40,Male,South South,Urban,Primary,Trade/Services,Informal,49427.0,1
498b8d4b,16,Female,North West,Rural,Secondary,Informal,Self-employed,317640.94,0
82c5ba35,25,Female,North West,Urban,None,Informal,Informal,196509.46,0
3ed2580e,0,Male,South East,Rural,None,None,Not in Labor Force,0.0,1
3ca3699c,1,Female,North West,Rural,None,None,Not in Labor Force,0.0,1
05fd3b2f,33,Female,South West,Urban,Tertiary,Trade/Services,Wage-employed,207987.11,0
7c84ac33,6,Female,South South,Urban,Primary,Student,Not in Labor Force,0.0,1
bd6b3eb2,32,Male,South South,Rural,Secondary,Manufacturing,Self-employed,267427.95,0
05ff2b44,27,Female,North Central,Rural,None,Agriculture,Informal,39065.87,1
36c7b16b,19,Male,South South,Rural,Secondary,Trade/Services,Self-employed,147084.59,0
f8fec3e2,64,Female,North Central,Urban,Primary,Informal,Informal,52709.73,1
0574ef1b,6,Female,North West,Urban,Primary,Student,Not in Labor Force,0.0,1
7a530f86,38,Male,North Central,Rural,Primary,Agriculture,Informal,219196.09,0
3c20fece,43,Female,South West,Urban,Tertiary,Trade/Services,Wage-employed,284337.0,0
d8bf2bc1,62,Male,North Central,Rural,None,Agriculture,Informal,31892.11,1
9d9a01ca,79,Male,South West,Urban,Secondary,Retired/None,Not in Labor Force,0.0,1
593988c1,22,Male,North Central,Rural,None,Informal,Informal,45528.11,1
0c8cfd10,9,Female,North Central,Urban,Primary,Student,Not in Labor Force,0.0,1
e511e6a5,14,Male,South South,Urban,Primary,Student,Not in Labor Force,0.0,1
f4a669e4,15,Female,North Central,Rural,Secondary,Unemployed,Self-employed,477407.82,0
b09d20f6,11,Male,North East,Rural,None,Student,Not in Labor Force,0.0,1
553ede57,63,Male,South East,Urban,Secondary,Unemployed,Self-employed,155800.66,0
d3340a44,61,Male,North East,Rural,None,Agriculture,Informal,32308.03,1
53bf264e,13,Female,South East,Urban,Secondary,Student,Not in Labor Force,0.0,1
79684e59,13,Male,North West,Urban,Primary,Student,Not in Labor Force,0.0,1
572527bf,56,Male,North East,Rural,None,Agriculture,Informal,37308.32,1
567b4a44,1,Male,North West,Urban,None,None,Not in Labor Force,0.0,1
47c849d8,45,Male,North West,Urban,Secondary,Trade/Services,Self-employed,46695.0,1
ac124f50,20,Female,South West,Urban,Primary,Informal,Informal,111756.69,0
65f6d6f6,63,Female,North East,Rural,Primary,Informal,Informal,28273.33,1
dabc017c,19,Male,South South,Urban,Secondary,Trade/Services,Self-employed,258692.46,0
4879ceb8,14,Male,North Central,Rural,Secondary,Student,Not in Labor Force,0.0,1
49512764,51,Female,North East,Rural,Primary,Informal,Informal,96187.18,1
91b5333c,14,Male,South West,Urban,None,Student,Not in Labor Force,0.0,1
4590a3ef,14,Female,South West,Urban,Tertiary,Student,Not in Labor Force,0.0,1
fe0f4594,57,Male,South East,Rural,None,Agriculture,Informal,56386.7,1
641afe75,19,Male,South West,Urban,Primary,Informal,Informal,169680.53,0
deca53f4,11,Female,North West,Urban,Primary,Student,Not in Labor Force,0.0,1
1847a157,47,Female,South West,Urban,Primary,Informal,Informal,140836.32,0
cc74a53a,25,Male,North East,Rural,None,Agriculture,Informal,65784.95,1
db7ab9c4,10,Male,North Central,Urban,Primary,Student,Not in Labor Force,0.0,1
6a271ecb,5,Male,South South,Urban,None,None,Not in Labor Force,0.0,1
fdc88b7b,37,Female,North East,Rural,None,Agriculture,Informal,37763.96,1
95c3083d,54,Female,South West,Urban,Secondary,Trade/Services,Self-employed,170778.11,0
8e181d48,16,Male,North East,Rural,None,Informal,Informal,76467.33,1
3b0d12d5,29,Male,North West,Rural,None,Informal,Informal,80408.32,1
33eace84,6,Male,North Central,Rural,Primary,Student,Not in Labor Force,0.0,1
6996c129,36,Male,South West,Rural,Primary,Agriculture,Informal,62781.73,1
e7157fd6,23,Male,North Central,Rural,Secondary,Trade/Services,Self-employed,120125.52,0
83ea0334,61,Female,North East,Rural,Primary,Agriculture,Informal,71774.88,1
a360db0a,7,Male,South East,Rural,Primary,Student,Not in Labor Force,0.0,1
b4673494,13,Male,North West,Urban,Primary,Student,Not in Labor Force,0.0,1
090cb401,10,Female,North East,Rural,Primary,Student,Not in Labor Force,0.0,1
1ca054e0,60,Male,South East,Rural,Secondary,Trade/Services,Self-employed,223519.67,0
30eb5ad0,14,Male,South South,Rural,Tertiary,Student,Not in Labor Force,0.0,1
1db4ae29,44,Male,North Central,Rural,Secondary,Informal,Self-employed,45960.6,1
901e4f33,12,Male,South South,Urban,Secondary,Student,Not in Labor Force,0.0,1
6e0df305,8,Female,North West,Urban,Primary,Student,Not in Labor Force,0.0,1
e8b6b92c,15,Female,North West,Urban,Secondary,Manufacturing,Self-employed,73060.78,1
8c105540,52,Male,South East,Urban,None,Informal,Informal,84548.28,1
511f8478,22,Male,South South,Urban,Secondary,Informal,Self-employed,84457.78,1
2da83ec3,10,Male,North West,Rural,None,Student,Not in Labor Force,0.0,1
e7ed8349,32,Female,North West,Rural,None,Informal,Informal,67949.74,1
c404b396,10,Female,North West,Urban,Primary,Student,Not in Labor Force,0.0,1
6eb82606,1,Male,North East,Rural,None,None,Not in Labor Force,0.0,1
cfd9b9b3,46,Male,South East,Urban,Secondary,Trade/Services,Self-employed,68330.2,1
a5e53f6e,9,Male,North Central,Rural,None,Student,Not in Labor Force,0.0,1
1f9039d2,0,Female,North Central,Rural,None,None,Not in Labor Force,0.0,1
ca5d25a9,46,Female,South West,Urban,Primary,Informal,Informal,45559.38,1
fc32e3d1,62,Female,South South,Urban,Secondary,Informal,Self-employed,458766.94,0
244a6384,59,Male,North West,Rural,None,Informal,Informal,52177.18,1
27b8382b,5,Female,South West,Rural,None,None,Not in Labor Force,0.0,1
00181dca,3,Female,South South,Urban,None,None,Not in Labor Force,0.0,1
4a4629fe,3,Female,North West,Rural,None,None,Not in Labor Force,0.0,1
4d38d3e1,85,Male,South East,Urban,Secondary,Retired/None,Not in Labor Force,0.0,1
4baf03fc,60,Female,South West,Urban,Secondary,Informal,Self-employed,65989.77,1
3defe703,46,Male,North West,Urban,None,Informal,Informal,75441.01,1
16fd86fe,14,Female,North West,Rural,Primary,Student,Not in Labor Force,0.0,1
eab7ee99,51,Male,South West,Urban,Secondary,Informal,Self-employed,248165.86,0
33e94f72,13,Female,North Central,Urban,Secondary,Student,Not in Labor Force,0.0,1
c8554d13,60,Female,North Central,Urban,Secondary,Unemployed,Self-employed,274667.98,0
52ba3647,28,Male,North West,Rural,Primary,Informal,Informal,24918.28,1
15d3bb56,89,Female,South West,Rural,Secondary,Retired/None,Not in Labor Force,0.0,1
e0f8fcf5,38,Male,North East,Rural,None,Agriculture,Informal,37789.03,1
b9a8830f,39,Male,North East,Urban,Secondary,Informal,Self-employed,152302.52,0
383d01af,60,Male,North East,Rural,Primary,Informal,Informal,58665.99,1
f8a07e60,49,Male,South West,Urban,Secondary,Informal,Self-employed,51021.19,1
91decd66,0,Female,North West,Rural,None,None,Not in Labor Force,0.0,1
355a613c,60,Male,North West,Rural,None,Agriculture,Informal,25265.78,1
51153e7f,9,Female,North West,Rural,None,Student,Not in Labor Force,0.0,1
9e4ea994,59,Female,North West,Rural,Primary,Agriculture,Informal,31553.45,1
4df7a96d,18,Female,North West,Urban,Secondary,Informal,Self-employed,46049.28,1
5edafbf7,25,Female,South West,Rural,None,Agriculture,Informal,45474.97,1
528dd1d6,14,Male,South West,Rural,None,Student,Not in Labor Force,0.0,1
7813b930,14,Female,South West,Urban,Secondary,Student,Not in Labor Force,0.0,1
12e076a8,44,Male,North Central,Urban,Secondary,Trade/Services,Self-employed,272855.61,0
91ac99cb,38,Female,North West,Rural,None,Informal,Informal,40154.67,1
90b91063,16,Female,South South,Rural,Secondary,Trade/Services,Self-employed,188971.85,0
c6f25213,10,Female,North West,Urban,Primary,Student,Not in Labor Force,0.0,1
0f76907d,48,Male,South West,Urban,None,Informal,Informal,82274.62,1
d11b4d74,37,Female,South South,Urban,Primary,Informal,Informal,72400.66,1
ade242ae,12,Female,South West,Urban,Tertiary,Student,Not in Labor Force,0.0,1
3ab036f8,14,Female,North West,Rural,None,Student,Not in Labor Force,0.0,1
8abe6f87,51,Male,North East,Rural,Primary,Agriculture,Informal,22038.72,1
cee4939a,27,Female,North West,Rural,Primary,Agriculture,Informal,120799.84,0
8e890d25,65,Male,South West,Urban,Primary,Trade/Services,Informal,86669.42,1
8fc79150,21,Female,South West,Urban,None,Informal,Informal,30948.02,1
1603317e,46,Female,South West,Urban,Secondary,Unemployed,Self-employed,167562.68,0
1fab994d,21,Male,North West,Urban,Secondary,Informal,Self-employed,93648.04,1
cdc5501a,9,Male,South East,Rural,None,Student,Not in Labor Force,0.0,1
bf495091,5,Female,South West,Urban,None,None,Not in Labor Force,0.0,1
f00da57d,58,Male,North West,Rural,Primary,Agriculture,Informal,62118.11,1
614acf7f,27,Male,North East,Rural,None,Agriculture,Informal,69153.26,1
d9de6b34,38,Female,South West,Urban,Secondary,Trade/Services,Self-employed,276354.96,0
52cd0610,42,Female,North Central,Urban,None,Informal,Informal,41094.63,1
8812089a,10,Female,North West,Rural,Primary,Student,Not in Labor Force,0.0,1
73c93842,32,Male,North West,Rural,Primary,Agriculture,Informal,84383.68,1
59c4b496,1,Male,South East,Rural,None,None,Not in Labor Force,0.0,1
271d143c,1,Female,North West,Rural,None,None,Not in Labor Force,0.0,1
e63b92b8,52,Female,North West,Urban,Secondary,Informal,Self-employed,295663.86,0
8d7f0b49,15,Female,South East,Rural,Secondary,Trade/Services,Self-employed,447885.13,0
aa99916f,75,Female,South West,Rural,Secondary,Retired/None,Not in Labor Force,0.0,1
361f451e,1,Male,South West,Rural,None,None,Not in Labor Force,0.0,1
d7293e1a,56,Male,North Central,Urban,Tertiary,Professional,Wage-employed,751431.98,0
cc843302,14,Female,South West,Rural,Secondary,Student,Not in Labor Force,0.0,1
f09a48de,64,Female,South West,Urban,Secondary,Trade/Services,Self-employed,165519.43,0
c8c0c26c,15,Female,South South,Urban,Secondary,Manufacturing,Self-employed,157158.97,0
67db1075,30,Female,North West,Rural,None,Agriculture,Informal,151943.04,0
b455fa4d,53,Female,North West,Rural,Primary,Agriculture,Informal,50419.73,1
5aa7f226,14,Female,North West,Urban,Primary,Student,Not in Labor Force,0.0,1
1de2009f,47,Male,South West,Urban,Tertiary,Trade/Services,Wage-employed,645345.77,0
3927a793,6,Female,North Central,Rural,Primary,Student,Not in Labor Force,0.0,1
dab31e7f,55,Female,North West,Rural,Secondary,Informal,Self-employed,368229.48,0
0353ddca,1,Male,North East,Urban,None,None,Not in Labor Force,0.0,1
4be23ed4,0,Female,North West,Rural,None,None,Not in Labor Force,0.0,1
d2fd757b,39,Male,North East,Rural,None,Agriculture,Informal,56071.07,1
b2136ba7,56,Female,South South,Urban,Tertiary,Professional,Wage-employed,119566.58,0
12772a71,5,Male,South West,Urban,None,None,Not in Labor Force,0.0,1
ee69af88,14,Female,North West,Rural,Secondary,Student,Not in Labor Force,0.0,1
2461f217,19,Female,North East,Rural,None,Informal,Informal,35721.64,1
f2371f72,7,Female,North West,Rural,None,Student,Not in Labor Force,0.0,1
de01cac0,7,Female,South West,Rural,Primary,Student,Not in Labor Force,0.0,1
62336675,13,Female,North Central,Rural,None,Student,Not in Labor Force,0.0,1
52d1f4da,4,Male,South South,Rural,None,None,Not in Labor Force,0.0,1
d8508d2f,26,Male,South West,Urban,None,Trade/Services,Informal,96381.28,1
1333529a,21,Female,North Central,Urban,Tertiary,Trade/Services,Wage-employed,242275.25,0
a4f6df39,59,Male,South East,Rural,Secondary,Manufacturing,Self-employed,80151.32,1
fa2dd1b1,77,Male,South West,Rural,Secondary,Retired/None,Not in Labor Force,0.0,1
070bd9e9,63,Male,North West,Rural,None,Informal,Informal,50159.97,1
73ec6b32,3,Male,North Central,Rural,None,None,Not in Labor Force,0.0,1
d6b9a646,1,Female,South West,Urban,None,None,Not in Labor Force,0.0,1
7f19554d,56,Female,North Central,Urban,Primary,Informal,Informal,113161.31,0
842e3fb8,2,Male,North West,Rural,None,None,Not in Labor Force,0.0,1
47e13ed9,26,Female,North West,Rural,None,Agriculture,Informal,33942.41,1
263d275e,15,Male,North East,Rural,None,Informal,Informal,42181.68,1
1256cfb6,10,Female,North West,Rural,None,Student,Not in Labor Force,0.0,1
91d765f3,57,Male,South South,Rural,Secondary,Trade/Services,Self-employed,229630.85,0
3068a0a0,64,Female,South West,Urban,Tertiary,Professional,Wage-employed,299785.57,0
706b493c,27,Male,South West,Urban,Secondary,Manufacturing,Self-employed,205967.02,0
249a2e11,31,Male,South West,Urban,Secondary,Unemployed,Self-employed,134371.4,0
d0723646,22,Female,South West,Rural,None,Agriculture,Informal,59049.38,1
2a3c7b5e,46,Male,South South,Urban,Secondary,Informal,Self-employed,207499.65,0
68c425d2,34,Female,North East,Urban,None,Informal,Informal,26437.07,1
0e57898d,31,Female,South West,Rural,Primary,Agriculture,Informal,78120.41,1
51e0af8f,1,Male,North East,Rural,None,None,Not in Labor Force,0.0,1
577cd3e5,2,Female,South South,Urban,None,None,Not in Labor Force,0.0,1
79ac8899,49,Male,South South,Rural,Primary,Agriculture,Informal,83421.17,1
1e250111,5,Female,South South,Rural,None,None,Not in Labor Force,0.0,1
e410f5e2,9,Female,North West,Rural,None,Student,Not in Labor Force,0.0,1
fed10f98,38,Male,North East,Rural,Secondary,Informal,Self-employed,164237.06,0
aecb35d5,5,Female,North West,Urban,None,None,Not in Labor Force,0.0,1
56b3de92,32,Male,North Central,Urban,Primary,Informal,Informal,64519.16,1
fcd70f23,64,Female,North Central,Urban,None,Trade/Services,Informal,80847.13,1
54864205,78,Male,North East,Rural,Primary,Retired/None,Not in Labor Force,0.0,1
82f496d8,62,Male,South West,Urban,Tertiary,Manufacturing,Wage-employed,91902.33,1
b4038194,6,Female,North East,Rural,None,Student,Not in Labor Force,0.0,1
25198f72,47,Male,South South,Urban,Tertiary,Professional,Wage-employed,267826.65,0
72506488,63,Female,North West,Rural,Primary,Agriculture,Informal,66526.2,1
7ba04732,87,Female,North East,Rural,Tertiary,Retired/None,Not in Labor Force,0.0,1
d987d4ff,39,Female,South West,Urban,Tertiary,Trade/Services,Wage-employed,967428.58,0
9ee7da8b,4,Female,South West,Urban,None,None,Not in Labor Force,0.0,1
42e10a84,41,Male,North West,Urban,Primary,Trade/Services,Informal,244621.49,0
4bc5fa02,0,Male,South East,Rural,None,None,Not in Labor Force,0.0,1
64600fee,35,Female,South West,Rural,None,Agriculture,Informal,48753.45,1
a35cd2a4,10,Female,South South,Rural,Primary,Student,Not in Labor Force,0.0,1
7e9c186a,0,Male,South South,Rural,None,None,Not in Labor Force,0.0,1
db18122a,9,Male,North Central,Urban,Primary,Student,Not in Labor Force,0.0,1
3ec0f678,14,Female,South South,Rural,Primary,Student,Not in Labor Force,0.0,1
f67c6489,58,Female,South East,Rural,Primary,Agriculture,Informal,101155.98,0
920fee0a,39,Female,South South,Urban,Secondary,Informal,Self-employed,121987.76,0
82afd19a,3,Female,South South,Rural,None,None,Not in Labor Force,0.0,1
cfe5bfc7,16,Male,South East,Urban,Primary,Informal,Informal,30651.13,1
2b427598,6,Female,North Central,Rural,Primary,Student,Not in Labor Force,0.0,1
3c515ced,62,Female,North West,Rural,Secondary,Informal,Self-employed,141922.04,0
ba00e66c,14,Male,South South,Rural,Tertiary,Student,Not in Labor Force,0.0,1
fe74afdd,42,Male,South West,Rural,Secondary,Trade/Services,Self-employed,296194.36,0
39532f25,27,Male,North East,Rural,Primary,Informal,Informal,47626.18,1
79080364,64,Female,North East,Rural,Secondary,Trade/Services,Self-employed,57276.51,1
3403762d,28,Male,South West,Urban,Primary,Informal,Informal,84155.48,1
b7a84be5,64,Male,North Central,Urban,Secondary,Trade/Services,Self-employed,123787.92,0
87b04bab,66,Male,North West,Rural,None,Agriculture,Informal,286652.26,0
6d06688f,48,Male,North West,Rural,Secondary,Trade/Services,Self-employed,180505.63,0
ac69c23f,49,Male,South West,Urban,Secondary,Trade/Services,Self-employed,144009.43,0
44522206,51,Female,North East,Urban,Primary,Trade/Services,Informal,14225.65,1
9b711d18,8,Male,North Central,Urban,Primary,Student,Not in Labor Force,0.0,1
7cdfafcc,62,Female,South East,Urban,Primary,Trade/Services,Informal,74163.02,1
0d5a44fb,5,Female,South East,Urban,None,None,Not in Labor Force,0.0,1
ef9794e1,29,Female,North West,Rural,Primary,Agriculture,Informal,181922.49,0
f4a92d3f,26,Female,North West,Urban,Secondary,Informal,Self-employed,139808.44,0
4fdc8b78,23,Male,South West,Urban,Tertiary,Professional,Wage-employed,655471.22,0
debe0d42,9,Male,South West,Urban,Primary,Student,Not in Labor Force,0.0,1
33525645,14,Male,North West,Rural,Primary,Student,Not in Labor Force,0.0,1
8ff1d554,28,Female,North East,Rural,Secondary,Manufacturing,Self-employed,124888.37,0
4b9dcc2a,43,Male,South South,Rural,Secondary,Unemployed,Self-employed,73718.04,1
e36d0e98,4,Female,South South,Rural,None,None,Not in Labor Force,0.0,1
6f9bc174,10,Female,North Central,Urban,Primary,Student,Not in Labor Force,0.0,1
1e032831,52,Female,North West,Rural,Secondary,Trade/Services,Self-employed,272335.33,0
e7ddb019,56,Female,North East,Rural,Secondary,Trade/Services,Self-employed,110563.31,0
f3dcd698,11,Female,North West,Urban,Primary,Student,Not in Labor Force,0.0,1
2a74d129,7,Male,North West,Urban,Primary,Student,Not in Labor Force,0.0,1
c878e048,2,Female,North Central,Rural,None,None,Not in Labor Force,0.0,1
033bc88d,66,Male,South West,Urban,Secondary,Trade/Services,Self-employed,87192.87,1
f9704e6d,2,Female,North West,Rural,None,None,Not in Labor Force,0.0,1
556b11ee,13,Female,South South,Rural,None,Student,Not in Labor Force,0.0,1
22e55495,8,Male,South West,Urban,Primary,Student,Not in Labor Force,0.0,1
6520728c,14,Female,South West,Urban,Tertiary,Student,Not in Labor Force,0.0,1
24623c07,42,Male,South South,Rural,Secondary,Informal,Self-employed,99998.96,0
efdb8f85,3,Female,South West,Urban,None,None,Not in Labor Force,0.0,1
b6de0f50,9,Female,South South,Rural,Primary,Student,Not in Labor Force,0.0,1
6e04027b,59,Female,North East,Urban,None,Trade/Services,Informal,190332.53,0
1086c3f9,1,Male,North West,Rural,None,None,Not in Labor Force,0.0,1
bd479c1c,14,Male,North Central,Urban,Primary,Student,Not in Labor Force,0.0,1
a53d6a5f,46,Female,North Central,Rural,Primary,Agriculture,Informal,24644.99,1
6c60047a,44,Female,North West,Urban,None,Informal,Informal,95050.13,1
c28ad287,50,Male,South West,Urban,Secondary,Trade/Services,Self-employed,139271.54,0
e6a52247,23,Male,North West,Rural,None,Agriculture,Informal,23764.18,1
cbbb4ec8,50,Male,South West,Urban,Primary,Trade/Services,Informal,128035.22,0
99fa05cd,12,Female,North Central,Urban,Primary,Student,Not in Labor Force,0.0,1
91167152,30,Male,South West,Urban,Secondary,Trade/Services,Self-employed,155417.61,0
94a54c56,42,Male,North Central,Rural,Secondary,Trade/Services,Self-employed,167228.57,0
f0d3b4b9,35,Female,South South,Urban,Tertiary,Professional,Wage-employed,792420.09,0
53ad5ef5,61,Male,North East,Rural,Secondary,Informal,Self-employed,95479.23,1
7139d8c7,7,Female,South South,Urban,Primary,Student,Not in Labor Force,0.0,1
049eb127,16,Male,North West,Urban,Secondary,Trade/Services,Self-employed,95476.72,1
6e85b291,60,Male,South West,Urban,Secondary,Trade/Services,Self-employed,56685.99,1
cecec1e7,67,Male,North Central,Rural,None,Agriculture,Informal,40676.14,1
2030dd72,5,Male,South East,Rural,None,None,Not in Labor Force,0.0,1
26f49686,11,Male,South East,Rural,Primary,Student,Not in Labor Force,0.0,1
ce9d013a,6,Male,South East,Rural,Primary,Student,Not in Labor Force,0.0,1
05459c7d,50,Male,North West,Rural,None,Agriculture,Informal,60268.73,1
deb2b702,13,Female,South East,Urban,Tertiary,Student,Not in Labor Force,0.0,1
55628758,14,Male,North West,Urban,Secondary,Student,Not in Labor Force,0.0,1
2ffb85d0,65,Female,North West,Urban,Primary,Informal,Informal,45335.87,1
16c46da8,6,Female,North West,Urban,Primary,Student,Not in Labor Force,0.0,1
6280f0b3,55,Male,North Central,Rural,Secondary,Informal,Self-employed,140094.32,0
eba9a389,0,Male,South West,Urban,None,None,Not in Labor Force,0.0,1
d58fbfb8,60,Female,North West,Rural,Primary,Agriculture,Informal,34819.91,1
fc6e0bbd,63,Male,North West,Urban,Primary,Informal,Informal,28065.84,1
96f5d9c5,15,Male,South West,Rural,Primary,Informal,Informal,42329.47,1
52a02a7c,56,Male,South South,Urban,Secondary,Manufacturing,Self-employed,148826.55,0
c78846fa,6,Female,South West,Urban,Primary,Student,Not in Labor Force,0.0,1
2138064b,10,Female,South West,Rural,Primary,Student,Not in Labor Force,0.0,1
0618eb40,8,Male,South West,Urban,Primary,Student,Not in Labor Force,0.0,1
7319a37f,46,Female,South East,Urban,Secondary,Informal,Self-employed,62588.25,1
b236359f,33,Female,South South,Rural,Secondary,Informal,Self-employed,57933.02,1
2bbea157,38,Male,North Central,Rural,Secondary,Trade/Services,Self-employed,67636.05,1
a3997b38,17,Female,North Central,Urban,None,Trade/Services,Informal,59914.46,1
e08b952d,11,Female,South South,Rural,Primary,Student,Not in Labor Force,0.0,1
7337861f,26,Female,South South,Rural,Primary,Agriculture,Informal,71591.34,1
ffa11c93,67,Male,North West,Rural,None,Agriculture,Informal,87793.2,1
f1dea30f,14,Female,South West,Urban,Secondary,Student,Not in Labor Force,0.0,1
ca3b0267,31,Female,South East,Rural,Primary,Informal,Informal,45041.58,1
818773bf,1,Female,North Central,Urban,None,None,Not in Labor Force,0.0,1
cb670d24,46,Female,North Central,Urban,None,Informal,Informal,43331.58,1
d7eb098a,21,Male,South West,Rural,Tertiary,Trade/Services,Wage-employed,321914.55,0
3f17b721,2,Female,North East,Rural,None,None,Not in Labor Force,0.0,1
ccfdee28,21,Female,North East,Urban,Primary,Trade/Services,Informal,110264.22,0
ce2a1a44,4,Male,South South,Urban,None,None,Not in Labor Force,0.0,1
5ddab89e,54,Male,South West,Urban,Primary,Informal,Informal,212833.26,0
0c0101c1,35,Male,South South,Urban,Secondary,Trade/Services,Self-employed,265057.68,0
ea015c63,2,Female,South East,Rural,None,None,Not in Labor Force,0.0,1
25025d31,61,Female,South West,Rural,Primary,Agriculture,Informal,28132.8,1
1bb8acd0,21,Male,South East,Urban,Tertiary,Professional,Wage-employed,367840.58,0
aeb9283b,4,Male,North East,Rural,None,None,Not in Labor Force,0.0,1
00423362,6,Female,South West,Rural,Primary,Student,Not in Labor Force,0.0,1
d1626908,25,Female,South West,Urban,None,Informal,Informal,106265.61,0
dd3dc3b1,24,Male,South West,Urban,Secondary,Manufacturing,Self-employed,80008.21,1
91e999a6,8,Male,North West,Urban,Primary,Student,Not in Labor Force,0.0,1
64286e32,4,Male,North East,Urban,None,None,Not in Labor Force,0.0,1
6b5cdd26,6,Female,North East,Rural,None,Student,Not in Labor Force,0.0,1
8f1591fd,55,Female,South West,Urban,Primary,Informal,Informal,65485.08,1
1549c641,0,Female,South South,Urban,None,None,Not in Labor Force,0.0,1
d7cac4dc,3,Male,South South,Urban,None,None,Not in Labor Force,0.0,1
79cb9b77,47,Female,North West,Urban,Secondary,Manufacturing,Self-employed,199660.87,0
34da7499,54,Female,North East,Urban,None,Informal,Informal,93899.73,1
3f536bd3,2,Male,North West,Rural,None,None,Not in Labor Force,0.0,1
b05b3767,1,Male,North East,Rural,None,None,Not in Labor Force,0.0,1
0b77f19a,50,Female,South East,Rural,Tertiary,Professional,Wage-employed,296866.27,0
e6c4d39a,10,Female,South South,Urban,Primary,Student,Not in Labor Force,0.0,1
b1675f35,2,Male,North West,Rural,None,None,Not in Labor Force,0.0,1
27cb6046,57,Male,North East,Urban,Secondary,Manufacturing,Self-employed,90027.5,1
99f3f3c7,4,Female,North West,Rural,None,None,Not in Labor Force,0.0,1
0191178b,43,Female,North East,Urban,Secondary,Manufacturing,Self-employed,55973.74,1
801a083c,24,Female,South East,Rural,Tertiary,Trade/Services,Wage-employed,245865.26,0
e2b4579e,7,Male,South West,Urban,Primary,Student,Not in Labor Force,0.0,1
cb71cdf1,10,Male,South East,Rural,None,Student,Not in Labor Force,0.0,1
c1f19f04,54,Male,South West,Urban,Secondary,Trade/Services,Self-employed,126154.67,0
1bb7bdbd,27,Female,North East,Urban,Secondary,Informal,Self-employed,55212.43,1
ed986642,43,Female,North West,Rural,None,Agriculture,Informal,61622.51,1
de851d3f,19,Female,North West,Rural,Primary,Agriculture,Informal,75752.48,1
c87162e5,9,Male,South East,Rural,Primary,Student,Not in Labor Force,0.0,1
c71ad7e9,26,Female,South East,Urban,Secondary,Informal,Self-employed,87974.73,1
cb0cf8f1,10,Female,South East,Rural,Primary,Student,Not in Labor Force,0.0,1
1f16639b,27,Female,North West,Rural,None,Informal,Informal,76272.44,1
e16a0ce1,5,Female,South East,Rural,None,None,Not in Labor Force,0.0,1
f5955a2c,7,Female,North West,Rural,Primary,Student,Not in Labor Force,0.0,1
e9b7f476,29,Female,North West,Urban,Secondary,Manufacturing,Self-employed,157223.48,0
43a5817a,27,Male,North Central,Urban,None,Trade/Services,Informal,67324.6,1
6ac8b48c,0,Female,North Central,Rural,None,None,Not in Labor Force,0.0,1
81aa9f76,5,Male,South East,Urban,None,None,Not in Labor Force,0.0,1
9cc46625,52,Female,South West,Rural,Secondary,Informal,Self-employed,76912.02,1
52031a14,57,Female,North West,Rural,Primary,Informal,Informal,49054.25,1
22697007,12,Male,North West,Rural,Secondary,Student,Not in Labor Force,0.0,1
79637f6e,4,Female,North East,Urban,None,None,Not in Labor Force,0.0,1
4b59f366,3,Female,North West,Urban,None,None,Not in Labor Force,0.0,1
25da2350,15,Female,North East,Urban,Tertiary,Professional,Wage-employed,239493.09,0
b7aa7a0d,25,Female,South West,Rural,Tertiary,Trade/Services,Wage-employed,364683.74,0
338b2845,57,Female,North West,Urban,Primary,Informal,Informal,48670.91,1
791016ef,54,Female,South East,Urban,None,Informal,Informal,50582.02,1
a50380aa,5,Male,North Central,Urban,None,None,Not in Labor Force,0.0,1
a6fceb12,49,Male,North East,Urban,Primary,Informal,Informal,108918.95,0
6782c436,58,Male,North Central,Urban,Secondary,Unemployed,Self-employed,115238.3,0
e9697cbf,5,Female,South West,Urban,None,None,Not in Labor Force,0.0,1
9c03da9a,11,Male,North Central,Urban,None,Student,Not in Labor Force,0.0,1
65b10f16,45,Female,North West,Rural,Primary,Agriculture,Informal,62132.1,1
6c6dd008,22,Male,South South,Rural,None,Agriculture,Informal,21440.37,1
2d8e3232,4,Female,North West,Rural,None,None,Not in Labor Force,0.0,1
38238fe2,56,Male,South South,Urban,Secondary,Informal,Self-employed,97345.12,0
af469ea3,62,Female,North West,Rural,None,Agriculture,Informal,164137.88,0
7fd84309,11,Female,South East,Rural,Primary,Student,Not in Labor Force,0.0,1
89af2e30,0,Female,North Central,Rural,None,None,Not in Labor Force,0.0,1
1ace41b3,5,Female,North Central,Urban,None,None,Not in Labor Force,0.0,1
7f86567f,23,Female,North West,Rural,Primary,Agriculture,Informal,20568.48,1
90fb4225,9,Female,North West,Urban,Primary,Student,Not in Labor Force,0.0,1
92622b70,3,Female,South East,Urban,None,None,Not in Labor Force,0.0,1
d3efa6f4,28,Male,South South,Urban,Tertiary,Manufacturing,Wage-employed,1143697.73,0
963708a7,28,Female,North Central,Rural,None,Agriculture,Informal,70033.45,1
61c03df1,9,Female,North East,Rural,None,Student,Not in Labor Force,0.0,1
09d6bcdb,12,Male,North West,Urban,Secondary,Student,Not in Labor Force,0.0,1
0e104df1,63,Female,South West,Rural,Primary,Agriculture,Informal,43486.59,1
968cd61f,41,Female,North East,Rural,None,Agriculture,Informal,52962.93,1
a61a5333,39,Female,North West,Urban,None,Informal,Informal,169110.58,0
9371eb6c,3,Female,South West,Urban,None,None,Not in Labor Force,0.0,1
171abe34,48,Male,North Central,Rural,Primary,Agriculture,Informal,15267.83,1
17cc0ba3,30,Male,North West,Urban,Secondary,Trade/Services,Self-employed,311531.99,0
d5afcd8f,47,Male,North West,Urban,Secondary,Trade/Services,Self-employed,156277.16,0
4d78e9c8,17,Male,South West,Rural,Secondary,Informal,Self-employed,181198.04,0
ba051f77,6,Female,North West,Rural,None,Student,Not in Labor Force,0.0,1
d2a85c75,10,Male,South South,Urban,Primary,Student,Not in Labor Force,0.0,1
50e229d1,62,Female,North East,Rural,Tertiary,Trade/Services,Wage-employed,103881.52,0
92db0500,32,Female,North West,Rural,None,Informal,Informal,52235.64,1
5e7eaad1,61,Female,South East,Urban,Secondary,Informal,Self-employed,32957.99,1
950c65cb,8,Male,North Central,Rural,None,Student,Not in Labor Force,0.0,1
6cdd9783,58,Male,North East,Urban,None,Trade/Services,Informal,165802.06,0
4806e1bb,43,Male,North Central,Urban,Primary,Informal,Informal,44818.43,1
9bdec7a1,10,Male,North West,Urban,Primary,Student,Not in Labor Force,0.0,1
07884d5d,64,Female,South West,Urban,Secondary,Trade/Services,Self-employed,73244.43,1
31e2fe77,19,Female,North East,Rural,None,Agriculture,Informal,18757.38,1
7178432d,38,Male,South West,Rural,Secondary,Informal,Self-employed,128878.02,0
0452ac8c,43,Female,South West,Rural,Primary,Agriculture,Informal,62513.28,1
5a8911a3,43,Male,South West,Rural,Primary,Agriculture,Informal,38226.25,1
e71bb3bc,11,Female,South East,Urban,Primary,Student,Not in Labor Force,0.0,1
a436e42b,9,Male,South West,Urban,Primary,Student,Not in Labor Force,0.0,1
88191f27,54,Female,North Central,Urban,None,Informal,Informal,94642.5,1
f73a3f71,17,Male,North East,Rural,None,Agriculture,Informal,37497.92,1
5c760e6c,16,Male,North West,Rural,None,Agriculture,Informal,20835.78,1
aae1eb69,39,Male,South East,Urban,Secondary,Informal,Self-employed,107121.74,0
01c40f60,2,Male,South East,Urban,None,None,Not in Labor Force,0.0,1
639ce4b6,54,Female,North West,Urban,Secondary,Unemployed,Self-employed,357478.7,0
dc9f8e32,1,Male,South South,Urban,None,None,Not in Labor Force,0.0,1
ed01837d,2,Female,South West,Rural,None,None,Not in Labor Force,0.0,1
398e7047,0,Female,North Central,Rural,None,None,Not in Labor Force,0.0,1
3f15bbce,13,Female,North West,Urban,Primary,Student,Not in Labor Force,0.0,1
cf2bb0bf,10,Female,North East,Urban,None,Student,Not in Labor Force,0.0,1
1f9134ee,5,Male,South West,Urban,None,None,Not in Labor Force,0.0,1
3d2a1fb7,12,Female,North West,Rural,Primary,Student,Not in Labor Force,0.0,1
311a4b17,6,Female,North Central,Rural,None,Student,Not in Labor Force,0.0,1
1cc2ff80,63,Female,South South,Urban,Tertiary,Professional,Wage-employed,717120.97,0
ccae955f,49,Female,South West,Urban,Secondary,Trade/Services,Self-employed,175119.32,0
7dd7c9d7,8,Female,North Central,Rural,Primary,Student,Not in Labor Force,0.0,1
2f165af5,19,Male,North Central,Urban,Primary,Informal,Informal,93565.29,1
60c84153,52,Female,North West,Rural,None,Agriculture,Informal,48146.39,1
a40e5657,18,Female,South South,Urban,Tertiary,Professional,Wage-employed,622554.24,0
35e712a4,0,Male,South South,Urban,None,None,Not in Labor Force,0.0,1
d5d4085b,35,Female,South West,Urban,Secondary,Informal,Self-employed,187061.79,0
0c6e92da,4,Male,North West,Rural,None,None,Not in Labor Force,0.0,1
d7eab626,14,Male,North West,Rural,Secondary,Student,Not in Labor Force,0.0,1
37157053,5,Female,North West,Rural,None,None,Not in Labor Force,0.0,1
8e6eb361,25,Female,North Central,Rural,None,Agriculture,Informal,56961.56,1
7a508da8,1,Female,North West,Rural,None,None,Not in Labor Force,0.0,1
11621af0,0,Female,South West,Urban,None,None,Not in Labor Force,0.0,1
32339bbc,14,Male,North Central,Rural,Tertiary,Student,Not in Labor Force,0.0,1
3c79c583,64,Female,North West,Urban,Secondary,Informal,Self-employed,150158.74,0
bdd64f50,24,Male,South West,Urban,Secondary,Informal,Self-employed,50842.29,1
d4d32883,5,Male,North West,Urban,None,None,Not in Labor Force,0.0,1
1c5c6673,46,Male,South East,Rural,Secondary,Trade/Services,Self-employed,74000.09,1
7ea4f2a2,62,Female,North East,Rural,Primary,Agriculture,Informal,29264.66,1
4b6e478c,45,Male,North East,Urban,None,Trade/Services,Informal,39053.69,1
2d70e0d5,4,Female,North West,Rural,None,None,Not in Labor Force,0.0,1
cb806c40,58,Female,South South,Rural,Secondary,Trade/Services,Self-employed,130896.74,0
3f5ed04b,11,Male,South West,Rural,None,Student,Not in Labor Force,0.0,1
dfbb8a09,45,Female,North Central,Rural,Primary,Agriculture,Informal,28035.71,1
fda73b26,5,Male,North West,Rural,None,None,Not in Labor Force,0.0,1
35bd0416,13,Male,South West,Urban,None,Student,Not in Labor Force,0.0,1
ae4b96ae,9,Female,North East,Urban,None,Student,Not in Labor Force,0.0,1
c2ebed33,37,Female,South South,Urban,Secondary,Informal,Self-employed,211261.81,0
7ee2ebd2,8,Female,South South,Urban,Primary,Student,Not in Labor Force,0.0,1
f2005fd6,53,Female,South West,Urban,Secondary,Unemployed,Self-employed,247508.52,0
92bdf123,1,Female,South South,Urban,None,None,Not in Labor Force,0.0,1
513e3b08,52,Female,North West,Rural,None,Informal,Informal,57697.98,1
8b8cf7d9,55,Male,North East,Rural,Primary,Agriculture,Informal,41634.75,1
36965c69,53,Male,North East,Rural,None,Informal,Informal,111147.55,0
f4e62b64,48,Male,North West,Urban,Secondary,Trade/Services,Self-employed,185613.45,0
6ccdeef7,54,Male,South South,Rural,Primary,Informal,Informal,122652.17,0
54325ee3,10,Male,North West,Rural,None,Student,Not in Labor Force,0.0,1
403a6161,39,Female,South South,Urban,Secondary,Informal,Self-employed,69640.02,1
eaa37553,3,Female,South East,Rural,None,None,Not in Labor Force,0.0,1
240ac750,30,Female,North East,Rural,None,Agriculture,Informal,51215.16,1
bb8cc968,32,Male,North West,Urban,Primary,Trade/Services,Informal,70888.33,1
1efcd83a,12,Male,North West,Rural,Primary,Student,Not in Labor Force,0.0,1
dbe2828a,10,Male,North West,Rural,Primary,Student,Not in Labor Force,0.0,1
4dc95f3b,51,Female,North Central,Rural,Tertiary,Professional,Wage-employed,336264.99,0
b89de48f,41,Male,North Central,Rural,None,Agriculture,Informal,87110.44,1
ee83d997,48,Female,South West,Urban,None,Informal,Informal,87789.64,1
d67c7ee7,25,Female,South East,Rural,Secondary,Trade/Services,Self-employed,219968.93,0
707b3f7e,15,Female,North East,Rural,None,Agriculture,Informal,47817.79,1
ad467a29,27,Male,North West,Rural,None,Agriculture,Informal,31907.42,1
6d6bc852,13,Female,South East,Rural,None,Student,Not in Labor Force,0.0,1
1ac78d66,4,Female,North East,Rural,None,None,Not in Labor Force,0.0,1
006ea01d,32,Female,North East,Urban,Primary,Informal,Informal,54208.82,1
bfecbc49,28,Male,South East,Rural,Secondary,Manufacturing,Self-employed,61448.44,1
63323e35,27,Male,South South,Urban,Tertiary,Professional,Wage-employed,304505.67,0
85da6e81,6,Male,South South,Urban,Primary,Student,Not in Labor Force,0.0,1
975d0e09,7,Female,North West,Rural,Primary,Student,Not in Labor Force,0.0,1
4f04cb20,64,Male,North Central,Urban,Tertiary,Professional,Wage-employed,340607.62,0
45e2e791,6,Female,North West,Urban,Primary,Student,Not in Labor Force,0.0,1
39bf989f,3,Male,South South,Rural,None,None,Not in Labor Force,0.0,1
12230d14,63,Male,North West,Rural,Secondary,Trade/Services,Self-employed,86157.65,1
1a51a362,10,Female,North West,Rural,Primary,Student,Not in Labor Force,0.0,1
adf2dbdf,45,Male,South South,Rural,None,Agriculture,Informal,68813.59,1
25d0f2db,2,Female,South South,Rural,None,None,Not in Labor Force,0.0,1
5b9fc4a5,41,Female,South West,Urban,Secondary,Unemployed,Self-employed,101047.17,0
54494f6f,11,Female,North West,Rural,Primary,Student,Not in Labor Force,0.0,1
defb4c18,0,Female,North Central,Rural,None,None,Not in Labor Force,0.0,1
ef622e02,4,Female,South East,Rural,None,None,Not in Labor Force,0.0,1
4b1d1002,95,Female,South West,Urban,Primary,Retired/None,Not in Labor Force,0.0,1
3548f40f,43,Male,North West,Rural,Primary,Agriculture,Informal,112339.48,0
f00495a7,22,Female,North West,Urban,Secondary,Trade/Services,Self-employed,41651.09,1
277d51b3,0,Female,South South,Urban,None,None,Not in Labor Force,0.0,1
7c3a1337,55,Female,North Central,Urban,None,Trade/Services,Informal,21245.19,1
d8eb9ce8,2,Female,South West,Urban,None,None,Not in Labor Force,0.0,1
9ccb3f05,4,Female,North East,Rural,None,None,Not in Labor Force,0.0,1
c2194560,55,Female,North Central,Rural,None,Informal,Informal,109183.54,0
60038557,35,Male,South South,Urban,Primary,Informal,Informal,140595.12,0
2e0e933f,8,Male,North East,Rural,Primary,Student,Not in Labor Force,0.0,1
cf451c00,9,Female,South West,Rural,None,Student,Not in Labor Force,0.0,1
a2341871,37,Female,North West,Rural,None,Informal,Informal,125921.52,0
1cf3524d,10,Male,North West,Rural,Primary,Student,Not in Labor Force,0.0,1
3f3360a8,0,Female,South East,Rural,None,None,Not in Labor Force,0.0,1
11042775,34,Male,South East,Rural,Primary,Agriculture,Informal,87731.49,1
231fdfa4,39,Female,South West,Urban,Tertiary,Manufacturing,Wage-employed,400919.92,0
26f96e5f,40,Male,North West,Urban,Primary,Trade/Services,Informal,69212.92,1
0f9c4a1b,72,Female,North West,Urban,Secondary,Retired/None,Not in Labor Force,0.0,1
e11557f0,26,Male,South South,Urban,Secondary,Trade/Services,Self-employed,50956.06,1
bd064076,0,Male,North East,Rural,None,None,Not in Labor Force,0.0,1
e69348fc,74,Female,South East,Rural,Primary,Retired/None,Not in Labor Force,0.0,1
71a91235,3,Male,North East,Urban,None,None,Not in Labor Force,0.0,1
c86f7b50,14,Male,South South,Urban,Secondary,Student,Not in Labor Force,0.0,1
0d535365,20,Male,South South,Rural,Secondary,Informal,Self-employed,107861.4,0
d59dbea8,10,Male,North West,Rural,Primary,Student,Not in Labor Force,0.0,1
968f647d,4,Female,South East,Urban,None,None,Not in Labor Force,0.0,1
6d7c2d7a,4,Male,North West,Rural,None,None,Not in Labor Force,0.0,1
ecb03d08,32,Female,North West,Rural,Secondary,Informal,Self-employed,41685.99,1
565cef56,42,Male,North Central,Rural,Primary,Agriculture,Informal,262936.72,0
228a559c,49,Female,South West,Urban,Primary,Informal,Informal,43511.08,1
73a49cd4,91,Female,North East,Urban,Secondary,Retired/None,Not in Labor Force,0.0,1
6d203009,5,Female,South West,Urban,None,None,Not in Labor Force,0.0,1
97287b52,1,Female,North West,Rural,None,None,Not in Labor Force,0.0,1
a1b2adc2,14,Male,North West,Urban,Secondary,Student,Not in Labor Force,0.0,1
a97212fa,3,Male,South West,Rural,None,None,Not in Labor Force,0.0,1
537b3a7b,1,Female,North Central,Urban,None,None,Not in Labor Force,0.0,1
84a9607b,55,Male,South West,Urban,None,Informal,Informal,77245.21,1
1b7390c8,40,Male,South West,Urban,Tertiary,Manufacturing,Wage-employed,988403.73,0
1d3fa498,74,Male,South South,Urban,Primary,Retired/None,Not in Labor Force,0.0,1
3a7e46dd,5,Male,North Central,Urban,None,None,Not in Labor Force,0.0,1
18e5195f,61,Female,North West,Rural,None,Informal,Informal,48068.53,1
3d0d5f03,0,Male,South West,Rural,None,None,Not in Labor Force,0.0,1
cab6b536,12,Male,South West,Urban,None,Student,Not in Labor Force,0.0,1
0eef7d34,57,Female,North Central,Rural,None,Agriculture,Informal,48263.53,1
43d1c668,28,Male,South West,Urban,Secondary,Manufacturing,Self-employed,28224.04,1
b37c923c,14,Female,North East,Rural,Primary,Student,Not in Labor Force,0.0,1
7a9a53ed,14,Male,North West,Rural,Secondary,Student,Not in Labor Force,0.0,1
d0c6fa19,9,Female,South West,Urban,Primary,Student,Not in Labor Force,0.0,1
bb8eb5c9,38,Male,North West,Rural,None,Agriculture,Informal,27286.1,1
f3bbc70f,35,Male,North Central,Rural,None,Agriculture,Informal,83861.52,1
d7bff6ef,80,Male,North Central,Rural,Primary,Retired/None,Not in Labor Force,0.0,1
992dc003,7,Female,North Central,Urban,Primary,Student,Not in Labor Force,0.0,1
b6d78d0f,14,Female,South West,Rural,Primary,Student,Not in Labor Force,0.0,1
47a34bc0,48,Female,North West,Urban,Primary,Trade/Services,Informal,220510.61,0
8fc9f95c,37,Male,South South,Rural,Secondary,Manufacturing,Self-employed,57832.68,1
49b56df1,8,Male,South West,Urban,Primary,Student,Not in Labor Force,0.0,1
07f880ae,21,Male,North Central,Urban,Primary,Informal,Informal,90948.07,1
44420b12,33,Male,North West,Urban,None,Trade/Services,Informal,410475.74,0
c51214c7,21,Male,North West,Urban,None,Informal,Informal,113559.37,0
96127fb7,61,Female,South West,Urban,Primary,Trade/Services,Informal,145167.7,0
9b09fcb1,22,Female,North East,Rural,Primary,Agriculture,Informal,37811.0,1
fb0c3097,28,Female,North West,Rural,Primary,Agriculture,Informal,151967.81,0
c30178b2,15,Female,North East,Urban,Secondary,Trade/Services,Self-employed,87957.9,1
dc0ced91,12,Female,South West,Urban,Tertiary,Student,Not in Labor Force,0.0,1
f830e650,12,Male,South West,Rural,Secondary,Student,Not in Labor Force,0.0,1
20108556,2,Female,South West,Urban,None,None,Not in Labor Force,0.0,1
8ba0c338,42,Female,South South,Rural,Secondary,Informal,Self-employed,58641.45,1
4a2a82c1,5,Male,North West,Urban,None,None,Not in Labor Force,0.0,1
2fa0d46c,83,Male,South West,Urban,Secondary,Retired/None,Not in Labor Force,0.0,1
9bf21ff2,14,Female,North West,Rural,None,Student,Not in Labor Force,0.0,1
2bf5c625,3,Female,North Central,Urban,None,None,Not in Labor Force,0.0,1
3bf0a9b0,17,Male,South West,Urban,Tertiary,Manufacturing,Wage-employed,972501.64,0
087a1472,3,Female,North West,Rural,None,None,Not in Labor Force,0.0,1
46a2f241,4,Male,North East,Rural,None,None,Not in Labor Force,0.0,1
303b039f,1,Male,South East,Rural,None,None,Not in Labor Force,0.0,1
4a0cd0ac,40,Male,North West,Urban,Primary,Trade/Services,Informal,55151.38,1
63c6d821,39,Male,North Central,Urban,Secondary,Informal,Self-employed,132958.86,0
21dbd837,24,Female,South South,Urban,Secondary,Informal,Self-employed,353525.62,0
a44f6a3b,22,Female,North Central,Urban,Tertiary,Professional,Wage-employed,231313.09,0
4bf73a71,11,Female,South West,Urban,Primary,Student,Not in Labor Force,0.0,1
7a524372,5,Male,South East,Urban,None,None,Not in Labor Force,0.0,1
917646fe,9,Female,North West,Rural,None,Student,Not in Labor Force,0.0,1
f9f76101,17,Male,North West,Rural,None,Agriculture,Informal,51943.66,1
be5cc205,10,Male,South East,Rural,Primary,Student,Not in Labor Force,0.0,1
2a929b2f,1,Female,South East,Urban,None,None,Not in Labor Force,0.0,1
5533da6f,37,Male,North West,Urban,Primary,Informal,Informal,56042.93,1
88d31d40,54,Male,North East,Urban,Primary,Trade/Services,Informal,66354.23,1
570777f1,9,Male,North East,Urban,Primary,Student,Not in Labor Force,0.0,1
dd58bb60,0,Male,South East,Urban,None,None,Not in Labor Force,0.0,1
3aea23fa,28,Female,North Central,Urban,Secondary,Trade/Services,Self-employed,136427.03,0
0ab9e7d9,37,Female,South South,Urban,Primary,Informal,Informal,180603.39,0
852ea117,45,Female,South South,Urban,Secondary,Trade/Services,Self-employed,356958.41,0
7900856b,27,Female,South East,Urban,Secondary,Trade/Services,Self-employed,146313.06,0
5c5cb168,26,Female,South West,Urban,Secondary,Informal,Self-employed,86167.68,1
8e344914,67,Female,North East,Urban,Primary,Informal,Informal,121397.14,0
c7101029,82,Male,North West,Rural,Secondary,Retired/None,Not in Labor Force,0.0,1
5483af08,4,Female,South West,Urban,None,None,Not in Labor Force,0.0,1
bf15f2a6,59,Male,North East,Urban,Primary,Informal,Informal,81077.37,1
421984e1,14,Female,North East,Urban,Secondary,Student,Not in Labor Force,0.0,1
8e033583,9,Male,South West,Urban,Primary,Student,Not in Labor Force,0.0,1
b1c11307,15,Female,North Central,Rural,Primary,Agriculture,Informal,61251.19,1
24f0f43e,12,Female,South East,Urban,Secondary,Student,Not in Labor Force,0.0,1
8d8bad2c,52,Female,North East,Rural,Primary,Informal,Informal,32238.16,1
5ec41b84,8,Female,North West,Rural,None,Student,Not in Labor Force,0.0,1
ae89e438,56,Male,North Central,Rural,None,Agriculture,Informal,22691.57,1
cf5a006f,61,Female,South South,Rural,None,Agriculture,Informal,59198.29,1
ad00c1df,23,Male,South East,Rural,None,Agriculture,Informal,31518.34,1
c4c57a6a,6,Male,North West,Urban,Primary,Student,Not in Labor Force,0.0,1
77c3cf5f,13,Male,North East,Rural,None,Student,Not in Labor Force,0.0,1
46c46d0f,25,Male,South South,Rural,Tertiary,Professional,Wage-employed,215742.23,0
b2b298ec,6,Female,North West,Rural,Primary,Student,Not in Labor Force,0.0,1
a4785c06,95,Female,North East,Rural,Primary,Retired/None,Not in Labor Force,0.0,1
7aa97a79,38,Female,North East,Urban,Primary,Informal,Informal,196732.03,0
aa5e716e,9,Male,South West,Urban,Primary,Student,Not in Labor Force,0.0,1
abe36899,13,Male,North Central,Rural,Primary,Student,Not in Labor Force,0.0,1
ce165aec,1,Male,North West,Rural,None,None,Not in Labor Force,0.0,1
bf447677,60,Male,South West,Urban,Secondary,Trade/Services,Self-employed,127759.62,0
0d95720e,5,Male,North West,Rural,None,None,Not in Labor Force,0.0,1
7866a135,4,Male,South West,Urban,None,None,Not in Labor Force,0.0,1
474411ec,19,Female,North Central,Rural,Primary,Agriculture,Informal,116338.05,0
06523cef,33,Female,North Central,Rural,Primary,Agriculture,Informal,71516.67,1
35057da9,2,Female,North West,Rural,None,None,Not in Labor Force,0.0,1
c47f3be5,5,Male,South West,Urban,None,None,Not in Labor Force,0.0,1
284a05d6,42,Female,North Central,Rural,None,Informal,Informal,84991.11,1
f33af07f,40,Female,North Central,Urban,Secondary,Trade/Services,Self-employed,95796.16,1
d81e0f39,56,Male,South West,Urban,Secondary,Informal,Self-employed,266131.78,0
a8f79cc7,6,Male,South West,Urban,Primary,Student,Not in Labor Force,0.0,1
e5db8da0,13,Male,North West,Rural,Secondary,Student,Not in Labor Force,0.0,1
b1f6f582,63,Male,North West,Urban,None,Informal,Informal,97391.77,0
051034ed,13,Male,North West,Urban,None,Student,Not in Labor Force,0.0,1
5f3f07af,17,Male,South West,Urban,Secondary,Informal,Self-employed,113704.57,0
31a5f9c2,42,Male,South West,Urban,None,Informal,Informal,97360.9,0
6d0a0029,0,Male,South East,Urban,None,None,Not in Labor Force,0.0,1
b719a8c6,56,Female,South West,Urban,Secondary,Trade/Services,Self-employed,86755.97,1
5cd3f718,17,Male,South South,Urban,Secondary,Manufacturing,Self-employed,111724.44,0
d218d2ad,4,Female,North East,Rural,None,None,Not in Labor Force,0.0,1
9e573b3d,33,Male,North East,Rural,Primary,Agriculture,Informal,57921.11,1
4df066f7,9,Male,South East,Rural,None,Student,Not in Labor Force,0.0,1
3971dd37,13,Female,North West,Rural,Primary,Student,Not in Labor Force,0.0,1
80a0f82a,9,Female,North Central,Rural,Primary,Student,Not in Labor Force,0.0,1
d91a234b,62,Male,North West,Urban,Secondary,Informal,Self-employed,97205.9,0
81aac04a,15,Female,South South,Urban,Secondary,Trade/Services,Self-employed,339500.96,0
b935e25e,52,Female,North Central,Urban,Secondary,Trade/Services,Self-employed,103869.47,0
60c9e276,8,Male,North West,Urban,None,Student,Not in Labor Force,0.0,1
5b08d91f,19,Male,South West,Urban,Secondary,Trade/Services,Self-employed,464869.45,0
bc092777,10,Female,North West,Urban,Primary,Student,Not in Labor Force,0.0,1
a4e1850f,60,Male,South South,Urban,Secondary,Unemployed,Self-employed,138740.46,0
0f9cf4e5,56,Male,North East,Rural,None,Informal,Informal,52020.97,1
5829390b,1,Male,South West,Urban,None,None,Not in Labor Force,0.0,1
8b40bfa4,4,Female,North East,Rural,None,None,Not in Labor Force,0.0,1
97d6819e,47,Female,South East,Rural,Primary,Agriculture,Informal,44238.17,1
cd620a6c,8,Female,South South,Rural,Primary,Student,Not in Labor Force,0.0,1
5b019d61,56,Female,South East,Rural,Secondary,Trade/Services,Self-employed,127191.05,0
170e5a0f,12,Female,South East,Urban,Secondary,Student,Not in Labor Force,0.0,1
812aba72,9,Female,North West,Rural,None,Student,Not in Labor Force,0.0,1
0c9b5b2f,39,Female,South South,Rural,Primary,Agriculture,Informal,102387.07,0
b9ee0f97,23,Female,South West,Urban,None,Trade/Services,Informal,17627.9,1
72d08b27,17,Male,South South,Urban,Secondary,Informal,Self-employed,133643.35,0
d44e93ea,14,Female,South West,Urban,Tertiary,Student,Not in Labor Force,0.0,1
ed59d190,3,Female,North West,Rural,None,None,Not in Labor Force,0.0,1
41a73a4e,12,Female,South West,Urban,Secondary,Student,Not in Labor Force,0.0,1
a5ee7915,52,Female,North West,Rural,None,Informal,Informal,18163.02,1
797844a3,34,Female,South West,Urban,Tertiary,Trade/Services,Wage-employed,721505.6,0
8ecd332a,63,Female,North Central,Urban,Primary,Informal,Informal,147238.9,0
f09b2221,37,Female,North West,Rural,None,Agriculture,Informal,61364.35,1
6f579fef,4,Male,South South,Rural,None,None,Not in Labor Force,0.0,1
a22640de,61,Male,South South,Urban,Secondary,Informal,Self-employed,151000.23,0
ec867721,22,Female,South South,Urban,Secondary,Informal,Self-employed,56508.18,1
59a494dc,51,Male,South East,Rural,None,Agriculture,Informal,43115.09,1
ca274221,7,Male,South West,Urban,Primary,Student,Not in Labor Force,0.0,1
60aef0f7,12,Male,South West,Urban,Secondary,Student,Not in Labor Force,0.0,1
273cfb08,0,Female,North West,Rural,None,None,Not in Labor Force,0.0,1
6ebc7a16,0,Male,South South,Urban,None,None,Not in Labor Force,0.0,1
f6bdbadc,6,Female,South South,Rural,Primary,Student,Not in Labor Force,0.0,1
46271563,14,Female,South West,Urban,None,Student,Not in Labor Force,0.0,1
2851ec70,36,Male,South South,Urban,Primary,Informal,Informal,55976.76,1
8c7329cb,4,Male,South West,Urban,None,None,Not in Labor Force,0.0,1
4880a3bc,13,Female,North Central,Rural,Primary,Student,Not in Labor Force,0.0,1
1e23d6f4,14,Female,South South,Urban,None,Student,Not in Labor Force,0.0,1
9a939e61,35,Male,North Central,Rural,Secondary,Unemployed,Self-employed,75402.6,1
15432b01,39,Male,South West,Urban,Primary,Informal,Informal,136394.2,0
a09360a5,31,Male,North East,Rural,Secondary,Trade/Services,Self-employed,212994.75,0
b9484889,7,Male,South West,Urban,Primary,Student,Not in Labor Force,0.0,1
373e2214,82,Male,South West,Urban,Secondary,Retired/None,Not in Labor Force,0.0,1
b3c6a87a,6,Male,South West,Rural,Primary,Student,Not in Labor Force,0.0,1
993fe978,5,Female,North Central,Rural,None,None,Not in Labor Force,0.0,1
05e02580,9,Female,North East,Rural,None,Student,Not in Labor Force,0.0,1
879d856e,1,Female,South West,Urban,None,None,Not in Labor Force,0.0,1
761c393a,11,Female,South South,Rural,Primary,Student,Not in Labor Force,0.0,1
513fe016,33,Female,North West,Urban,None,Trade/Services,Informal,116581.34,0
d1228da8,21,Female,North West,Rural,None,Informal,Informal,49313.64,1
12e30a03,7,Male,North West,Rural,None,Student,Not in Labor Force,0.0,1
766e3c45,59,Male,South South,Urban,Primary,Trade/Services,Informal,51652.92,1
30e34fea,10,Female,South West,Urban,Primary,Student,Not in Labor Force,0.0,1
c5bbb09f,1,Female,South South,Rural,None,None,Not in Labor Force,0.0,1
baa0865b,38,Male,South West,Rural,Primary,Informal,Informal,63216.11,1
0f6bddea,25,Male,North Central,Rural,Primary,Agriculture,Informal,71532.94,1
b357353a,8,Female,South East,Urban,Primary,Student,Not in Labor Force,0.0,1
fa2be7a8,6,Male,North West,Rural,None,Student,Not in Labor Force,0.0,1
5b6a414b,15,Male,North East,Urban,Primary,Informal,Informal,70785.58,1
40d34fe3,46,Female,North Central,Urban,Tertiary,Professional,Wage-employed,269563.81,0
d83149f2,54,Female,North East,Rural,Primary,Agriculture,Informal,86608.5,1
9c84e70d,4,Female,North East,Urban,None,None,Not in Labor Force,0.0,1
8d7d989e,11,Female,North West,Rural,Primary,Student,Not in Labor Force,0.0,1
c6930de0,14,Female,North West,Rural,Primary,Student,Not in Labor Force,0.0,1
457b8800,1,Male,North East,Rural,None,None,Not in Labor Force,0.0,1
593800bd,29,Male,South East,Urban,Secondary,Informal,Self-employed,204457.33,0
f5b1a18e,35,Male,North West,Rural,Primary,Agriculture,Informal,27250.84,1
4ced09eb,7,Female,North East,Rural,None,Student,Not in Labor Force,0.0,1
04c6fbda,64,Male,North West,Rural,Primary,Agriculture,Informal,47560.53,1
5d319412,31,Male,South West,Urban,Secondary,Informal,Self-employed,212509.3,0
92ea7345,14,Male,South West,Urban,None,Student,Not in Labor Force,0.0,1
f43b3149,23,Male,South South,Urban,Secondary,Trade/Services,Self-employed,241143.8,0
60163cf1,49,Male,South East,Rural,Tertiary,Professional,Wage-employed,308272.71,0
d2babc77,34,Female,North East,Rural,Tertiary,Trade/Services,Wage-employed,369239.44,0
2a83d15a,2,Male,North West,Rural,None,None,Not in Labor Force,0.0,1
c8416342,32,Male,North West,Rural,None,Agriculture,Informal,69669.85,1
e0242add,34,Female,South South,Urban,Secondary,Trade/Services,Self-employed,236235.66,0
d525705f,13,Female,South West,Urban,Primary,Student,Not in Labor Force,0.0,1
6eb06157,7,Male,North West,Rural,Primary,Student,Not in Labor Force,0.0,1
bfc9db7d,15,Female,North West,Rural,Secondary,Unemployed,Self-employed,50740.22,1
e3f9e1e8,7,Female,North Central,Rural,Primary,Student,Not in Labor Force,0.0,1
17e84032,38,Female,North West,Rural,Secondary,Informal,Self-employed,115909.3,0
dc10e7fc,61,Male,South East,Urban,None,Informal,Informal,47414.57,1
2c5c5429,33,Female,South West,Urban,Primary,Trade/Services,Informal,155258.78,0
5cbb1ab3,13,Female,South West,Urban,Tertiary,Student,Not in Labor Force,0.0,1
a2e06ddf,40,Female,North Central,Urban,Secondary,Informal,Self-employed,70614.57,1
395e9b14,9,Male,North East,Rural,Primary,Student,Not in Labor Force,0.0,1
0599068f,58,Female,South West,Rural,Primary,Agriculture,Informal,76503.62,1
973937b7,52,Female,South West,Urban,Secondary,Trade/Services,Self-employed,78425.12,1
1c53702e,43,Male,North East,Rural,Primary,Informal,Informal,94038.02,1
f672c2c9,27,Male,North Central,Rural,None,Agriculture,Informal,77930.55,1
2821e917,18,Female,South East,Urban,Secondary,Trade/Services,Self-employed,153859.93,0
cec44a12,12,Male,North West,Rural,Primary,Student,Not in Labor Force,0.0,1
70b323c8,31,Female,North Central,Rural,None,Informal,Informal,194183.96,0
62a07194,47,Male,North East,Rural,Tertiary,Trade/Services,Wage-employed,194557.53,0
e7294c1c,4,Male,South West,Urban,None,None,Not in Labor Force,0.0,1
d059a6a9,11,Female,North West,Rural,Primary,Student,Not in Labor Force,0.0,1
ccc2ce26,38,Male,South West,Urban,Secondary,Unemployed,Self-employed,232266.91,0
156aa4f0,0,Female,North West,Urban,None,None,Not in Labor Force,0.0,1
577614c7,64,Female,North West,Rural,None,Agriculture,Informal,120959.07,0
c8238a2d,53,Female,South West,Rural,Secondary,Trade/Services,Self-employed,172097.16,0
b091446e,7,Female,South West,Urban,None,Student,Not in Labor Force,0.0,1
eba17b2f,58,Female,South South,Urban,Secondary,Manufacturing,Self-employed,88751.07,1
2709f502,13,Male,North Central,Rural,None,Student,Not in Labor Force,0.0,1
00ed5e6f,2,Female,North Central,Rural,None,None,Not in Labor Force,0.0,1
98d81b00,25,Male,South West,Urban,Tertiary,Professional,Wage-employed,347750.77,0
80919b91,26,Male,North East,Rural,Primary,Agriculture,Informal,41623.57,1
c5eaba32,27,Female,North West,Urban,None,Trade/Services,Informal,67617.35,1
bb4cd717,22,Female,North West,Urban,Tertiary,Trade/Services,Wage-employed,241662.63,0
ad751331,15,Male,North West,Urban,None,Informal,Informal,64994.26,1
c00781c5,8,Male,North East,Urban,None,Student,Not in Labor Force,0.0,1
ccd52c20,11,Female,South South,Rural,None,Student,Not in Labor Force,0.0,1
03156b8a,16,Male,South East,Urban,Secondary,Trade/Services,Self-employed,321443.22,0
f7d9012c,28,Female,South South,Rural,Secondary,Unemployed,Self-employed,81508.07,1
39e675df,27,Female,South South,Urban,None,Trade/Services,Informal,86120.45,1
979acb1e,62,Male,North Central,Urban,None,Informal,Informal,52299.45,1
6b07b2cc,1,Male,North West,Urban,None,None,Not in Labor Force,0.0,1
47ba3e76,3,Female,South West,Urban,None,None,Not in Labor Force,0.0,1
8b859319,26,Male,South South,Urban,Tertiary,Manufacturing,Wage-employed,396727.35,0
a5a0e6a0,9,Male,North Central,Urban,Primary,Student,Not in Labor Force,0.0,1
42799c84,2,Male,North Central,Rural,None,None,Not in Labor Force,0.0,1
6877e8b9,18,Male,North West,Rural,Primary,Agriculture,Informal,98321.94,0
a1eedd1b,5,Male,North Central,Rural,None,None,Not in Labor Force,0.0,1
778d0ece,6,Female,North East,Rural,None,Student,Not in Labor Force,0.0,1
f5b504e0,4,Female,North East,Rural,None,None,Not in Labor Force,0.0,1
613af9a9,64,Female,South South,Urban,Secondary,Manufacturing,Self-employed,178736.77,0
1cc63724,17,Female,North West,Rural,Secondary,Trade/Services,Self-employed,231185.53,0
c60c8a50,24,Male,South South,Urban,Primary,Informal,Informal,39109.29,1
9b57cb43,57,Male,North West,Rural,Primary,Agriculture,Informal,38031.85,1
50c4100d,2,Female,South South,Rural,None,None,Not in Labor Force,0.0,1
da231cac,28,Female,North Central,Rural,None,Agriculture,Informal,46735.51,1
2df2f735,4,Female,South West,Rural,None,None,Not in Labor Force,0.0,1
67f9d05b,11,Female,North West,Urban,None,Student,Not in Labor Force,0.0,1
383499cf,57,Female,South West,Urban,Secondary,Informal,Self-employed,332684.78,0
1539ec0e,42,Male,South South,Urban,Secondary,Trade/Services,Self-employed,159415.8,0
f2d51ff0,4,Female,North West,Urban,None,None,Not in Labor Force,0.0,1
8e982dd3,3,Female,North West,Rural,None,None,Not in Labor Force,0.0,1
fa155507,38,Female,North East,Urban,Secondary,Unemployed,Self-employed,56940.58,1
44dec7f8,5,Female,North West,Rural,None,None,Not in Labor Force,0.0,1
3265e2f2,5,Female,North West,Rural,None,None,Not in Labor Force,0.0,1
d8a457eb,0,Female,South West,Urban,None,None,Not in Labor Force,0.0,1
ab260d18,5,Female,North West,Urban,None,None,Not in Labor Force,0.0,1
61ef701e,33,Female,South West,Urban,Secondary,Informal,Self-employed,256617.52,0
f680cc91,12,Female,South South,Rural,None,Student,Not in Labor Force,0.0,1
cd0484f9,5,Female,South West,Urban,None,None,Not in Labor Force,0.0,1
1526cf5f,24,Male,North West,Urban,Primary,Trade/Services,Informal,86314.73,1
f266c9f7,25,Female,South West,Urban,Secondary,Manufacturing,Self-employed,227337.75,0
3a11b3f5,12,Female,North East,Rural,None,Student,Not in Labor Force,0.0,1
e23b6c87,5,Female,North East,Urban,None,None,Not in Labor Force,0.0,1
71645d0c,1,Male,North East,Rural,None,None,Not in Labor Force,0.0,1
a0871a56,47,Female,South South,Rural,Secondary,Trade/Services,Self-employed,255283.66,0
73942ff9,57,Male,South West,Urban,Tertiary,Trade/Services,Wage-employed,222668.76,0
44bbfaa8,45,Female,North West,Rural,Secondary,Trade/Services,Self-employed,255235.02,0
30f55980,62,Male,North Central,Urban,Secondary,Unemployed,Self-employed,127450.0,0
37497a13,49,Female,North East,Rural,Secondary,Trade/Services,Self-employed,77006.73,1
4f19ef4b,51,Male,South South,Rural,None,Agriculture,Informal,65696.31,1
db2fec46,61,Male,South South,Urban,None,Informal,Informal,39517.53,1
6c293d36,14,Female,North East,Rural,Primary,Student,Not in Labor Force,0.0,1
2f313952,68,Male,North East,Rural,Tertiary,Professional,Wage-employed,293033.73,0
0674ea27,6,Female,South West,Urban,Primary,Student,Not in Labor Force,0.0,1
1cbc7e36,3,Female,North Central,Rural,None,None,Not in Labor Force,0.0,1
20c69d3c,54,Female,North West,Rural,Primary,Informal,Informal,51760.62,1
f8745a3e,6,Male,South West,Urban,None,Student,Not in Labor Force,0.0,1
0d0973e1,40,Female,North East,Urban,Primary,Trade/Services,Informal,46032.79,1
e0529cf2,39,Male,South West,Urban,Primary,Informal,Informal,54839.45,1
5848e4b2,31,Female,North East,Rural,None,Informal,Informal,118524.17,0
bcf1fc60,29,Female,South West,Urban,Primary,Informal,Informal,72648.88,1
60e1661f,4,Male,South West,Rural,None,None,Not in Labor Force,0.0,1
ae32427e,59,Male,North Central,Rural,Primary,Agriculture,Informal,33241.74,1
c8b7db76,18,Male,South West,Urban,None,Informal,Informal,105756.61,0
a3097f36,36,Female,North Central,Rural,None,Agriculture,Informal,94844.36,1
00843482,31,Male,North West,Rural,Secondary,Unemployed,Self-employed,98597.3,0
1cc7ae43,5,Female,North West,Urban,None,None,Not in Labor Force,0.0,1
992eeb5f,31,Female,North West,Rural,Secondary,Trade/Services,Self-employed,47076.25,1
33702a60,13,Female,North West,Rural,None,Student,Not in Labor Force,0.0,1
9a1a9c75,28,Female,South West,Urban,Primary,Trade/Services,Informal,17537.47,1
b7db9417,0,Male,North East,Rural,None,None,Not in Labor Force,0.0,1
97542ae8,22,Female,North West,Urban,Primary,Informal,Informal,47074.82,1
eda1da56,1,Female,South East,Urban,None,None,Not in Labor Force,0.0,1
545554a7,9,Female,South West,Urban,Primary,Student,Not in Labor Force,0.0,1
0899512c,59,Male,North Central,Rural,Secondary,Trade/Services,Self-employed,185823.96,0
f79d1aec,44,Male,North West,Urban,Secondary,Trade/Services,Self-employed,237448.5,0
84a00f85,36,Male,North West,Urban,Primary,Informal,Informal,50129.84,1
690eae26,30,Male,North Central,Urban,Secondary,Unemployed,Self-employed,115664.5,0
dafd8e3d,44,Male,South South,Rural,Secondary,Trade/Services,Self-employed,150043.67,0
de40be72,30,Male,North West,Rural,Primary,Informal,Informal,55101.28,1
10c7b1ea,5,Female,South West,Urban,None,None,Not in Labor Force,0.0,1
359a8662,38,Male,South South,Urban,Primary,Trade/Services,Informal,141746.0,0
779bb25f,3,Female,South West,Rural,None,None,Not in Labor Force,0.0,1
93fc8cca,49,Male,North Central,Rural,None,Informal,Informal,56481.3,1
6b28a4b1,20,Female,South West,Urban,Secondary,Trade/Services,Self-employed,177896.75,0
79a25977,18,Female,South East,Urban,Secondary,Trade/Services,Self-employed,109790.99,0
9ac28aca,32,Female,South West,Urban,None,Informal,Informal,50495.75,1
a532888f,20,Female,South South,Urban,Primary,Informal,Informal,162660.18,0
fa7b3c8a,40,Male,North Central,Urban,None,Trade/Services,Informal,32820.84,1
4f308dcd,4,Female,South East,Urban,None,None,Not in Labor Force,0.0,1
59d80d96,41,Male,South South,Rural,Secondary,Manufacturing,Self-employed,68884.21,1
358bc3c3,8,Male,North Central,Urban,Primary,Student,Not in Labor Force,0.0,1
a62e77a4,25,Male,South West,Urban,Primary,Informal,Informal,76373.74,1
9f2ec0df,5,Female,South West,Urban,None,None,Not in Labor Force,0.0,1
aca70bc5,13,Male,South East,Rural,Primary,Student,Not in Labor Force,0.0,1
93857036,2,Female,South East,Rural,None,None,Not in Labor Force,0.0,1
f4813560,57,Male,North West,Rural,None,Agriculture,Informal,100227.29,0
5f7032e9,29,Female,South West,Rural,Secondary,Trade/Services,Self-employed,58259.9,1
db2a0d7c,9,Female,South East,Urban,Primary,Student,Not in Labor Force,0.0,1
0f60ba48,55,Male,South West,Rural,Tertiary,Professional,Wage-employed,320009.65,0
f2be6588,7,Male,South West,Urban,Primary,Student,Not in Labor Force,0.0,1
39c2e3b1,45,Female,North West,Rural,None,Agriculture,Informal,26058.21,1
0dbea779,33,Male,North Central,Urban,Primary,Informal,Informal,105264.3,0
de4b2453,38,Female,South East,Urban,Secondary,Informal,Self-employed,398008.35,0
e0386d3c,23,Female,South South,Rural,Secondary,Informal,Self-employed,30462.72,1
fcd429cb,6,Male,North West,Urban,Primary,Student,Not in Labor Force,0.0,1
28861c71,18,Male,South West,Rural,None,Agriculture,Informal,38698.97,1
d725d8eb,24,Male,South East,Rural,Primary,Agriculture,Informal,98929.37,0
b4740b97,23,Male,South East,Urban,Tertiary,Professional,Wage-employed,2341233.81,0
85839a34,33,Male,South West,Urban,Secondary,Unemployed,Self-employed,189631.65,0
ba2bf0ce,14,Male,North West,Urban,Secondary,Student,Not in Labor Force,0.0,1
0770fa66,48,Male,South West,Rural,Primary,Agriculture,Informal,38651.36,1
c776c70a,56,Male,South East,Rural,Secondary,Trade/Services,Self-employed,90296.45,1
9f8ddfe6,14,Female,South West,Urban,Primary,Student,Not in Labor Force,0.0,1
8bea3f43,2,Female,South East,Rural,None,None,Not in Labor Force,0.0,1
0116686e,0,Female,North Central,Urban,None,None,Not in Labor Force,0.0,1
3ee07bd0,35,Male,South South,Urban,None,Trade/Services,Informal,38711.34,1
dd553ccf,48,Male,South East,Urban,Primary,Informal,Informal,131016.57,0
e23a7ed5,2,Female,South West,Urban,None,None,Not in Labor Force,0.0,1
af20112b,0,Female,South South,Urban,None,None,Not in Labor Force,0.0,1
95b0d701,32,Male,South South,Urban,Secondary,Informal,Self-employed,249612.0,0
1e3ad8ab,31,Male,South East,Rural,Secondary,Trade/Services,Self-employed,229525.14,0
73185708,1,Female,South West,Urban,None,None,Not in Labor Force,0.0,1
074113cf,2,Female,North Central,Urban,None,None,Not in Labor Force,0.0,1
e87d113f,15,Male,North East,Urban,Secondary,Manufacturing,Self-employed,109311.25,0
4f733f1e,10,Female,North East,Rural,None,Student,Not in Labor Force,0.0,1
d3b2c7e7,8,Female,North Central,Urban,None,Student,Not in Labor Force,0.0,1
b9815d10,24,Female,South West,Urban,Secondary,Informal,Self-employed,82082.89,1
a1fe3838,51,Female,North West,Rural,Primary,Agriculture,Informal,146822.49,0
5f3d571c,7,Male,South South,Urban,Primary,Student,Not in Labor Force,0.0,1
5d740639,4,Female,South West,Urban,None,None,Not in Labor Force,0.0,1
d8ca25ca,7,Female,North Central,Rural,Primary,Student,Not in Labor Force,0.0,1
52d6bfd6,6,Female,North Central,Rural,None,Student,Not in Labor Force,0.0,1
491319a2,26,Female,North West,Rural,None,Agriculture,Informal,137103.8,0
4359d7d7,3,Female,South South,Urban,None,None,Not in Labor Force,0.0,1
eedeaa40,45,Male,North East,Urban,Secondary,Trade/Services,Self-employed,73664.44,1
61b7ca2f,52,Male,South West,Urban,None,Trade/Services,Informal,64515.52,1
b2ae5e05,2,Female,South West,Urban,None,None,Not in Labor Force,0.0,1
4fc72987,8,Male,South West,Rural,Primary,Student,Not in Labor Force,0.0,1
d7703b3e,58,Male,North Central,Urban,None,Trade/Services,Informal,129795.23,0
0dfc69d7,40,Male,North West,Rural,Primary,Informal,Informal,51465.06,1
a0252c23,29,Female,North East,Urban,Secondary,Trade/Services,Self-employed,135806.54,0
85e27100,12,Male,North Central,Rural,Secondary,Student,Not in Labor Force,0.0,1
9373e77b,39,Female,South East,Rural,None,Informal,Informal,24798.48,1
d24a79e6,44,Male,North Central,Urban,None,Informal,Informal,41217.03,1
7cd22076,21,Male,North West,Rural,Secondary,Informal,Self-employed,93445.95,1
66d360a9,8,Male,North West,Rural,None,Student,Not in Labor Force,0.0,1
9812064a,18,Male,South West,Urban,Tertiary,Manufacturing,Wage-employed,263217.04,0
d48016bc,57,Female,North Central,Urban,None,Informal,Informal,40586.48,1
8a48c189,7,Female,North West,Rural,Primary,Student,Not in Labor Force,0.0,1
723c3c62,52,Female,South West,Urban,Primary,Informal,Informal,66937.43,1
cfe1a0af,8,Male,North West,Urban,Primary,Student,Not in Labor Force,0.0,1
52a07f4c,13,Female,North Central,Urban,Secondary,Student,Not in Labor Force,0.0,1
99b3cdf7,9,Male,North East,Urban,Primary,Student,Not in Labor Force,0.0,1
5ccb4336,44,Male,South South,Urban,Secondary,Informal,Self-employed,78706.01,1
33465fae,6,Female,North West,Rural,None,Student,Not in Labor Force,0.0,1
c1d872e0,21,Female,North Central,Rural,Secondary,Trade/Services,Self-employed,100392.32,0
7703cf0d,50,Male,South South,Rural,Secondary,Unemployed,Self-employed,179063.68,0
83a84922,2,Male,North East,Rural,None,None,Not in Labor Force,0.0,1
1678b137,38,Female,South West,Urban,None,Informal,Informal,67456.66,1
7a7ecb46,53,Male,North East,Rural,None,Informal,Informal,46367.32,1
e9f7f62c,50,Female,North West,Rural,None,Agriculture,Informal,114030.24,0
0f4a82b5,59,Female,South West,Urban,Tertiary,Trade/Services,Wage-employed,621638.5,0
d9005d12,34,Female,South South,Urban,Secondary,Trade/Services,Self-employed,215088.4,0
87a6c912,0,Male,North Central,Rural,None,None,Not in Labor Force,0.0,1
1859f90d,46,Female,South West,Rural,Primary,Agriculture,Informal,13194.77,1
71c9b972,10,Male,South West,Urban,Primary,Student,Not in Labor Force,0.0,1
f4d5f45f,53,Male,North Central,Rural,None,Informal,Informal,45753.19,1
3f5e06d5,0,Female,South West,Rural,None,None,Not in Labor Force,0.0,1
6d47c4ab,40,Male,North East,Rural,None,Informal,Informal,42487.11,1
ec46a948,40,Male,North East,Urban,Secondary,Trade/Services,Self-employed,81198.31,1
7eddf9cb,50,Female,North Central,Urban,Primary,Trade/Services,Informal,152078.84,0
00d8f9ee,10,Female,South South,Urban,Primary,Student,Not in Labor Force,0.0,1
d52140b7,49,Male,North East,Urban,Primary,Trade/Services,Informal,58333.12,1
a8e56b98,57,Male,South West,Urban,Secondary,Unemployed,Self-employed,57859.08,1
60a9b8f6,49,Male,North West,Urban,Tertiary,Trade/Services,Wage-employed,464028.32,0
93e86411,11,Male,North East,Rural,Primary,Student,Not in Labor Force,0.0,1
3adc39f3,65,Female,South West,Urban,Secondary,Informal,Self-employed,132644.99,0
df4d1433,50,Female,South East,Urban,Secondary,Informal,Self-employed,76614.65,1
f4d0feb5,13,Female,North Central,Urban,Secondary,Student,Not in Labor Force,0.0,1
0b72ba03,47,Male,North East,Rural,None,Agriculture,Informal,110274.28,0
c529a0f6,60,Male,South South,Rural,Secondary,Trade/Services,Self-employed,135744.49,0
8edfe7f1,59,Male,North West,Rural,None,Agriculture,Informal,82174.05,1
ea1cffb1,12,Male,South West,Rural,Secondary,Student,Not in Labor Force,0.0,1
c8118e0a,38,Male,South West,Urban,Tertiary,Trade/Services,Wage-employed,535191.47,0
e59ea529,29,Male,South West,Rural,Primary,Agriculture,Informal,115123.04,0
09d39246,14,Male,South South,Urban,Primary,Student,Not in Labor Force,0.0,1
49b67a48,31,Female,South West,Urban,Secondary,Trade/Services,Self-employed,121389.13,0
6268da82,26,Female,North East,Urban,Tertiary,Trade/Services,Wage-employed,190054.51,0
047f8a7f,36,Female,North East,Urban,Secondary,Trade/Services,Self-employed,117673.35,0
0b71cf6b,6,Male,North East,Rural,None,Student,Not in Labor Force,0.0,1
faffdf08,40,Female,North West,Rural,Tertiary,Professional,Wage-employed,109823.06,0
cd3629a1,28,Female,South South,Urban,Secondary,Trade/Services,Self-employed,70457.56,1
3859e328,11,Male,North West,Rural,Primary,Student,Not in Labor Force,0.0,1
74063833,1,Female,South West,Urban,None,None,Not in Labor Force,0.0,1
c07e35b6,18,Female,South West,Urban,Tertiary,Trade/Services,Wage-employed,1057528.85,0
da69c13f,60,Female,South East,Rural,None,Agriculture,Informal,30935.18,1
1d352543,2,Male,South West,Urban,None,None,Not in Labor Force,0.0,1
d35a49d2,27,Male,South West,Urban,Secondary,Manufacturing,Self-employed,65882.65,1
71e0e47d,8,Female,North East,Rural,Primary,Student,Not in Labor Force,0.0,1
77bcc719,32,Male,South West,Urban,Secondary,Informal,Self-employed,199141.98,0
b3afd5fb,75,Female,North East,Rural,Primary,Retired/None,Not in Labor Force,0.0,1
d29b9e1f,42,Female,South South,Urban,None,Informal,Informal,135662.71,0
23e67454,5,Male,North West,Rural,None,None,Not in Labor Force,0.0,1
e1d52dd7,55,Female,North East,Rural,Primary,Agriculture,Informal,22031.17,1
c38021e4,11,Female,North Central,Urban,Primary,Student,Not in Labor Force,0.0,1
4582185b,2,Male,South East,Rural,None,None,Not in Labor Force,0.0,1
f3700a5a,60,Male,South West,Rural,Primary,Agriculture,Informal,69513.09,1
236c0c36,61,Female,North West,Rural,Primary,Informal,Informal,43086.47,1
6c496619,10,Female,North West,Rural,Primary,Student,Not in Labor Force,0.0,1
2c317b42,52,Male,North East,Urban,Secondary,Trade/Services,Self-employed,162485.86,0
5d47be31,60,Male,North Central,Urban,None,Informal,Informal,67399.72,1
b1903cbc,2,Female,North Central,Rural,None,None,Not in Labor Force,0.0,1
6be7ea64,33,Female,North Central,Urban,Tertiary,Manufacturing,Wage-employed,176422.75,0
649c00b3,34,Male,South West,Urban,None,Trade/Services,Informal,60547.63,1
eee7c747,39,Female,North Central,Urban,Primary,Trade/Services,Informal,117650.38,0
a4cc01b5,25,Male,South South,Rural,Secondary,Trade/Services,Self-employed,316862.4,0
29219ce0,31,Male,North East,Urban,Secondary,Trade/Services,Self-employed,168368.4,0
7f32a0bb,12,Female,South West,Urban,Secondary,Student,Not in Labor Force,0.0,1
fd2ed36f,63,Male,South West,Urban,Secondary,Manufacturing,Self-employed,105392.26,0
bc8591e8,49,Female,North East,Rural,None,Agriculture,Informal,29501.95,1
dfca81c6,13,Male,North Central,Rural,None,Student,Not in Labor Force,0.0,1
5c8a19e1,53,Female,North East,Urban,None,Informal,Informal,73491.79,1
bcfb0031,33,Male,North West,Rural,Primary,Informal,Informal,47711.8,1
b0511a79,17,Male,North Central,Rural,None,Agriculture,Informal,71931.35,1
e486f953,1,Female,North East,Rural,None,None,Not in Labor Force,0.0,1
5e6558f4,9,Male,North West,Urban,Primary,Student,Not in Labor Force,0.0,1
948c75fc,63,Female,North Central,Rural,None,Informal,Informal,57770.0,1
95e08e62,8,Female,North Central,Rural,Primary,Student,Not in Labor Force,0.0,1
410446bd,36,Female,North West,Urban,None,Trade/Services,Informal,107769.27,0
681ec7e7,5,Female,North West,Urban,None,None,Not in Labor Force,0.0,1
4c8f9a89,7,Female,South West,Urban,Primary,Student,Not in Labor Force,0.0,1
2dc71287,10,Female,South West,Urban,Primary,Student,Not in Labor Force,0.0,1
5f1b98f8,4,Female,South South,Rural,None,None,Not in Labor Force,0.0,1
08bbfc5c,55,Female,North West,Urban,None,Trade/Services,Informal,65132.36,1
ea5afd77,45,Male,North West,Urban,Secondary,Trade/Services,Self-employed,371561.72,0
3f633f53,10,Female,North West,Rural,Primary,Student,Not in Labor Force,0.0,1
1840bb7b,4,Male,North Central,Rural,None,None,Not in Labor Force,0.0,1
39d26311,16,Male,South West,Rural,Tertiary,Trade/Services,Wage-employed,420960.01,0
dbfaaf2b,5,Male,North Central,Rural,None,None,Not in Labor Force,0.0,1
abd992b9,61,Female,South East,Urban,Tertiary,Manufacturing,Wage-employed,261969.49,0
9252863d,23,Female,South West,Urban,Primary,Informal,Informal,147364.8,0
2acceda7,33,Female,South South,Rural,Secondary,Trade/Services,Self-employed,49335.23,1
aa5acfff,56,Male,North West,Rural,None,Agriculture,Informal,35853.33,1
3dfdbe31,50,Male,North West,Rural,None,Agriculture,Informal,37027.2,1
a15458fd,24,Female,North East,Rural,None,Agriculture,Informal,132856.86,0
636ebd52,10,Male,North West,Rural,None,Student,Not in Labor Force,0.0,1
9dddd3d1,7,Male,South South,Urban,Primary,Student,Not in Labor Force,0.0,1
d786e4ff,5,Male,North East,Urban,None,None,Not in Labor Force,0.0,1
6075b34a,59,Female,South West,Urban,Tertiary,Professional,Wage-employed,359600.48,0
023a7478,71,Male,North East,Rural,None,Retired/None,Not in Labor Force,0.0,1
074e4ec8,21,Male,North West,Rural,Primary,Agriculture,Informal,41059.94,1
88767fda,3,Female,North West,Rural,None,None,Not in Labor Force,0.0,1
07e38b61,29,Male,North East,Urban,Secondary,Trade/Services,Self-employed,147040.35,0
0179c56a,11,Female,South West,Urban,Primary,Student,Not in Labor Force,0.0,1
21947afd,5,Male,South South,Rural,None,None,Not in Labor Force,0.0,1
4c13ced3,23,Male,South West,Urban,Tertiary,Professional,Wage-employed,554177.8,0
eb1034c4,2,Female,North Central,Rural,None,None,Not in Labor Force,0.0,1
fb296646,22,Female,North West,Urban,Secondary,Trade/Services,Self-employed,345763.0,0
a3f06a5e,6,Female,South East,Urban,Primary,Student,Not in Labor Force,0.0,1
08779226,18,Female,North West,Rural,Primary,Agriculture,Informal,24386.99,1
d43c7c10,27,Male,South South,Rural,Secondary,Informal,Self-employed,210657.25,0
2b198cf1,33,Male,North Central,Rural,None,Informal,Informal,17319.58,1
14155646,21,Male,North West,Rural,None,Agriculture,Informal,103132.69,0
4227d264,24,Female,North Central,Rural,None,Agriculture,Informal,120327.1,0
4ededa22,39,Female,South South,Rural,Primary,Agriculture,Informal,124124.68,0
da4b46f9,58,Female,North East,Rural,Primary,Agriculture,Informal,84229.7,1
92143b2f,9,Male,North East,Urban,None,Student,Not in Labor Force,0.0,1
b3723628,49,Female,North West,Rural,Primary,Agriculture,Informal,31600.82,1
36df29cc,14,Female,South West,Urban,Tertiary,Student,Not in Labor Force,0.0,1
785f153c,9,Female,North West,Rural,None,Student,Not in Labor Force,0.0,1
9ae69e9f,39,Female,South East,Rural,Primary,Agriculture,Informal,93736.95,1
629d733f,43,Female,South South,Urban,Secondary,Informal,Self-employed,70227.58,1
6c41a718,7,Male,South South,Urban,Primary,Student,Not in Labor Force,0.0,1
2feea4f6,26,Male,North West,Rural,Secondary,Informal,Self-employed,56206.14,1
89fa8522,61,Male,South West,Urban,Tertiary,Trade/Services,Wage-employed,304443.51,0
437c9be7,54,Male,North West,Rural,None,Agriculture,Informal,48064.99,1
786bdbef,11,Male,South West,Urban,Primary,Student,Not in Labor Force,0.0,1
47a24969,20,Male,South East,Urban,Tertiary,Trade/Services,Wage-employed,462509.3,0
d4f6ddec,11,Male,North Central,Urban,Primary,Student,Not in Labor Force,0.0,1
2868ae06,24,Female,South South,Rural,None,Agriculture,Informal,39448.83,1
3b78c21f,1,Female,South East,Urban,None,None,Not in Labor Force,0.0,1
6575bf3c,7,Female,North East,Rural,Primary,Student,Not in Labor Force,0.0,1
b7a702cc,59,Male,South West,Urban,Secondary,Informal,Self-employed,162399.94,0
a9e08ac2,39,Male,North West,Rural,Secondary,Informal,Self-employed,43330.36,1
08448741,6,Male,North East,Urban,None,Student,Not in Labor Force,0.0,1
8a2ace9f,7,Female,North West,Rural,Primary,Student,Not in Labor Force,0.0,1
82f6aaf9,37,Female,South South,Rural,None,Agriculture,Informal,61284.86,1
b3295364,10,Male,North Central,Rural,None,Student,Not in Labor Force,0.0,1
7b794a02,50,Female,South West,Urban,Secondary,Trade/Services,Self-employed,113156.34,0
58a1ae56,0,Male,South West,Urban,None,None,Not in Labor Force,0.0,1
310f5d50,2,Female,South East,Rural,None,None,Not in Labor Force,0.0,1
b133a344,6,Male,South West,Urban,Primary,Student,Not in Labor Force,0.0,1
f74b8f0d,57,Male,North East,Urban,None,Informal,Informal,148493.65,0
a7d5ed88,6,Male,South West,Urban,Primary,Student,Not in Labor Force,0.0,1
a8d6e936,10,Female,North Central,Urban,Primary,Student,Not in Labor Force,0.0,1
f08ad2a2,77,Female,South West,Urban,Tertiary,Retired/None,Not in Labor Force,0.0,1
09a3b822,31,Female,North West,Rural,Secondary,Trade/Services,Self-employed,192660.14,0
d9e3d3d3,9,Male,North East,Urban,Primary,Student,Not in Labor Force,0.0,1
2d43c407,36,Male,South South,Urban,Secondary,Informal,Self-employed,120333.78,0
6bfdc4c3,27,Female,North East,Rural,None,Agriculture,Informal,18477.48,1
b31b1205,12,Female,North Central,Rural,None,Student,Not in Labor Force,0.0,1
3b6aae5c,11,Female,North West,Rural,Primary,Student,Not in Labor Force,0.0,1
5f453e48,21,Male,North West,Urban,Secondary,Trade/Services,Self-employed,55019.16,1
33b9617f,15,Female,North West,Rural,None,Agriculture,Informal,117506.22,0
eb23149d,47,Male,South West,Rural,Secondary,Informal,Self-employed,90579.75,1
9838926c,3,Female,South South,Rural,None,None,Not in Labor Force,0.0,1
06fa7ed5,6,Female,North East,Rural,Primary,Student,Not in Labor Force,0.0,1
e49c0b54,28,Female,North East,Rural,Secondary,Trade/Services,Self-employed,281952.19,0
3018159a,10,Male,South West,Rural,Primary,Student,Not in Labor Force,0.0,1
b862ef23,61,Male,North East,Rural,None,Agriculture,Informal,102540.77,0
8a454206,57,Male,South South,Urban,Secondary,Informal,Self-employed,155298.25,0
cc4f7808,7,Female,North East,Rural,Primary,Student,Not in Labor Force,0.0,1
982895d4,55,Male,North Central,Rural,Primary,Agriculture,Informal,64674.99,1
fddd05ee,31,Female,North Central,Urban,Tertiary,Trade/Services,Wage-employed,200920.73,0
914f3dd0,18,Female,South East,Urban,Primary,Informal,Informal,55337.81,1
42bb749d,3,Female,South West,Urban,None,None,Not in Labor Force,0.0,1
25143435,2,Female,North West,Rural,None,None,Not in Labor Force,0.0,1
6f208e96,53,Female,North West,Rural,None,Informal,Informal,76861.94,1
0a40d587,0,Female,South South,Urban,None,None,Not in Labor Force,0.0,1
d8f94354,73,Male,South East,Urban,Secondary,Retired/None,Not in Labor Force,0.0,1
33c39deb,12,Female,North West,Rural,Primary,Student,Not in Labor Force,0.0,1
0c4dcc6b,38,Female,South East,Rural,Secondary,Trade/Services,Self-employed,80253.73,1
4fa5849d,1,Male,South West,Rural,None,None,Not in Labor Force,0.0,1
2995dc8f,48,Female,North Central,Rural,Primary,Agriculture,Informal,79298.01,1
11b3b0e9,7,Female,North West,Rural,Primary,Student,Not in Labor Force,0.0,1
0033948d,29,Female,South East,Rural,Secondary,Unemployed,Self-employed,183055.2,0
ee83de8d,0,Male,North West,Urban,None,None,Not in Labor Force,0.0,1
d02c2500,27,Female,South West,Urban,Secondary,Trade/Services,Self-employed,119635.65,0
7a0363e5,6,Male,North West,Urban,None,Student,Not in Labor Force,0.0,1
7195e5b1,23,Female,South East,Urban,Tertiary,Professional,Wage-employed,308992.93,0
d2843bc9,58,Male,North West,Rural,Primary,Informal,Informal,34968.94,1
4a3a9b63,14,Female,North West,Urban,Secondary,Student,Not in Labor Force,0.0,1
0ed3ebab,49,Male,North East,Rural,None,Agriculture,Informal,98807.78,0
918420d2,6,Male,North West,Rural,Primary,Student,Not in Labor Force,0.0,1
7df2fbd0,86,Male,North Central,Rural,None,Retired/None,Not in Labor Force,0.0,1
da6624a9,61,Male,North East,Urban,Tertiary,Professional,Wage-employed,629134.39,0
a61359e5,6,Female,South South,Urban,Primary,Student,Not in Labor Force,0.0,1
3847ae63,6,Female,South West,Urban,Primary,Student,Not in Labor Force,0.0,1
4d87e607,9,Male,South West,Rural,Primary,Student,Not in Labor Force,0.0,1
34d694c2,65,Male,North West,Rural,Primary,Agriculture,Informal,222403.25,0
6eba5fe8,13,Male,North Central,Rural,Secondary,Student,Not in Labor Force,0.0,1
391da566,46,Female,North West,Urban,Secondary,Trade/Services,Self-employed,148170.03,0
ea059647,62,Male,South East,Urban,Tertiary,Trade/Services,Wage-employed,377761.02,0
9f036f36,24,Male,North East,Rural,None,Agriculture,Informal,79252.59,1
6a3c0293,0,Male,South East,Urban,None,None,Not in Labor Force,0.0,1
4b4a19cc,19,Male,North East,Rural,Primary,Agriculture,Informal,50373.83,1
163a2dac,17,Male,South South,Urban,Secondary,Informal,Self-employed,78339.76,1
ad368ddf,63,Male,North West,Rural,None,Informal,Informal,63150.01,1
f8bd9fbd,1,Female,North West,Rural,None,None,Not in Labor Force,0.0,1
5763d3ad,9,Female,South West,Rural,Primary,Student,Not in Labor Force,0.0,1
cada1ef6,4,Male,South South,Rural,None,None,Not in Labor Force,0.0,1
03ddfc55,41,Female,South West,Rural,Primary,Informal,Informal,78801.47,1
30325424,2,Male,North West,Rural,None,None,Not in Labor Force,0.0,1
015411e3,36,Female,North Central,Urban,None,Informal,Informal,110686.3,0
03b7b625,1,Male,South South,Rural,None,None,Not in Labor Force,0.0,1
c6afdef7,30,Female,North West,Urban,Primary,Trade/Services,Informal,105497.22,0
66b051c1,16,Female,North West,Rural,Secondary,Unemployed,Self-employed,186900.82,0
2887fc6d,61,Male,South East,Urban,Secondary,Informal,Self-employed,182100.11,0
1ff1f2ff,12,Female,South South,Urban,Secondary,Student,Not in Labor Force,0.0,1
708c0587,12,Male,South West,Urban,Primary,Student,Not in Labor Force,0.0,1
b0abaccf,7,Female,South South,Rural,Primary,Student,Not in Labor Force,0.0,1
7c7bc568,10,Male,North West,Rural,Primary,Student,Not in Labor Force,0.0,1
202a103f,22,Male,North Central,Urban,Tertiary,Trade/Services,Wage-employed,470880.84,0
cf027c32,24,Female,South West,Urban,Secondary,Trade/Services,Self-employed,62358.07,1
226fbf81,47,Male,South West,Urban,Primary,Trade/Services,Informal,93669.43,1
8a501d8f,14,Male,South East,Urban,Secondary,Student,Not in Labor Force,0.0,1
da99a146,26,Male,South South,Rural,Primary,Agriculture,Informal,54040.53,1
af73322a,23,Female,North East,Urban,Tertiary,Trade/Services,Wage-employed,204235.99,0
447dd489,51,Male,North West,Urban,None,Informal,Informal,109154.76,0
2ae3c3c3,8,Male,North East,Rural,None,Student,Not in Labor Force,0.0,1
5ca0f042,62,Female,South West,Rural,Secondary,Informal,Self-employed,134715.21,0
de3012ab,32,Male,North West,Rural,None,Agriculture,Informal,77284.0,1
3a958878,44,Male,South East,Urban,Secondary,Trade/Services,Self-employed,185973.04,0
ff834ec5,46,Male,North West,Urban,Primary,Informal,Informal,87059.6,1
00f255cf,7,Male,North West,Urban,Primary,Student,Not in Labor Force,0.0,1
22d63b83,6,Male,North Central,Urban,Primary,Student,Not in Labor Force,0.0,1
b0a22ad0,25,Female,South West,Rural,Tertiary,Trade/Services,Wage-employed,255751.96,0
bbc111ed,34,Male,North East,Urban,Primary,Informal,Informal,233754.26,0
11e14790,2,Male,South West,Urban,None,None,Not in Labor Force,0.0,1
ab6b194d,50,Male,North Central,Rural,None,Informal,Informal,65443.42,1
5fae8c18,84,Male,North West,Urban,Primary,Retired/None,Not in Labor Force,0.0,1
86f35fef,40,Female,North West,Rural,Primary,Informal,Informal,13022.72,1
aae0516f,9,Male,South West,Urban,Primary,Student,Not in Labor Force,0.0,1
a4263b7d,38,Male,North East,Urban,Primary,Trade/Services,Informal,18833.15,1
0e89e826,27,Male,South South,Rural,Tertiary,Trade/Services,Wage-employed,611069.66,0
783ba685,60,Female,North Central,Rural,Primary,Agriculture,Informal,19922.45,1
10ac214c,48,Male,North East,Rural,None,Agriculture,Informal,43191.47,1
b0c02b47,43,Male,North East,Rural,Secondary,Trade/Services,Self-employed,47596.64,1
e973c123,50,Female,North West,Rural,None,Agriculture,Informal,49933.95,1
b92bf6fa,6,Male,South West,Urban,Primary,Student,Not in Labor Force,0.0,1
677dee35,44,Female,South West,Urban,None,Informal,Informal,101891.72,0
e5cb3422,31,Female,South East,Urban,Primary,Trade/Services,Informal,54241.74,1
de3eeb1e,12,Male,North West,Rural,None,Student,Not in Labor Force,0.0,1
85866596,38,Male,North East,Rural,Secondary,Trade/Services,Self-employed,60514.31,1
f6ba1fc8,45,Female,North West,Urban,None,Informal,Informal,125187.59,0
9b990b5f,41,Female,North East,Urban,Primary,Informal,Informal,392043.46,0
6b25c00d,1,Female,North Central,Rural,None,None,Not in Labor Force,0.0,1
4f8a671c,35,Male,South South,Urban,Secondary,Trade/Services,Self-employed,184288.01,0
b281d794,11,Male,South West,Urban,Primary,Student,Not in Labor Force,0.0,1
c637b5f5,6,Female,South East,Urban,Primary,Student,Not in Labor Force,0.0,1
e1f0036b,15,Male,North East,Rural,Primary,Agriculture,Informal,34599.21,1
3c526f8e,14,Female,North West,Rural,Secondary,Student,Not in Labor Force,0.0,1
c6165b2d,17,Male,North East,Rural,None,Agriculture,Informal,100980.52,0
010a9a65,5,Female,North East,Rural,None,None,Not in Labor Force,0.0,1
0e5b312d,28,Male,South West,Rural,Tertiary,Professional,Wage-employed,844485.66,0
e6717fce,6,Male,North East,Urban,Primary,Student,Not in Labor Force,0.0,1
01b6854a,70,Female,South South,Rural,Primary,Agriculture,Informal,113323.95,0
4037f6d4,47,Male,South South,Urban,Secondary,Trade/Services,Self-employed,52773.94,1
cf54002f,52,Male,North East,Rural,None,Informal,Informal,82213.02,1
5bfb2331,7,Male,South West,Urban,Primary,Student,Not in Labor Force,0.0,1
52b88f9a,9,Female,South West,Urban,Primary,Student,Not in Labor Force,0.0,1
68760965,79,Female,North West,Rural,Tertiary,Retired/None,Not in Labor Force,0.0,1
ed824243,13,Male,South South,Urban,Primary,Student,Not in Labor Force,0.0,1
dd6db19e,3,Male,North West,Rural,None,None,Not in Labor Force,0.0,1
7dbfa76d,62,Male,South West,Urban,Secondary,Trade/Services,Self-employed,101171.95,0
2361d8ee,10,Female,North East,Urban,Primary,Student,Not in Labor Force,0.0,1
dd746a76,33,Male,North East,Rural,Primary,Agriculture,Informal,61790.79,1
275977a0,47,Male,North Central,Rural,Tertiary,Professional,Wage-employed,236927.82,0
4208dff3,3,Male,South South,Urban,None,None,Not in Labor Force,0.0,1
775d8515,7,Female,North West,Urban,Primary,Student,Not in Labor Force,0.0,1
05a62e35,9,Female,North West,Rural,None,Student,Not in Labor Force,0.0,1
0681f441,64,Female,North Central,Urban,None,Trade/Services,Informal,126203.31,0
01cffa33,48,Male,North West,Rural,Secondary,Trade/Services,Self-employed,79876.0,1
131a1a0e,3,Female,South West,Urban,None,None,Not in Labor Force,0.0,1
aebe1872,14,Female,South East,Rural,Secondary,Student,Not in Labor Force,0.0,1
ae637a7b,50,Male,South South,Rural,Primary,Informal,Informal,140182.34,0
9cccee34,30,Male,South West,Urban,Secondary,Informal,Self-employed,133015.07,0
fbe83bac,14,Male,South South,Urban,Secondary,Student,Not in Labor Force,0.0,1
2fbec9ba,1,Female,South West,Urban,None,None,Not in Labor Force,0.0,1
8f49644f,6,Female,South South,Urban,Primary,Student,Not in Labor Force,0.0,1
3dc5e130,61,Female,North West,Urban,Primary,Trade/Services,Informal,70679.65,1
d742b1e6,86,Male,North Central,Urban,Secondary,Retired/None,Not in Labor Force,0.0,1
b220ced8,10,Male,South South,Rural,Primary,Student,Not in Labor Force,0.0,1
c8af83b6,33,Female,South West,Rural,Secondary,Manufacturing,Self-employed,139116.16,0
47582b17,7,Male,South South,Rural,None,Student,Not in Labor Force,0.0,1
a13df55c,15,Female,North West,Rural,Primary,Agriculture,Informal,74185.64,1
ca9ac19f,2,Female,South South,Urban,None,None,Not in Labor Force,0.0,1
3b012732,19,Male,South West,Urban,Secondary,Trade/Services,Self-employed,191042.39,0
4ab232ea,64,Male,North West,Rural,Primary,Agriculture,Informal,55274.0,1
e2474dbf,26,Female,North West,Rural,None,Informal,Informal,133345.35,0
ce9b5831,11,Male,North East,Urban,Primary,Student,Not in Labor Force,0.0,1
6e474f45,4,Female,South South,Rural,None,None,Not in Labor Force,0.0,1
1b635374,10,Male,South West,Urban,None,Student,Not in Labor Force,0.0,1
f52e751f,33,Female,South South,Urban,Secondary,Informal,Self-employed,241387.41,0
7ad0586e,14,Female,North Central,Urban,Secondary,Student,Not in Labor Force,0.0,1
c9220aa4,23,Female,South South,Rural,Tertiary,Trade/Services,Wage-employed,294382.45,0
470bf53c,10,Male,North Central,Rural,None,Student,Not in Labor Force,0.0,1
5f28cf87,0,Female,North West,Rural,None,None,Not in Labor Force,0.0,1
fec94101,62,Male,North West,Urban,None,Trade/Services,Informal,132403.09,0
898d0139,3,Male,South South,Urban,None,None,Not in Labor Force,0.0,1
c2b3a289,9,Male,North East,Urban,Primary,Student,Not in Labor Force,0.0,1
cda49acf,5,Male,North West,Rural,None,None,Not in Labor Force,0.0,1
db841ce1,61,Male,North West,Rural,None,Agriculture,Informal,51133.59,1
4a9cebf0,46,Male,North East,Rural,Secondary,Trade/Services,Self-employed,138990.43,0
e3cfa29b,14,Female,South South,Rural,Primary,Student,Not in Labor Force,0.0,1
b5dcecf8,49,Female,North Central,Rural,Secondary,Informal,Self-employed,161973.91,0
0d2601f6,14,Male,South West,Urban,Primary,Student,Not in Labor Force,0.0,1
d0e0d155,11,Female,South South,Urban,Primary,Student,Not in Labor Force,0.0,1
15fdd0f8,4,Male,North Central,Urban,None,None,Not in Labor Force,0.0,1
0fc7c6c7,46,Male,South East,Urban,Secondary,Trade/Services,Self-employed,154790.81,0
473a06c7,13,Female,North East,Urban,Secondary,Student,Not in Labor Force,0.0,1
d37a900a,4,Male,South South,Rural,None,None,Not in Labor Force,0.0,1
bfc9420a,10,Female,North West,Urban,Primary,Student,Not in Labor Force,0.0,1
38a516cb,7,Male,South West,Urban,Primary,Student,Not in Labor Force,0.0,1
1c9f0daf,51,Male,South West,Urban,Tertiary,Professional,Wage-employed,244732.66,0
cda4c602,6,Male,North West,Rural,Primary,Student,Not in Labor Force,0.0,1
be8255cc,5,Female,North East,Rural,None,None,Not in Labor Force,0.0,1
59ed2d3f,44,Female,North East,Rural,None,Agriculture,Informal,29258.87,1
95772ea9,9,Female,North West,Urban,None,Student,Not in Labor Force,0.0,1
f4009611,46,Female,South West,Rural,Tertiary,Professional,Wage-employed,353661.8,0
476afdea,59,Male,South South,Urban,Tertiary,Trade/Services,Wage-employed,259284.15,0
895f037e,1,Female,South West,Urban,None,None,Not in Labor Force,0.0,1
f946ab9a,25,Male,North Central,Urban,Secondary,Trade/Services,Self-employed,250846.1,0
a1a067a9,10,Male,North West,Rural,Primary,Student,Not in Labor Force,0.0,1
66312f7e,34,Female,North West,Urban,Primary,Informal,Informal,32687.28,1
781bc456,51,Male,North Central,Urban,Primary,Informal,Informal,178143.35,0
ab2890df,8,Male,South South,Urban,Primary,Student,Not in Labor Force,0.0,1
3dcba582,52,Female,South South,Urban,Primary,Informal,Informal,83331.31,1
77325753,63,Female,North East,Rural,None,Informal,Informal,35862.0,1
dbab8533,83,Female,North Central,Rural,None,Retired/None,Not in Labor Force,0.0,1
d9da200b,54,Male,South West,Urban,Tertiary,Professional,Wage-employed,305343.86,0
edad399a,6,Male,South West,Rural,Primary,Student,Not in Labor Force,0.0,1
7ed59013,4,Female,South West,Rural,None,None,Not in Labor Force,0.0,1
87823d39,14,Female,South East,Urban,Secondary,Student,Not in Labor Force,0.0,1
c3c9319f,56,Female,North West,Rural,Tertiary,Professional,Wage-employed,262460.11,0
18315967,7,Female,South South,Urban,Primary,Student,Not in Labor Force,0.0,1
766ef509,62,Female,North West,Rural,None,Agriculture,Informal,80002.7,1
4b120540,8,Male,North Central,Rural,None,Student,Not in Labor Force,0.0,1
c08755f5,6,Female,South South,Rural,Primary,Student,Not in Labor Force,0.0,1
20fa5eaf,10,Female,North Central,Urban,Primary,Student,Not in Labor Force,0.0,1
80eb973c,23,Female,North West,Rural,Secondary,Trade/Services,Self-employed,47327.65,1
cf7d483d,63,Male,North West,Urban,None,Informal,Informal,45458.01,1
a6d8a236,44,Female,South West,Urban,Secondary,Informal,Self-employed,109693.34,0
4a3f1a3b,8,Female,North West,Rural,None,Student,Not in Labor Force,0.0,1
bab45da3,17,Female,North Central,Rural,None,Agriculture,Informal,58780.38,1
28aeccf7,5,Female,North East,Urban,None,None,Not in Labor Force,0.0,1
5b467628,54,Male,South East,Urban,Secondary,Manufacturing,Self-employed,204822.02,0
cf317137,34,Male,North West,Rural,Secondary,Informal,Self-employed,116022.55,0
8d32c08c,6,Male,South West,Urban,Primary,Student,Not in Labor Force,0.0,1
5bcd664a,21,Male,North Central,Rural,None,Agriculture,Informal,47396.8,1
a43bb2ab,34,Female,South West,Urban,Secondary,Trade/Services,Self-employed,153563.61,0
6b057d44,8,Male,North West,Rural,Primary,Student,Not in Labor Force,0.0,1
457d9135,59,Female,South West,Urban,Primary,Informal,Informal,89258.36,1
f1e616a0,49,Male,South West,Urban,Secondary,Trade/Services,Self-employed,114572.34,0
0b269182,11,Male,North West,Rural,Primary,Student,Not in Labor Force,0.0,1
90c1ec11,7,Male,South East,Rural,Primary,Student,Not in Labor Force,0.0,1
16a191fe,54,Female,South South,Rural,None,Informal,Informal,64199.93,1
f65985e6,27,Male,North West,Urban,Primary,Informal,Informal,22227.36,1
4a37629a,3,Male,South West,Urban,None,None,Not in Labor Force,0.0,1
1457dfac,62,Female,South West,Urban,Primary,Informal,Informal,141505.08,0
aff91ac7,6,Female,North West,Rural,None,Student,Not in Labor Force,0.0,1
7281cdae,68,Female,North East,Rural,Primary,Agriculture,Informal,83180.66,1
9931fd14,26,Male,South South,Urban,Secondary,Unemployed,Self-employed,327351.34,0
5b5c9c20,31,Male,South West,Urban,None,Trade/Services,Informal,49683.6,1
77082415,0,Female,South South,Urban,None,None,Not in Labor Force,0.0,1
78d4dcd4,13,Female,South West,Rural,Tertiary,Student,Not in Labor Force,0.0,1
9961f929,0,Female,North West,Urban,None,None,Not in Labor Force,0.0,1
dc0bd55b,16,Male,North West,Rural,None,Agriculture,Informal,84364.33,1
26f45987,20,Male,South West,Urban,Primary,Trade/Services,Informal,25771.13,1
9133d1b8,11,Male,South West,Rural,Primary,Student,Not in Labor Force,0.0,1
fd000fd0,9,Female,North West,Rural,Primary,Student,Not in Labor Force,0.0,1
479794f4,25,Male,South West,Rural,Tertiary,Professional,Wage-employed,102808.31,0
4c178720,4,Female,South East,Urban,None,None,Not in Labor Force,0.0,1
c761fc13,57,Male,South East,Rural,Primary,Informal,Informal,51939.31,1
95758c14,32,Female,North West,Rural,None,Informal,Informal,42310.9,1
b63c5718,54,Male,North East,Rural,None,Agriculture,Informal,112241.03,0
79bf7a9d,8,Female,South South,Urban,None,Student,Not in Labor Force,0.0,1
ad145cd0,6,Male,South South,Rural,Primary,Student,Not in Labor Force,0.0,1
07cf8f73,42,Female,North East,Urban,Primary,Trade/Services,Informal,163899.12,0
16b1b6e5,60,Female,South East,Urban,None,Informal,Informal,174587.11,0
de418e11,14,Male,North West,Urban,Primary,Student,Not in Labor Force,0.0,1
62686136,14,Female,North West,Urban,Primary,Student,Not in Labor Force,0.0,1
2e7dcfea,26,Female,North West,Rural,Secondary,Trade/Services,Self-employed,141313.3,0
d17676d4,55,Female,North West,Urban,Primary,Trade/Services,Informal,118729.81,0
a6c2aafa,43,Female,South South,Urban,Secondary,Informal,Self-employed,61758.14,1
72843b41,87,Female,South West,Urban,Secondary,Retired/None,Not in Labor Force,0.0,1
beb12680,4,Male,North East,Rural,None,None,Not in Labor Force,0.0,1
de1db243,4,Male,South East,Urban,None,None,Not in Labor Force,0.0,1
78b5a539,62,Female,South East,Urban,Primary,Informal,Informal,187179.09,0
e63659d0,55,Male,North West,Rural,None,Agriculture,Informal,126897.54,0
492c03f3,12,Male,South West,Urban,Tertiary,Student,Not in Labor Force,0.0,1
c2b86b94,9,Female,South West,Rural,None,Student,Not in Labor Force,0.0,1
ba26d0be,51,Male,South West,Urban,Secondary,Manufacturing,Self-employed,58223.0,1
03de6e5e,5,Female,South West,Rural,None,None,Not in Labor Force,0.0,1
3633f17f,2,Female,North West,Urban,None,None,Not in Labor Force,0.0,1
8a781e2c,24,Female,North East,Rural,None,Agriculture,Informal,79286.9,1
6eeb5e40,21,Male,South East,Urban,Secondary,Trade/Services,Self-employed,95987.35,1
beb65612,23,Male,South South,Urban,Tertiary,Trade/Services,Wage-employed,1214410.27,0
92089b0b,8,Male,North East,Rural,None,Student,Not in Labor Force,0.0,1
45155420,60,Male,North West,Rural,Primary,Informal,Informal,33355.99,1
c1adc861,29,Male,South South,Urban,Tertiary,Professional,Wage-employed,423180.84,0
a72b0be5,27,Male,North East,Rural,Tertiary,Professional,Wage-employed,331565.77,0
e1a345fe,56,Female,North East,Urban,Primary,Informal,Informal,78275.27,1
686c9ffc,13,Female,North East,Rural,None,Student,Not in Labor Force,0.0,1
20945e59,9,Female,North Central,Rural,Primary,Student,Not in Labor Force,0.0,1
27234f43,4,Female,North East,Rural,None,None,Not in Labor Force,0.0,1
40e8b33f,6,Male,South West,Rural,Primary,Student,Not in Labor Force,0.0,1
e63e60b2,58,Female,North West,Urban,Primary,Trade/Services,Informal,293318.24,0
93898286,42,Female,South South,Rural,Secondary,Informal,Self-employed,272292.43,0
221fa129,52,Male,South South,Urban,Secondary,Trade/Services,Self-employed,49883.14,1
e3461697,26,Female,South South,Urban,Tertiary,Professional,Wage-employed,536206.41,0
c5ad8918,7,Male,South South,Urban,Primary,Student,Not in Labor Force,0.0,1
a67d9f1e,12,Male,South West,Rural,None,Student,Not in Labor Force,0.0,1
f4ba64c9,7,Female,North West,Rural,Primary,Student,Not in Labor Force,0.0,1
a31ae613,1,Female,North West,Rural,None,None,Not in Labor Force,0.0,1
171db360,5,Female,North West,Urban,None,None,Not in Labor Force,0.0,1
8ac29a2a,53,Female,North East,Urban,Tertiary,Manufacturing,Wage-employed,397595.32,0
8542730a,76,Female,North Central,Rural,Primary,Retired/None,Not in Labor Force,0.0,1
d41fff3b,6,Female,South South,Rural,Primary,Student,Not in Labor Force,0.0,1
190cf043,2,Male,North Central,Rural,None,None,Not in Labor Force,0.0,1
1fbd27ee,28,Female,North Central,Urban,Secondary,Manufacturing,Self-employed,219822.39,0
007eb371,13,Male,South West,Urban,Secondary,Student,Not in Labor Force,0.0,1
bab5f5ab,55,Male,North West,Rural,Primary,Informal,Informal,68032.28,1
feee8175,64,Male,South South,Urban,Tertiary,Trade/Services,Wage-employed,245839.85,0
6b161fa7,57,Female,North Central,Urban,Primary,Trade/Services,Informal,43369.14,1
91bfaf81,2,Female,North East,Urban,None,None,Not in Labor Force,0.0,1
90e2cf61,45,Female,South South,Rural,Secondary,Trade/Services,Self-employed,77563.8,1
1af1bced,57,Male,South West,Rural,Secondary,Informal,Self-employed,91828.41,1
abbacc0e,64,Female,North Central,Rural,Primary,Informal,Informal,67261.59,1
9214bb03,57,Male,South West,Urban,Secondary,Trade/Services,Self-employed,94623.98,1
e9139f37,8,Male,South West,Urban,None,Student,Not in Labor Force,0.0,1
844f2a3c,18,Female,North West,Rural,None,Agriculture,Informal,166638.87,0
b7966429,64,Male,South South,Rural,None,Informal,Informal,82549.44,1
f04a026f,27,Female,South South,Rural,Tertiary,Manufacturing,Wage-employed,501006.51,0
df572ed3,50,Male,South West,Urban,Secondary,Informal,Self-employed,122609.74,0
1ff4fbd1,56,Male,South West,Rural,Secondary,Informal,Self-employed,52970.16,1
6ccea1d7,12,Female,South South,Rural,Secondary,Student,Not in Labor Force,0.0,1
d83e631f,51,Male,North East,Rural,Primary,Informal,Informal,101722.57,0
a220230a,17,Male,South South,Rural,Secondary,Trade/Services,Self-employed,54389.23,1
f3fffa1c,30,Male,South West,Urban,Secondary,Trade/Services,Self-employed,39589.2,1
5afae878,40,Female,North Central,Rural,Secondary,Trade/Services,Self-employed,138603.67,0
4c6e61e3,7,Female,South West,Urban,Primary,Student,Not in Labor Force,0.0,1
2d272101,53,Female,North Central,Urban,Secondary,Unemployed,Self-employed,84679.78,1
2dfad5e7,2,Female,North West,Rural,None,None,Not in Labor Force,0.0,1
82a4dd8e,13,Female,South East,Urban,None,Student,Not in Labor Force,0.0,1
64fdd51e,29,Female,South West,Urban,Primary,Informal,Informal,66134.32,1
660893ea,0,Female,South East,Rural,None,None,Not in Labor Force,0.0,1
73aa1be2,35,Female,North West,Urban,Secondary,Trade/Services,Self-employed,202074.85,0
807913fd,0,Male,North Central,Rural,None,None,Not in Labor Force,0.0,1
026da48e,5,Female,South East,Urban,None,None,Not in Labor Force,0.0,1
253fb613,41,Male,South South,Urban,None,Informal,Informal,46247.96,1
a62cbf63,37,Male,South South,Urban,Tertiary,Professional,Wage-employed,153073.86,0
919c9f62,61,Female,South South,Rural,Secondary,Informal,Self-employed,205182.31,0
06485b21,45,Male,North West,Urban,Primary,Trade/Services,Informal,78042.97,1
ed3c2611,26,Female,South East,Rural,Tertiary,Manufacturing,Wage-employed,630587.2,0
af18a61b,4,Female,North West,Rural,None,None,Not in Labor Force,0.0,1
d0ae81ca,3,Male,North West,Rural,None,None,Not in Labor Force,0.0,1
8987c729,1,Female,North West,Urban,None,None,Not in Labor Force,0.0,1
a949b8b3,19,Female,South South,Urban,Secondary,Trade/Services,Self-employed,194012.86,0
0661865f,23,Male,North West,Rural,None,Informal,Informal,88733.09,1
0d4b11f8,3,Female,North West,Urban,None,None,Not in Labor Force,0.0,1
d7131b72,60,Female,North West,Urban,Tertiary,Professional,Wage-employed,441556.39,0
a46924f5,32,Male,South West,Urban,Secondary,Trade/Services,Self-employed,146908.32,0
b922a7fa,12,Male,South South,Rural,Primary,Student,Not in Labor Force,0.0,1
0397eadb,14,Male,North Central,Rural,Primary,Student,Not in Labor Force,0.0,1
df7181a2,36,Male,North Central,Urban,Secondary,Informal,Self-employed,263209.73,0
aa33aeed,22,Male,North West,Rural,Tertiary,Professional,Wage-employed,483440.34,0
5b30e6bd,48,Female,North East,Rural,Primary,Agriculture,Informal,42048.8,1
872497a2,8,Male,North West,Urban,Primary,Student,Not in Labor Force,0.0,1
f38b94ac,71,Female,North Central,Urban,Primary,Retired/None,Not in Labor Force,0.0,1
a8f0cbbf,13,Male,South West,Urban,Primary,Student,Not in Labor Force,0.0,1
77b020b7,12,Male,North East,Urban,Primary,Student,Not in Labor Force,0.0,1
14c0722c,82,Female,South East,Urban,Secondary,Retired/None,Not in Labor Force,0.0,1
53a624ab,10,Female,South South,Urban,Primary,Student,Not in Labor Force,0.0,1
dd826864,30,Female,North West,Rural,Primary,Agriculture,Informal,80482.94,1
86b10e0a,4,Male,North West,Urban,None,None,Not in Labor Force,0.0,1
0705099f,19,Female,South East,Urban,Tertiary,Trade/Services,Wage-employed,276065.64,0
892b3779,43,Male,North West,Rural,Tertiary,Professional,Wage-employed,245840.04,0
1cefca4b,14,Male,North East,Urban,Primary,Student,Not in Labor Force,0.0,1
d51e6732,51,Male,North East,Rural,Primary,Agriculture,Informal,84206.7,1
954c3d88,10,Female,South South,Urban,Primary,Student,Not in Labor Force,0.0,1
1b36f71d,36,Male,South West,Urban,Secondary,Informal,Self-employed,91065.77,1
44951401,13,Female,North West,Rural,Tertiary,Student,Not in Labor Force,0.0,1
88eba170,8,Female,North West,Rural,None,Student,Not in Labor Force,0.0,1
e7605510,2,Female,North West,Rural,None,None,Not in Labor Force,0.0,1
e21256e6,2,Male,North East,Rural,None,None,Not in Labor Force,0.0,1
89d3758e,38,Male,North Central,Rural,Primary,Agriculture,Informal,65418.98,1
8d23a562,9,Male,South East,Urban,Primary,Student,Not in Labor Force,0.0,1
658f342d,11,Male,North East,Urban,Primary,Student,Not in Labor Force,0.0,1
29e9391d,20,Female,North East,Rural,None,Agriculture,Informal,75211.66,1
aa64d899,11,Female,North East,Rural,Primary,Student,Not in Labor Force,0.0,1
d5086b6a,17,Female,North West,Rural,Tertiary,Trade/Services,Wage-employed,241928.96,0
d567e9f6,66,Female,South South,Urban,Secondary,Informal,Self-employed,205214.34,0
24efcb27,59,Female,North West,Rural,Primary,Agriculture,Informal,45996.5,1
6a43af1f,64,Male,North East,Urban,None,Informal,Informal,142283.71,0
7d653373,16,Female,North West,Rural,Secondary,Informal,Self-employed,106768.43,0
eb58647d,14,Male,North Central,Urban,Secondary,Student,Not in Labor Force,0.0,1
752a0fde,51,Female,South South,Urban,Primary,Trade/Services,Informal,89653.5,1
65a9c1c4,29,Female,North West,Rural,Primary,Agriculture,Informal,34917.63,1
f94b7c79,46,Female,North Central,Rural,None,Agriculture,Informal,52011.79,1
d3859164,35,Male,North West,Urban,Secondary,Trade/Services,Self-employed,149778.65,0
50ec129a,31,Female,South East,Rural,None,Agriculture,Informal,110708.12,0
9b087d0b,48,Female,South West,Urban,Secondary,Trade/Services,Self-employed,109863.0,0
f6649d58,46,Female,South West,Urban,Secondary,Trade/Services,Self-employed,245837.34,0
5f7a9741,64,Female,North Central,Urban,Primary,Trade/Services,Informal,51360.62,1
e3996983,61,Male,South South,Rural,Tertiary,Professional,Wage-employed,362397.8,0
48c67f78,3,Male,North Central,Rural,None,None,Not in Labor Force,0.0,1
3fa3345b,87,Female,North Central,Urban,Primary,Retired/None,Not in Labor Force,0.0,1
e345811c,49,Female,South West,Urban,Tertiary,Professional,Wage-employed,295355.33,0
72ebd2b8,4,Female,North Central,Rural,None,None,Not in Labor Force,0.0,1
26d344f0,10,Male,North West,Rural,Primary,Student,Not in Labor Force,0.0,1
ae5b5e09,55,Male,North East,Rural,None,Informal,Informal,151221.59,0
a079ec50,4,Male,North West,Urban,None,None,Not in Labor Force,0.0,1
cfde3421,8,Male,North Central,Rural,Primary,Student,Not in Labor Force,0.0,1
371c324d,47,Male,South West,Rural,Secondary,Trade/Services,Self-employed,223732.2,0
e50b2bf4,8,Male,North West,Urban,Primary,Student,Not in Labor Force,0.0,1
0dc7fd6c,60,Female,South West,Urban,Tertiary,Trade/Services,Wage-employed,475168.17,0
fe674059,4,Female,South South,Rural,None,None,Not in Labor Force,0.0,1
45109956,7,Male,North East,Rural,None,Student,Not in Labor Force,0.0,1
e17a519b,35,Female,North West,Rural,Secondary,Trade/Services,Self-employed,71607.62,1
ee962a9a,60,Female,South South,Urban,None,Trade/Services,Informal,32526.67,1
1cdb6075,11,Male,South West,Urban,Primary,Student,Not in Labor Force,0.0,1
6198d797,5,Female,North West,Rural,None,None,Not in Labor Force,0.0,1
3ba1d60f,54,Female,North Central,Rural,Primary,Informal,Informal,75129.95,1
08685ff4,1,Male,South West,Urban,None,None,Not in Labor Force,0.0,1
c652ccf9,2,Male,South West,Urban,None,None,Not in Labor Force,0.0,1
1fe581ac,10,Male,South West,Rural,Primary,Student,Not in Labor Force,0.0,1
f5fe2b7a,23,Female,South West,Rural,Secondary,Informal,Self-employed,111806.22,0
d64a373f,19,Male,South East,Rural,Secondary,Trade/Services,Self-employed,165197.32,0
111047f2,19,Male,North East,Rural,None,Agriculture,Informal,24839.3,1
e1ee0ec1,39,Female,South West,Urban,Secondary,Trade/Services,Self-employed,145061.28,0
e9f6d88e,40,Male,South South,Rural,Primary,Informal,Informal,77450.28,1
066d3048,33,Female,North East,Rural,None,Agriculture,Informal,34850.32,1
c13c8bf8,44,Male,South East,Urban,Primary,Informal,Informal,86674.53,1
5534acdc,3,Female,North West,Urban,None,None,Not in Labor Force,0.0,1
2d2224db,62,Male,North East,Rural,Secondary,Trade/Services,Self-employed,63820.56,1
6de23a39,62,Male,South South,Rural,Primary,Agriculture,Informal,36489.79,1
0c9d7fb8,30,Male,North West,Rural,None,Informal,Informal,43548.78,1
b322e43c,6,Female,North West,Rural,None,Student,Not in Labor Force,0.0,1
dbe2d2f5,1,Male,North Central,Urban,None,None,Not in Labor Force,0.0,1
f5454c6d,35,Female,North Central,Rural,None,Agriculture,Informal,51038.78,1
bf0d8c1e,45,Female,South West,Urban,None,Trade/Services,Informal,169946.83,0
d49b4b0a,15,Female,North West,Rural,Primary,Agriculture,Informal,49362.05,1
8b19988f,2,Male,North West,Rural,None,None,Not in Labor Force,0.0,1
78624e86,45,Female,North East,Urban,Secondary,Trade/Services,Self-employed,80216.88,1
7f78603b,39,Female,North Central,Rural,Secondary,Informal,Self-employed,160770.67,0
350f9fb7,22,Male,South West,Urban,Secondary,Informal,Self-employed,246869.03,0
fd4539e4,15,Female,South West,Urban,Secondary,Trade/Services,Self-employed,217873.25,0
dee89bdc,21,Female,North Central,Rural,Primary,Informal,Informal,136156.52,0
6818acb7,21,Female,North West,Urban,None,Trade/Services,Informal,90703.91,1
b9813a2c,22,Male,South East,Urban,Secondary,Unemployed,Self-employed,146292.55,0
20be8a88,83,Female,North West,Urban,None,Retired/None,Not in Labor Force,0.0,1
043ef3f7,0,Male,North West,Rural,None,None,Not in Labor Force,0.0,1
d141d501,10,Male,South West,Urban,None,Student,Not in Labor Force,0.0,1
9297ade7,61,Male,North East,Rural,Tertiary,Professional,Wage-employed,194400.37,0
77bab52d,55,Male,North Central,Urban,Secondary,Informal,Self-employed,308479.66,0
743e3b25,63,Female,North East,Rural,None,Agriculture,Informal,56653.08,1
c171ae5a,25,Female,North Central,Rural,None,Informal,Informal,49903.99,1
7018fbec,5,Male,North East,Rural,None,None,Not in Labor Force,0.0,1
51de8b16,55,Male,South South,Rural,Primary,Agriculture,Informal,47296.67,1
3daf528f,64,Male,North East,Urban,Secondary,Trade/Services,Self-employed,195232.05,0
970763ff,3,Female,South West,Urban,None,None,Not in Labor Force,0.0,1
2ec8f3a0,1,Female,South South,Urban,None,None,Not in Labor Force,0.0,1
403bc780,18,Male,South West,Urban,Secondary,Trade/Services,Self-employed,140102.14,0
46ce9d86,1,Female,South West,Rural,None,None,Not in Labor Force,0.0,1
0250fab8,42,Male,South West,Urban,Primary,Informal,Informal,90553.95,1
7ca286b9,0,Female,North Central,Rural,None,None,Not in Labor Force,0.0,1
24238389,25,Female,South East,Rural,Primary,Agriculture,Informal,49280.27,1
26e609d9,17,Male,North West,Urban,None,Trade/Services,Informal,71755.5,1
e8fbd8e6,54,Female,South South,Rural,Secondary,Unemployed,Self-employed,90324.19,1
a98f548c,4,Male,South West,Rural,None,None,Not in Labor Force,0.0,1
6461de7b,35,Male,South East,Rural,Primary,Agriculture,Informal,140497.13,0
2ad15293,5,Female,North West,Rural,None,None,Not in Labor Force,0.0,1
504adaa5,5,Female,South South,Urban,None,None,Not in Labor Force,0.0,1
58477c45,69,Male,North West,Rural,None,Informal,Informal,20317.97,1
2be45860,25,Female,South West,Urban,Primary,Informal,Informal,105758.64,0
5b0f142f,58,Female,North Central,Urban,Tertiary,Professional,Wage-employed,769039.34,0
39703010,5,Male,South West,Urban,None,None,Not in Labor Force,0.0,1
0812b12a,8,Male,South West,Rural,Primary,Student,Not in Labor Force,0.0,1
edd300e1,4,Female,North West,Urban,None,None,Not in Labor Force,0.0,1
c16cf513,27,Female,North Central,Urban,Primary,Trade/Services,Informal,26819.46,1
2ea355bc,17,Male,North East,Rural,Secondary,Informal,Self-employed,94571.63,1
01fb922d,27,Female,South West,Urban,Secondary,Trade/Services,Self-employed,240209.44,0
7eff05c6,42,Female,South West,Urban,Primary,Informal,Informal,51442.44,1
c6fefe7b,5,Male,North West,Urban,None,None,Not in Labor Force,0.0,1
6f4e4fe9,10,Female,North Central,Urban,None,Student,Not in Labor Force,0.0,1
924a1ebe,10,Male,South West,Urban,Primary,Student,Not in Labor Force,0.0,1
e3fcd8b2,35,Male,North East,Urban,None,Informal,Informal,94951.79,1
77ec4b0f,3,Female,South South,Urban,None,None,Not in Labor Force,0.0,1
9b13b0a0,35,Female,North Central,Rural,None,Agriculture,Informal,34228.48,1
0bb41bd3,6,Male,North West,Urban,None,Student,Not in Labor Force,0.0,1
c4cb4514,31,Female,North West,Urban,None,Trade/Services,Informal,82442.07,1
72ceb7ce,13,Female,North Central,Rural,None,Student,Not in Labor Force,0.0,1
b6454a64,95,Male,North East,Rural,None,Retired/None,Not in Labor Force,0.0,1
9951c737,47,Male,North West,Urban,None,Trade/Services,Informal,173955.25,0
a0670fe5,25,Female,North West,Rural,None,Agriculture,Informal,165606.0,0
d6f12198,12,Female,South West,Urban,Secondary,Student,Not in Labor Force,0.0,1
7f2e6676,15,Male,South West,Urban,Secondary,Trade/Services,Self-employed,155304.35,0
a997fa75,48,Male,North West,Rural,None,Informal,Informal,27795.26,1
688cd5a2,8,Male,South West,Urban,Primary,Student,Not in Labor Force,0.0,1
85f6bd30,12,Male,South South,Rural,Secondary,Student,Not in Labor Force,0.0,1
1b37fa85,4,Female,South South,Rural,None,None,Not in Labor Force,0.0,1
dc7c0bb5,44,Male,South South,Urban,Secondary,Informal,Self-employed,110604.63,0
f81b0cb6,55,Male,South East,Urban,Primary,Informal,Informal,27230.65,1
1f86324a,59,Female,North West,Urban,Secondary,Trade/Services,Self-employed,111704.05,0
d70b383b,4,Male,North West,Urban,None,None,Not in Labor Force,0.0,1
b5a92b41,14,Male,North Central,Rural,None,Student,Not in Labor Force,0.0,1
53b007ea,21,Female,South West,Urban,Secondary,Trade/Services,Self-employed,237712.92,0
cb749710,13,Female,South South,Urban,Secondary,Student,Not in Labor Force,0.0,1
3a257a82,62,Female,North West,Rural,None,Agriculture,Informal,26430.41,1
b5a34d4d,20,Male,North Central,Urban,None,Informal,Informal,71378.76,1
301a06a0,1,Male,South West,Urban,None,None,Not in Labor Force,0.0,1
c6b4132d,30,Female,North Central,Urban,None,Informal,Informal,49527.7,1
752c1364,2,Female,North Central,Rural,None,None,Not in Labor Force,0.0,1
01d1d655,51,Male,North West,Urban,Primary,Informal,Informal,237094.37,0
a235de8c,3,Male,South South,Urban,None,None,Not in Labor Force,0.0,1
c770e843,60,Female,North Central,Urban,Tertiary,Professional,Wage-employed,508495.63,0
b743b9d6,10,Male,North Central,Rural,Primary,Student,Not in Labor Force,0.0,1
dfaf610c,20,Male,North West,Urban,Primary,Trade/Services,Informal,134621.75,0
28aee3c0,22,Male,North Central,Urban,None,Trade/Services,Informal,96332.15,1
c5743930,7,Female,North East,Rural,None,Student,Not in Labor Force,0.0,1
22361aa6,17,Female,North West,Rural,Secondary,Informal,Self-employed,155840.81,0
f955dc1b,3,Female,North East,Urban,None,None,Not in Labor Force,0.0,1
8688d93d,46,Male,North West,Rural,None,Agriculture,Informal,114506.23,0
b72807c5,0,Male,South West,Urban,None,None,Not in Labor Force,0.0,1
baea8fac,48,Male,North East,Rural,None,Agriculture,Informal,61266.07,1
c5efd62c,12,Female,South South,Urban,Secondary,Student,Not in Labor Force,0.0,1
a5d71121,8,Female,North West,Rural,Primary,Student,Not in Labor Force,0.0,1
b28c798f,14,Female,North West,Rural,None,Student,Not in Labor Force,0.0,1
57c9aefb,26,Male,South South,Urban,Secondary,Trade/Services,Self-employed,96885.8,0
255b58fc,9,Female,North West,Rural,Primary,Student,Not in Labor Force,0.0,1
8bee46b3,24,Female,North West,Rural,None,Informal,Informal,34161.49,1
06c933c6,64,Male,North West,Rural,Secondary,Informal,Self-employed,283577.03,0
3b5697d2,11,Male,South East,Urban,Primary,Student,Not in Labor Force,0.0,1
35be1dc8,62,Female,South East,Rural,Tertiary,Professional,Wage-employed,485244.03,0
1f92d550,6,Female,North East,Rural,None,Student,Not in Labor Force,0.0,1
99172261,5,Male,South West,Urban,None,None,Not in Labor Force,0.0,1
a3a0be99,38,Female,North Central,Rural,Primary,Agriculture,Informal,15773.38,1
98be5631,38,Female,South South,Urban,Secondary,Informal,Self-employed,115061.93,0
b3afb1cf,35,Male,North West,Rural,Secondary,Manufacturing,Self-employed,126709.22,0
6bb8e2cd,7,Male,South East,Urban,Primary,Student,Not in Labor Force,0.0,1
6e8a4034,9,Male,North West,Urban,Primary,Student,Not in Labor Force,0.0,1
18fa84c4,14,Male,North East,Rural,None,Student,Not in Labor Force,0.0,1
b1ff8738,61,Male,North West,Urban,Primary,Trade/Services,Informal,220434.02,0
ec0291ff,55,Male,South West,Urban,Secondary,Informal,Self-employed,68761.18,1
73a6c9a4,44,Female,South West,Urban,Tertiary,Professional,Wage-employed,517006.35,0
c001cb38,7,Female,North Central,Rural,Primary,Student,Not in Labor Force,0.0,1
619e6dde,1,Female,South West,Urban,None,None,Not in Labor Force,0.0,1
ab65dc40,1,Male,South West,Rural,None,None,Not in Labor Force,0.0,1
3d467776,11,Male,South East,Urban,Primary,Student,Not in Labor Force,0.0,1
f9b63760,2,Male,North West,Rural,None,None,Not in Labor Force,0.0,1
22d4c890,21,Female,North Central,Urban,None,Informal,Informal,63586.85,1
542111cb,55,Male,North West,Rural,None,Agriculture,Informal,29197.58,1
80f89dfa,54,Male,North Central,Urban,Secondary,Trade/Services,Self-employed,298718.79,0
79abda34,39,Female,South West,Rural,None,Agriculture,Informal,33573.68,1
7096310a,5,Female,South West,Urban,None,None,Not in Labor Force,0.0,1
4a25347f,15,Female,South West,Urban,Secondary,Trade/Services,Self-employed,238582.47,0
0fe159fe,13,Male,North East,Rural,None,Student,Not in Labor Force,0.0,1
797aa991,30,Male,South West,Urban,Secondary,Trade/Services,Self-employed,51187.43,1
a8417ad1,62,Female,North East,Urban,Tertiary,Professional,Wage-employed,298340.87,0
cb9bf8d5,3,Female,South South,Urban,None,None,Not in Labor Force,0.0,1
01454fa5,43,Male,North East,Rural,Primary,Informal,Informal,84391.36,1
16e015d3,5,Male,South West,Urban,None,None,Not in Labor Force,0.0,1
06104de1,61,Female,South East,Rural,Secondary,Informal,Self-employed,151761.63,0
4856def3,42,Female,South South,Rural,None,Agriculture,Informal,77818.09,1
e1bdbd4c,5,Female,North Central,Rural,None,None,Not in Labor Force,0.0,1
6642e57e,14,Female,North East,Urban,None,Student,Not in Labor Force,0.0,1
5f617fb6,22,Female,North Central,Urban,None,Trade/Services,Informal,145983.85,0
12108283,46,Male,North East,Urban,Secondary,Manufacturing,Self-employed,112065.54,0
5bfe460b,0,Male,South West,Urban,None,None,Not in Labor Force,0.0,1
217388eb,27,Female,South South,Rural,Primary,Agriculture,Informal,138058.46,0
5a474fe2,10,Male,North West,Rural,None,Student,Not in Labor Force,0.0,1
252a83ee,1,Female,South West,Urban,None,None,Not in Labor Force,0.0,1
9909445c,1,Female,South South,Urban,None,None,Not in Labor Force,0.0,1
2c82aefe,12,Female,North West,Rural,None,Student,Not in Labor Force,0.0,1
5c530514,5,Female,North Central,Rural,None,None,Not in Labor Force,0.0,1
372a60eb,94,Male,South South,Rural,None,Retired/None,Not in Labor Force,0.0,1
14c6fcf9,13,Male,South South,Rural,Primary,Student,Not in Labor Force,0.0,1
bbd10cc5,10,Male,North Central,Rural,Primary,Student,Not in Labor Force,0.0,1
851588e2,6,Female,North West,Urban,None,Student,Not in Labor Force,0.0,1
a3119932,64,Male,North West,Urban,Primary,Trade/Services,Informal,100104.54,0
27b36ecc,36,Female,South West,Urban,Tertiary,Professional,Wage-employed,622117.35,0
3fd6a5dd,3,Female,North West,Rural,None,None,Not in Labor Force,0.0,1
ecd1d8d7,0,Female,North West,Urban,None,None,Not in Labor Force,0.0,1
2f1cdfae,2,Male,South East,Rural,None,None,Not in Labor Force,0.0,1
784e7202,13,Male,South East,Rural,Tertiary,Student,Not in Labor Force,0.0,1
be9ce5b2,9,Male,South East,Rural,None,Student,Not in Labor Force,0.0,1
1920ac32,43,Male,North West,Rural,None,Agriculture,Informal,74470.27,1
12f45407,5,Male,North West,Urban,None,None,Not in Labor Force,0.0,1
6cd0c26e,64,Male,South East,Urban,Tertiary,Trade/Services,Wage-employed,537595.46,0
c7fca507,8,Female,South West,Urban,Primary,Student,Not in Labor Force,0.0,1
70feb9de,18,Male,South East,Rural,None,Agriculture,Informal,32837.04,1
6326bf50,25,Male,South South,Rural,Tertiary,Manufacturing,Wage-employed,168553.42,0
87c38aa6,59,Female,South South,Urban,None,Trade/Services,Informal,58412.8,1
410f5993,7,Female,North Central,Urban,None,Student,Not in Labor Force,0.0,1
f4601c54,9,Female,North East,Rural,None,Student,Not in Labor Force,0.0,1
673e5a62,6,Male,South West,Urban,Primary,Student,Not in Labor Force,0.0,1
109a6374,42,Female,South West,Urban,Tertiary,Manufacturing,Wage-employed,545026.67,0
c2a29bce,25,Female,North East,Rural,None,Agriculture,Informal,42059.14,1
4e7f301e,49,Female,South East,Rural,Secondary,Trade/Services,Self-employed,82648.71,1
d9f54a3f,29,Male,North West,Rural,None,Informal,Informal,57320.6,1
10dc20c8,7,Female,South East,Rural,Primary,Student,Not in Labor Force,0.0,1
379aaf6b,34,Male,North West,Rural,None,Agriculture,Informal,140185.63,0
5ccc684e,1,Female,North Central,Urban,None,None,Not in Labor Force,0.0,1
5e295b39,10,Male,South South,Rural,Primary,Student,Not in Labor Force,0.0,1
6730020d,4,Female,North West,Urban,None,None,Not in Labor Force,0.0,1
7a40f875,0,Female,North Central,Urban,None,None,Not in Labor Force,0.0,1
9c92d567,43,Male,North West,Urban,Tertiary,Professional,Wage-employed,574738.98,0
ce296055,7,Female,South South,Urban,Primary,Student,Not in Labor Force,0.0,1
3b146654,44,Male,South East,Rural,Primary,Agriculture,Informal,24914.78,1
a4a07cdb,54,Male,South South,Rural,Primary,Agriculture,Informal,65894.73,1
c48a8e45,49,Male,South South,Rural,Primary,Informal,Informal,49908.5,1
3b396682,0,Female,South West,Urban,None,None,Not in Labor Force,0.0,1
f97f4bf4,34,Male,North West,Urban,Primary,Trade/Services,Informal,70474.34,1
0f26852a,30,Female,North East,Rural,Tertiary,Manufacturing,Wage-employed,296673.26,0
d4a72352,23,Female,North Central,Rural,Secondary,Trade/Services,Self-employed,193978.95,0
f4fc8921,14,Female,South West,Urban,Tertiary,Student,Not in Labor Force,0.0,1
cd185570,31,Female,South East,Urban,None,Trade/Services,Informal,49607.47,1
b8aa136d,45,Male,North West,Rural,None,Agriculture,Informal,67665.38,1
8e3b6b40,62,Male,North West,Urban,None,Informal,Informal,96218.93,1
0983cb2a,37,Male,North Central,Urban,Secondary,Trade/Services,Self-employed,116678.18,0
65a686c0,20,Female,North West,Rural,None,Agriculture,Informal,40823.23,1
35b4ceca,13,Male,South West,Urban,Tertiary,Student,Not in Labor Force,0.0,1
2e06d434,6,Male,South West,Urban,Primary,Student,Not in Labor Force,0.0,1
0b3c3f80,6,Female,South West,Urban,Primary,Student,Not in Labor Force,0.0,1
07315d7a,62,Male,North West,Urban,Primary,Trade/Services,Informal,51369.4,1
bc9be896,54,Female,South South,Rural,Secondary,Informal,Self-employed,76696.9,1
8155032e,9,Male,North West,Rural,None,Student,Not in Labor Force,0.0,1
684972d4,60,Male,North East,Urban,Primary,Informal,Informal,125815.89,0
311c7b60,10,Male,South West,Urban,Primary,Student,Not in Labor Force,0.0,1
c7be997c,1,Male,North West,Rural,None,None,Not in Labor Force,0.0,1
e71a8616,11,Female,North West,Rural,None,Student,Not in Labor Force,0.0,1
59429c46,11,Male,North West,Rural,Primary,Student,Not in Labor Force,0.0,1
d1f36582,11,Male,South West,Urban,Primary,Student,Not in Labor Force,0.0,1
02706797,3,Female,South South,Rural,None,None,Not in Labor Force,0.0,1
16c668e5,3,Female,South West,Rural,None,None,Not in Labor Force,0.0,1
8069b1ad,12,Female,South West,Urban,Secondary,Student,Not in Labor Force,0.0,1
85814dce,61,Female,North East,Urban,None,Trade/Services,Informal,65185.83,1
6caeddfb,10,Female,North West,Urban,Primary,Student,Not in Labor Force,0.0,1
f89ae487,90,Male,North West,Urban,Tertiary,Retired/None,Not in Labor Force,0.0,1
c0d5f05d,11,Female,South South,Urban,Primary,Student,Not in Labor Force,0.0,1
ac7d4923,12,Female,North West,Urban,Tertiary,Student,Not in Labor Force,0.0,1
bc550d8f,7,Male,South South,Urban,Primary,Student,Not in Labor Force,0.0,1
dd16834d,13,Male,North West,Urban,Secondary,Student,Not in Labor Force,0.0,1
501d6e87,43,Male,South West,Urban,Secondary,Informal,Self-employed,125557.19,0
7217ff28,2,Male,South South,Rural,None,None,Not in Labor Force,0.0,1
ea2b1ee6,43,Male,North East,Rural,None,Informal,Informal,29906.09,1
a614ef5b,45,Male,South West,Urban,Secondary,Informal,Self-employed,100246.83,0
7499cfdb,27,Female,North East,Rural,Primary,Agriculture,Informal,68707.5,1
b9832c5e,26,Female,North East,Rural,Primary,Agriculture,Informal,22019.12,1
315c1b25,16,Female,North West,Rural,Primary,Informal,Informal,112076.37,0
0917dc5a,0,Female,South East,Rural,None,None,Not in Labor Force,0.0,1
1ea6d0f8,22,Male,North East,Rural,None,Agriculture,Informal,41952.08,1
567e2f5b,13,Female,North East,Urban,Primary,Student,Not in Labor Force,0.0,1
df50b18f,8,Female,South South,Urban,Primary,Student,Not in Labor Force,0.0,1
647d448c,54,Male,North East,Rural,Secondary,Trade/Services,Self-employed,284302.06,0
0ef3f366,63,Male,North Central,Urban,Secondary,Trade/Services,Self-employed,171440.37,0
8ececd4c,55,Male,South South,Rural,None,Agriculture,Informal,19912.27,1
1279ebc0,5,Male,North East,Rural,None,None,Not in Labor Force,0.0,1
f75939ef,42,Male,North East,Rural,Primary,Agriculture,Informal,70722.33,1
25949a65,14,Male,South East,Rural,Secondary,Student,Not in Labor Force,0.0,1
d73dd2ee,6,Male,North East,Rural,Primary,Student,Not in Labor Force,0.0,1
603f159d,7,Male,North West,Urban,Primary,Student,Not in Labor Force,0.0,1
eada8bf7,12,Female,North Central,Urban,Secondary,Student,Not in Labor Force,0.0,1
ddd9eb6d,4,Male,South West,Urban,None,None,Not in Labor Force,0.0,1
b1e41309,26,Male,North West,Rural,None,Agriculture,Informal,49473.16,1
7449ac05,27,Female,North East,Rural,None,Agriculture,Informal,71252.86,1
63bab6a1,53,Female,North East,Urban,Primary,Trade/Services,Informal,213211.83,0
ee3d796c,37,Male,North West,Urban,Secondary,Trade/Services,Self-employed,203410.89,0
9f8d3a85,64,Female,South West,Urban,Tertiary,Professional,Wage-employed,349606.85,0
866dc0a3,60,Male,North East,Urban,Secondary,Informal,Self-employed,57634.37,1
d8368f3c,57,Male,South West,Rural,Primary,Agriculture,Informal,101079.92,0
bb5b1b0d,11,Male,North Central,Urban,Primary,Student,Not in Labor Force,0.0,1
df348ea6,28,Female,North West,Rural,Primary,Agriculture,Informal,81295.02,1
1134fa0f,31,Male,North East,Rural,None,Agriculture,Informal,119939.33,0
5a6611ac,7,Female,North West,Urban,None,Student,Not in Labor Force,0.0,1
43011c1f,4,Male,North West,Rural,None,None,Not in Labor Force,0.0,1
456ee6c0,48,Female,South West,Urban,Secondary,Informal,Self-employed,122306.08,0
8342347b,2,Male,South West,Urban,None,None,Not in Labor Force,0.0,1
68673d44,80,Male,North West,Rural,None,Retired/None,Not in Labor Force,0.0,1
f1cbcb30,5,Female,South West,Urban,None,None,Not in Labor Force,0.0,1
77fcfe56,24,Female,South South,Rural,Secondary,Informal,Self-employed,117837.92,0
318af8ff,5,Male,North West,Rural,None,None,Not in Labor Force,0.0,1
452344a9,22,Female,North Central,Rural,Secondary,Trade/Services,Self-employed,85156.14,1
0c15294e,35,Female,South West,Urban,Secondary,Informal,Self-employed,140380.08,0
3ef4f0ca,4,Male,North West,Rural,None,None,Not in Labor Force,0.0,1
79752b5f,21,Female,South East,Rural,None,Agriculture,Informal,24131.82,1
89408330,9,Female,South South,Urban,Primary,Student,Not in Labor Force,0.0,1
51f3f0db,12,Male,North West,Rural,Primary,Student,Not in Labor Force,0.0,1
3bb838f9,13,Male,South East,Urban,Secondary,Student,Not in Labor Force,0.0,1
a6d71078,45,Female,North East,Rural,None,Agriculture,Informal,72472.43,1
0da8bc08,4,Male,North West,Urban,None,None,Not in Labor Force,0.0,1
c9181b8b,14,Male,North Central,Rural,Primary,Student,Not in Labor Force,0.0,1
d51776ba,8,Male,North West,Rural,None,Student,Not in Labor Force,0.0,1
b934eb7e,36,Female,North Central,Urban,Primary,Trade/Services,Informal,101664.86,0
264aab2b,58,Male,North West,Rural,None,Agriculture,Informal,44253.46,1
6ec54666,7,Female,South West,Urban,Primary,Student,Not in Labor Force,0.0,1
29b855dd,12,Male,North Central,Urban,Primary,Student,Not in Labor Force,0.0,1
6b429544,51,Male,North Central,Urban,Primary,Informal,Informal,116307.61,0
f25a80a6,13,Female,North West,Urban,Secondary,Student,Not in Labor Force,0.0,1
33c7d628,30,Female,North East,Rural,Tertiary,Professional,Wage-employed,500587.2,0
57cae8f5,57,Male,North West,Rural,None,Informal,Informal,138704.19,0
868e3804,34,Male,South West,Urban,Primary,Informal,Informal,43825.4,1
f7686e3b,14,Male,North West,Rural,None,Student,Not in Labor Force,0.0,1
7cfa8a04,58,Female,South West,Urban,Primary,Informal,Informal,120768.51,0
01059d40,29,Male,North East,Urban,Secondary,Informal,Self-employed,297372.19,0
55b73005,58,Female,South West,Urban,Secondary,Manufacturing,Self-employed,107960.74,0
04e4475b,9,Female,North Central,Rural,Primary,Student,Not in Labor Force,0.0,1
560f0b69,8,Male,North Central,Urban,None,Student,Not in Labor Force,0.0,1
b82351f8,0,Male,South West,Urban,None,None,Not in Labor Force,0.0,1
8dd7768c,49,Male,North Central,Rural,Tertiary,Professional,Wage-employed,684847.51,0
f0e4f0b6,58,Male,South East,Urban,Secondary,Informal,Self-employed,86202.61,1
791185ee,3,Female,South West,Urban,None,None,Not in Labor Force,0.0,1
8fc852a9,59,Female,North Central,Urban,None,Informal,Informal,84273.71,1
42c5774a,6,Female,South South,Rural,None,Student,Not in Labor Force,0.0,1
0d431708,20,Male,South East,Rural,Tertiary,Professional,Wage-employed,105217.01,0
0ce3ead0,56,Female,North Central,Rural,Primary,Agriculture,Informal,19528.77,1
d5aa6cef,9,Male,North West,Rural,None,Student,Not in Labor Force,0.0,1
68ea15c8,10,Male,South West,Urban,Primary,Student,Not in Labor Force,0.0,1
e78e6022,0,Female,North East,Rural,None,None,Not in Labor Force,0.0,1
81ab6b76,30,Female,North Central,Urban,Secondary,Trade/Services,Self-employed,52468.85,1
47d655af,50,Male,South West,Urban,Tertiary,Trade/Services,Wage-employed,937751.39,0
0a976ce5,20,Female,South West,Urban,None,Informal,Informal,50748.97,1
f1287aaf,2,Female,South West,Urban,None,None,Not in Labor Force,0.0,1
09932b21,45,Female,South West,Urban,Secondary,Informal,Self-employed,83798.42,1
c8bb96f0,1,Male,North West,Rural,None,None,Not in Labor Force,0.0,1
d0f20ab4,32,Female,North West,Rural,Primary,Agriculture,Informal,76492.63,1
1286a816,9,Female,South West,Urban,Primary,Student,Not in Labor Force,0.0,1
e2c43f5b,42,Female,North Central,Rural,None,Informal,Informal,38325.38,1
d5847837,18,Female,South East,Urban,Secondary,Trade/Services,Self-employed,274578.96,0
37711837,15,Female,North West,Urban,None,Informal,Informal,247257.83,0
1630991c,61,Male,North West,Rural,None,Agriculture,Informal,15787.95,1
39444096,9,Male,South West,Urban,Primary,Student,Not in Labor Force,0.0,1
3288d5e0,1,Male,North Central,Rural,None,None,Not in Labor Force,0.0,1
01988974,30,Male,North East,Urban,Secondary,Informal,Self-employed,182071.91,0
0d8591dc,12,Male,North Central,Rural,None,Student,Not in Labor Force,0.0,1
668c378f,9,Female,North West,Rural,None,Student,Not in Labor Force,0.0,1
7831dd73,61,Male,North West,Rural,Tertiary,Trade/Services,Wage-employed,86138.41,1
c4580fe9,16,Female,North West,Rural,None,Informal,Informal,26474.11,1
49d73b19,3,Female,South West,Urban,None,None,Not in Labor Force,0.0,1
43a55d5d,3,Male,South South,Urban,None,None,Not in Labor Force,0.0,1
78a22794,0,Female,North East,Rural,None,None,Not in Labor Force,0.0,1
3c33d2ac,6,Male,North West,Rural,Primary,Student,Not in Labor Force,0.0,1
6f0c4a6b,37,Female,South West,Urban,Primary,Informal,Informal,107644.43,0
ec286941,90,Female,South South,Urban,Primary,Retired/None,Not in Labor Force,0.0,1
d3bf15ef,25,Male,North West,Rural,Secondary,Manufacturing,Self-employed,56037.78,1
e3f4100d,9,Male,North East,Rural,None,Student,Not in Labor Force,0.0,1
74fedddc,56,Male,North West,Rural,None,Informal,Informal,70021.12,1
69cfc73f,15,Female,North West,Urban,None,Trade/Services,Informal,82341.98,1
9f49b02d,10,Female,South West,Rural,Primary,Student,Not in Labor Force,0.0,1
18fca914,38,Male,South South,Urban,Primary,Informal,Informal,30066.35,1
0c135c5d,24,Female,South West,Urban,Secondary,Trade/Services,Self-employed,197688.48,0
dc77c66c,28,Male,South South,Urban,Secondary,Unemployed,Self-employed,159436.12,0
26b725ee,28,Male,North Central,Rural,Primary,Informal,Informal,61285.34,1
afdba732,6,Female,South South,Urban,Primary,Student,Not in Labor Force,0.0,1
7a00f235,6,Male,North West,Urban,Primary,Student,Not in Labor Force,0.0,1
5cc58cd8,57,Female,North West,Rural,Secondary,Trade/Services,Self-employed,66914.45,1
adbcc091,5,Female,South West,Urban,None,None,Not in Labor Force,0.0,1
c3141190,50,Female,North East,Rural,Primary,Agriculture,Informal,75644.65,1
832c68a5,41,Male,North East,Rural,Secondary,Trade/Services,Self-employed,45417.97,1
14d0eece,16,Male,South West,Urban,Secondary,Trade/Services,Self-employed,72779.06,1
105222f4,53,Male,North East,Rural,Secondary,Manufacturing,Self-employed,119677.59,0
d011c34a,60,Female,South West,Urban,Secondary,Trade/Services,Self-employed,247234.19,0
87f1e17d,33,Female,North East,Rural,Secondary,Trade/Services,Self-employed,74140.84,1
49641bb4,21,Male,South East,Rural,Primary,Agriculture,Informal,78763.62,1
56ec85db,11,Female,North East,Urban,Primary,Student,Not in Labor Force,0.0,1
ef6ccf1d,2,Male,North Central,Rural,None,None,Not in Labor Force,0.0,1
5bb08e15,14,Male,North West,Urban,Secondary,Student,Not in Labor Force,0.0,1
c11c7ba0,14,Male,South East,Urban,Tertiary,Student,Not in Labor Force,0.0,1
2c30b39d,4,Male,South West,Urban,None,None,Not in Labor Force,0.0,1
eca52174,7,Male,North West,Urban,Primary,Student,Not in Labor Force,0.0,1
ded3f43e,28,Male,North West,Rural,None,Agriculture,Informal,67709.04,1
d9888012,50,Female,North East,Rural,None,Agriculture,Informal,76771.04,1
96fb2e10,6,Female,South West,Rural,Primary,Student,Not in Labor Force,0.0,1
c517fbfe,21,Male,North Central,Rural,Primary,Agriculture,Informal,39534.54,1
7c8657f9,64,Female,North East,Urban,Primary,Informal,Informal,73898.79,1
f47ad3b4,13,Female,South West,Urban,Secondary,Student,Not in Labor Force,0.0,1
1abbafe8,46,Male,South South,Urban,Secondary,Informal,Self-employed,130230.24,0
cef8f9f4,22,Female,North West,Urban,Primary,Informal,Informal,198596.92,0
d47ac63e,9,Female,North Central,Rural,None,Student,Not in Labor Force,0.0,1
f7cd2ae2,26,Female,South West,Rural,Secondary,Trade/Services,Self-employed,50883.92,1
b34f4dc7,9,Female,South West,Urban,Primary,Student,Not in Labor Force,0.0,1
dc953e4c,28,Female,North West,Rural,None,Agriculture,Informal,25789.58,1
6732de0f,8,Male,North West,Rural,None,Student,Not in Labor Force,0.0,1
fb827f78,52,Female,North West,Rural,Secondary,Unemployed,Self-employed,596976.93,0
770e36ee,44,Male,South West,Urban,None,Informal,Informal,97283.22,0
43cc0dae,19,Female,South West,Rural,Secondary,Trade/Services,Self-employed,137187.51,0
ae2778bc,0,Male,North West,Rural,None,None,Not in Labor Force,0.0,1
acf130f7,15,Male,North East,Rural,None,Informal,Informal,88018.34,1
7a3d0460,34,Female,North East,Urban,Secondary,Trade/Services,Self-employed,211743.55,0
5d1af003,63,Male,South East,Rural,Primary,Agriculture,Informal,102682.75,0
d5830838,25,Female,North West,Rural,Secondary,Trade/Services,Self-employed,157294.38,0
ff3eb7ce,40,Male,North Central,Rural,Secondary,Trade/Services,Self-employed,194116.18,0
2734f6a2,58,Female,South East,Urban,Primary,Trade/Services,Informal,89360.57,1
f4f98588,17,Male,South East,Rural,Secondary,Trade/Services,Self-employed,187837.94,0
113e291f,20,Male,South West,Rural,Primary,Agriculture,Informal,186314.59,0
fe4a8da2,57,Male,North East,Urban,Primary,Informal,Informal,90903.11,1
0b573cce,12,Female,South East,Urban,Primary,Student,Not in Labor Force,0.0,1
51edf5f1,12,Female,South West,Urban,Secondary,Student,Not in Labor Force,0.0,1
419f9ccf,10,Female,South West,Rural,Primary,Student,Not in Labor Force,0.0,1
bfdefe70,22,Female,North West,Rural,Primary,Informal,Informal,79895.22,1
ed2267e1,12,Female,North West,Urban,Secondary,Student,Not in Labor Force,0.0,1
1e16021f,24,Female,South West,Urban,Secondary,Informal,Self-employed,94100.04,1
a7a5fc3e,48,Male,South South,Urban,Tertiary,Professional,Wage-employed,362617.48,0
f6fee850,7,Male,South East,Urban,Primary,Student,Not in Labor Force,0.0,1
510080f1,60,Male,South East,Urban,Secondary,Informal,Self-employed,164672.14,0
b4707f0b,12,Male,North Central,Rural,Secondary,Student,Not in Labor Force,0.0,1
8247b58b,0,Female,North East,Rural,None,None,Not in Labor Force,0.0,1
0eebb477,46,Female,South West,Urban,Secondary,Informal,Self-employed,105499.3,0
99960366,10,Female,South West,Urban,Primary,Student,Not in Labor Force,0.0,1
5d551bf8,1,Female,South West,Urban,None,None,Not in Labor Force,0.0,1
9eae245f,38,Female,South South,Urban,Secondary,Trade/Services,Self-employed,140855.13,0
ab1c741d,6,Female,North East,Rural,Primary,Student,Not in Labor Force,0.0,1
b7025dc5,69,Male,North West,Rural,Primary,Agriculture,Informal,73482.08,1
b085f79d,95,Male,South South,Urban,Tertiary,Retired/None,Not in Labor Force,0.0,1
96d59414,12,Male,North West,Urban,None,Student,Not in Labor Force,0.0,1
0997977e,9,Male,South West,Urban,Primary,Student,Not in Labor Force,0.0,1
5122df2b,48,Female,South South,Rural,Primary,Informal,Informal,149100.17,0
37f12e84,30,Female,North East,Rural,Primary,Agriculture,Informal,35657.85,1
e8414dc0,8,Male,South East,Urban,Primary,Student,Not in Labor Force,0.0,1
aa343a62,51,Female,North East,Rural,Tertiary,Manufacturing,Wage-employed,381588.4,0
45cd8725,7,Female,South East,Urban,None,Student,Not in Labor Force,0.0,1
3938dd5f,43,Male,North West,Rural,None,Informal,Informal,41668.52,1
7552a621,3,Male,South West,Urban,None,None,Not in Labor Force,0.0,1
f971b9e8,13,Female,South West,Rural,Primary,Student,Not in Labor Force,0.0,1
ec380ba4,8,Female,North Central,Rural,Primary,Student,Not in Labor Force,0.0,1
c3d8f642,74,Male,South West,Urban,None,Retired/None,Not in Labor Force,0.0,1
96d295fb,37,Male,South South,Rural,Primary,Agriculture,Informal,94809.21,1
329a991e,48,Male,South West,Urban,None,Informal,Informal,134228.61,0
8e0c11f7,2,Male,South South,Urban,None,None,Not in Labor Force,0.0,1
6d14977a,13,Female,North Central,Rural,Primary,Student,Not in Labor Force,0.0,1
c5c8c42d,1,Male,North Central,Rural,None,None,Not in Labor Force,0.0,1
1bb86c51,48,Male,North East,Rural,Secondary,Manufacturing,Self-employed,270080.88,0
dfb62d8d,46,Male,South South,Urban,Primary,Trade/Services,Informal,62604.17,1
bde4a876,43,Female,North West,Urban,Primary,Informal,Informal,88197.65,1
81fca621,8,Male,North East,Rural,Primary,Student,Not in Labor Force,0.0,1
4775b546,16,Male,North East,Rural,None,Informal,Informal,96997.07,0
d025075d,8,Female,North East,Urban,Primary,Student,Not in Labor Force,0.0,1
4a8cbe95,71,Male,South South,Urban,Secondary,Retired/None,Not in Labor Force,0.0,1
c1272f31,6,Male,North East,Rural,Primary,Student,Not in Labor Force,0.0,1
58073557,60,Male,South South,Urban,Primary,Informal,Informal,119992.22,0
ea6a21b4,4,Female,North Central,Urban,None,None,Not in Labor Force,0.0,1
e073888f,22,Female,South South,Urban,Secondary,Informal,Self-employed,29951.08,1
f6fca056,46,Male,North Central,Urban,None,Trade/Services,Informal,53505.09,1
986a6497,32,Male,North East,Rural,Primary,Agriculture,Informal,84294.33,1
711518ef,5,Male,North Central,Urban,None,None,Not in Labor Force,0.0,1
bee27e19,60,Female,North Central,Rural,None,Agriculture,Informal,52792.4,1
73d4d306,32,Female,North East,Rural,None,Informal,Informal,97428.17,0
ab10084e,63,Female,North East,Rural,None,Informal,Informal,111886.97,0
b9ee3ad8,8,Female,North West,Rural,Primary,Student,Not in Labor Force,0.0,1
074073ab,59,Female,North East,Rural,Primary,Informal,Informal,52675.5,1
4207d534,30,Female,South West,Rural,Secondary,Informal,Self-employed,141562.12,0
3c0156bc,4,Female,North East,Rural,None,None,Not in Labor Force,0.0,1
6fcab4ae,24,Male,South West,Urban,Secondary,Informal,Self-employed,319235.75,0
e064e5bb,9,Male,South South,Urban,Primary,Student,Not in Labor Force,0.0,1
48f17e6f,3,Female,North East,Urban,None,None,Not in Labor Force,0.0,1
693fb784,11,Male,North Central,Rural,None,Student,Not in Labor Force,0.0,1
13300cc3,10,Female,North West,Rural,None,Student,Not in Labor Force,0.0,1
623f584c,22,Male,North East,Rural,None,Agriculture,Informal,110315.76,0
77d632a3,61,Female,South West,Rural,None,Agriculture,Informal,37707.4,1
929eec5a,33,Male,North West,Rural,None,Agriculture,Informal,53579.4,1
0952aaa6,61,Female,North West,Urban,Primary,Informal,Informal,82165.3,1
c0c20216,7,Male,North East,Rural,None,Student,Not in Labor Force,0.0,1
d032ebe3,54,Male,South East,Rural,Secondary,Trade/Services,Self-employed,56323.35,1
ea3c6363,23,Male,South West,Urban,Secondary,Informal,Self-employed,253215.62,0
e135479d,44,Female,South South,Rural,Primary,Informal,Informal,40661.08,1
e104c2e4,31,Male,South South,Rural,Secondary,Informal,Self-employed,92887.6,1
d1f3f236,72,Male,North West,Rural,Primary,Retired/None,Not in Labor Force,0.0,1
80eab1ab,58,Male,North West,Rural,None,Agriculture,Informal,113903.21,0
367f207f,29,Female,North East,Rural,Tertiary,Professional,Wage-employed,226251.86,0
83deefd6,3,Male,North Central,Rural,None,None,Not in Labor Force,0.0,1
50ac6482,5,Female,North Central,Urban,None,None,Not in Labor Force,0.0,1
f8853ca2,30,Female,North West,Rural,Tertiary,Professional,Wage-employed,242325.0,0
dadf4ab3,40,Male,North West,Urban,Secondary,Informal,Self-employed,163216.06,0
2f8d3cbb,51,Female,North West,Rural,Primary,Informal,Informal,46847.44,1
87bc98b2,87,Male,South South,Rural,Tertiary,Retired/None,Not in Labor Force,0.0,1
f765695d,12,Female,South South,Urban,Primary,Student,Not in Labor Force,0.0,1
1bd4cd90,14,Male,North West,Rural,None,Student,Not in Labor Force,0.0,1
69296e1e,31,Female,North West,Urban,Secondary,Trade/Services,Self-employed,334223.95,0
31f14851,41,Female,North West,Rural,Secondary,Trade/Services,Self-employed,56995.81,1
7c4e8701,3,Female,South South,Urban,None,None,Not in Labor Force,0.0,1
7bf40596,36,Male,South South,Rural,Tertiary,Trade/Services,Wage-employed,74840.34,1
85ddfb66,51,Male,North East,Rural,None,Agriculture,Informal,99289.78,0
ce50c874,33,Female,North East,Rural,Secondary,Unemployed,Self-employed,79654.9,1
810dad4c,53,Female,North East,Urban,Tertiary,Professional,Wage-employed,246575.03,0
679323a3,2,Male,North Central,Rural,None,None,Not in Labor Force,0.0,1
0363a393,77,Male,South West,Urban,Tertiary,Retired/None,Not in Labor Force,0.0,1
c210675f,28,Male,North Central,Urban,None,Informal,Informal,101757.56,0
4e8c46b9,14,Female,South South,Urban,Tertiary,Student,Not in Labor Force,0.0,1
44928936,12,Male,North West,Urban,Tertiary,Student,Not in Labor Force,0.0,1
118ebb9a,16,Male,South East,Urban,None,Informal,Informal,103946.82,0
dd876b74,13,Male,North East,Rural,Primary,Student,Not in Labor Force,0.0,1
c125cbb5,3,Male,North East,Rural,None,None,Not in Labor Force,0.0,1
4ad9dd16,53,Male,South West,Urban,None,Trade/Services,Informal,51168.02,1
c78a907d,4,Female,South South,Urban,None,None,Not in Labor Force,0.0,1
baadf2e4,28,Male,South West,Rural,None,Agriculture,Informal,122043.59,0
775b709d,8,Female,South East,Urban,Primary,Student,Not in Labor Force,0.0,1
51e59260,24,Male,South East,Urban,Secondary,Informal,Self-employed,223490.95,0
7a1c777c,14,Male,North East,Urban,Tertiary,Student,Not in Labor Force,0.0,1
230eaba9,6,Male,South East,Rural,Primary,Student,Not in Labor Force,0.0,1
fdc662bf,11,Female,South East,Rural,Primary,Student,Not in Labor Force,0.0,1
f0e8e461,60,Female,North Central,Rural,None,Agriculture,Informal,195779.43,0
d824db7f,39,Male,North Central,Rural,Primary,Agriculture,Informal,45470.52,1
806fbcda,13,Male,South East,Rural,Tertiary,Student,Not in Labor Force,0.0,1
10bd1ddf,42,Female,South East,Rural,Primary,Agriculture,Informal,65759.62,1
73dbc3a1,16,Female,North East,Urban,Primary,Informal,Informal,92966.92,1
6537d237,95,Male,South East,Urban,Secondary,Retired/None,Not in Labor Force,0.0,1
8f25fbe0,0,Female,South East,Urban,None,None,Not in Labor Force,0.0,1
4321fb28,18,Male,North West,Rural,None,Agriculture,Informal,49208.99,1
3d0cae62,12,Male,South West,Urban,Primary,Student,Not in Labor Force,0.0,1
7f223224,1,Male,North West,Rural,None,None,Not in Labor Force,0.0,1
003a0130,67,Male,North West,Rural,Primary,Agriculture,Informal,76262.1,1
e7b5fe40,51,Female,South West,Urban,Tertiary,Professional,Wage-employed,533414.79,0
b0c89a14,0,Male,South South,Urban,None,None,Not in Labor Force,0.0,1
96fbd38d,8,Female,North West,Urban,None,Student,Not in Labor Force,0.0,1
3829a6b7,38,Female,South East,Urban,Primary,Informal,Informal,107724.02,0
e5ad9cff,22,Male,North Central,Urban,Tertiary,Professional,Wage-employed,329095.79,0
99ff0a8a,2,Male,South South,Urban,None,None,Not in Labor Force,0.0,1
9d3dfdd7,16,Female,South East,Rural,None,Agriculture,Informal,52807.41,1
270b4f49,0,Male,South South,Urban,None,None,Not in Labor Force,0.0,1
abf75eda,11,Male,South East,Urban,Primary,Student,Not in Labor Force,0.0,1
e22709cf,36,Male,South East,Urban,Secondary,Informal,Self-employed,94820.7,1
f73e547d,12,Male,North West,Rural,Primary,Student,Not in Labor Force,0.0,1
9f251482,9,Female,North East,Rural,Primary,Student,Not in Labor Force,0.0,1
fdb7a713,31,Female,North West,Rural,None,Agriculture,Informal,38158.61,1
7c7e3d5b,57,Male,South West,Urban,Primary,Informal,Informal,77779.3,1
28a8086b,4,Female,North West,Rural,None,None,Not in Labor Force,0.0,1
dc80cfcd,23,Female,North West,Urban,Tertiary,Professional,Wage-employed,994424.3,0
af52173a,27,Male,South South,Urban,Tertiary,Professional,Wage-employed,1360590.75,0
a063b8a3,11,Male,South West,Urban,Primary,Student,Not in Labor Force,0.0,1
3b6e6d85,37,Female,South South,Rural,Secondary,Trade/Services,Self-employed,217143.77,0
111895d9,13,Female,North West,Rural,None,Student,Not in Labor Force,0.0,1
4fa1af16,10,Male,North East,Rural,Primary,Student,Not in Labor Force,0.0,1
dd9f17e5,18,Male,North East,Urban,Secondary,Informal,Self-employed,100878.59,0
c9f87901,85,Male,North West,Rural,Primary,Retired/None,Not in Labor Force,0.0,1
8d32ce04,10,Male,North East,Urban,None,Student,Not in Labor Force,0.0,1
132ecf6b,8,Female,North East,Rural,None,Student,Not in Labor Force,0.0,1
26ee73dc,21,Male,North West,Urban,Secondary,Trade/Services,Self-employed,170178.48,0
a281971a,6,Male,South West,Urban,Primary,Student,Not in Labor Force,0.0,1
82c81365,9,Male,North East,Rural,Primary,Student,Not in Labor Force,0.0,1
dee46545,6,Female,North West,Urban,Primary,Student,Not in Labor Force,0.0,1
31ec347a,45,Male,South West,Urban,Secondary,Informal,Self-employed,39020.87,1
7991b2ce,19,Male,South West,Urban,Secondary,Trade/Services,Self-employed,121418.4,0
50dd5896,5,Female,South East,Urban,None,None,Not in Labor Force,0.0,1
9c012f17,15,Female,North Central,Urban,None,Informal,Informal,64014.68,1
fd333a43,62,Male,South South,Urban,Tertiary,Manufacturing,Wage-employed,1232558.06,0
084638a8,42,Male,South South,Rural,Primary,Agriculture,Informal,69999.65,1
9a0e4d09,1,Male,South West,Urban,None,None,Not in Labor Force,0.0,1
bdadef6a,38,Female,North Central,Urban,Primary,Trade/Services,Informal,83319.09,1
4b051d1c,12,Male,North West,Rural,None,Student,Not in Labor Force,0.0,1
3ecd4bd8,0,Male,South West,Urban,None,None,Not in Labor Force,0.0,1
3f5bd8b8,24,Male,South West,Urban,Primary,Trade/Services,Informal,77570.27,1
c78d14aa,6,Male,South South,Urban,Primary,Student,Not in Labor Force,0.0,1
9266be46,4,Female,South West,Urban,None,None,Not in Labor Force,0.0,1
b9d5eb16,12,Male,South South,Rural,None,Student,Not in Labor Force,0.0,1
8636b41d,5,Male,South South,Rural,None,None,Not in Labor Force,0.0,1
b0f6dfc3,7,Female,South South,Urban,Primary,Student,Not in Labor Force,0.0,1
884ab402,84,Female,North East,Rural,Secondary,Retired/None,Not in Labor Force,0.0,1
8ea4e05a,5,Male,North West,Rural,None,None,Not in Labor Force,0.0,1
fc374ca2,13,Female,South East,Urban,Secondary,Student,Not in Labor Force,0.0,1
dded7137,10,Male,South East,Urban,Primary,Student,Not in Labor Force,0.0,1
b55545be,33,Female,North West,Rural,Secondary,Informal,Self-employed,82907.64,1
81f64f1d,37,Female,South East,Urban,None,Trade/Services,Informal,111183.17,0
d0f4bc5e,1,Female,South West,Urban,None,None,Not in Labor Force,0.0,1
242517e0,54,Female,North West,Rural,None,Informal,Informal,40237.66,1
7a5bf20b,12,Male,North Central,Rural,None,Student,Not in Labor Force,0.0,1
e588c081,6,Female,South South,Urban,None,Student,Not in Labor Force,0.0,1
d782c697,11,Male,North Central,Urban,Primary,Student,Not in Labor Force,0.0,1
699f1760,11,Male,South East,Urban,Primary,Student,Not in Labor Force,0.0,1
d3cb994a,7,Female,North West,Rural,Primary,Student,Not in Labor Force,0.0,1
3cfd644a,30,Male,South West,Rural,Tertiary,Professional,Wage-employed,412470.88,0
07db3756,1,Female,South South,Rural,None,None,Not in Labor Force,0.0,1
1ae5f608,42,Male,North Central,Rural,None,Agriculture,Informal,141358.43,0
2b9d1933,3,Male,North East,Rural,None,None,Not in Labor Force,0.0,1
5315a55b,11,Male,South West,Urban,Primary,Student,Not in Labor Force,0.0,1
0e2e7026,8,Female,South South,Rural,Primary,Student,Not in Labor Force,0.0,1
7aa747ea,26,Male,North West,Rural,Primary,Agriculture,Informal,64060.57,1
bb73e644,4,Male,North Central,Urban,None,None,Not in Labor Force,0.0,1
5c05d4e3,63,Male,North West,Urban,Primary,Trade/Services,Informal,66929.91,1
7a46a8be,3,Female,North Central,Rural,None,None,Not in Labor Force,0.0,1
db341b22,13,Male,North Central,Urban,Primary,Student,Not in Labor Force,0.0,1
7665a573,3,Female,South South,Rural,None,None,Not in Labor Force,0.0,1
077b63f4,9,Male,North Central,Urban,Primary,Student,Not in Labor Force,0.0,1
6969f1b7,7,Male,South West,Urban,Primary,Student,Not in Labor Force,0.0,1
36163aa4,7,Male,South South,Rural,Primary,Student,Not in Labor Force,0.0,1
65972f38,40,Female,North East,Rural,None,Agriculture,Informal,57228.53,1
55255262,5,Male,South West,Urban,None,None,Not in Labor Force,0.0,1
9b011aaf,23,Male,South East,Rural,Primary,Agriculture,Informal,123058.03,0
363c0ae0,4,Female,North East,Rural,None,None,Not in Labor Force,0.0,1
70515dbf,31,Male,North West,Rural,None,Informal,Informal,65090.28,1
ba893fb5,63,Female,North Central,Rural,Tertiary,Professional,Wage-employed,205746.39,0
9effd7ef,1,Male,North East,Rural,None,None,Not in Labor Force,0.0,1
d0e69663,1,Male,North East,Rural,None,None,Not in Labor Force,0.0,1
ac850223,21,Male,South South,Rural,Secondary,Informal,Self-employed,160362.5,0
631e9095,50,Male,North Central,Urban,Tertiary,Trade/Services,Wage-employed,261341.97,0
3d7c77f8,12,Female,South South,Urban,Tertiary,Student,Not in Labor Force,0.0,1
c3478c9f,3,Female,North West,Rural,None,None,Not in Labor Force,0.0,1
90234479,44,Female,South South,Urban,Tertiary,Professional,Wage-employed,347995.02,0
25b1ffcf,13,Female,South East,Rural,Primary,Student,Not in Labor Force,0.0,1
188ec7c0,25,Male,South East,Urban,Secondary,Manufacturing,Self-employed,152893.63,0
f779ea18,14,Male,North East,Rural,Secondary,Student,Not in Labor Force,0.0,1
1f62e809,9,Female,North Central,Rural,Primary,Student,Not in Labor Force,0.0,1
a35048a9,17,Female,South West,Rural,Tertiary,Professional,Wage-employed,182733.09,0
023858c7,16,Male,South East,Rural,None,Agriculture,Informal,20499.45,1
7ac1b4bb,2,Female,South East,Urban,None,None,Not in Labor Force,0.0,1
f539887f,29,Male,North West,Rural,Primary,Informal,Informal,78406.8,1
02488c11,31,Female,South South,Rural,Secondary,Informal,Self-employed,26499.9,1
bacd0d60,62,Female,South South,Rural,None,Agriculture,Informal,34339.89,1
21fbc72f,3,Female,South West,Urban,None,None,Not in Labor Force,0.0,1
ddc46817,21,Male,North West,Rural,None,Informal,Informal,95502.87,1
70fc9590,62,Female,South East,Urban,Secondary,Trade/Services,Self-employed,171359.6,0
2a94d4ab,19,Female,North Central,Rural,Primary,Agriculture,Informal,54461.09,1
3c746e4d,48,Male,South East,Urban,Secondary,Informal,Self-employed,77862.77,1
1b6f791a,0,Male,South East,Urban,None,None,Not in Labor Force,0.0,1
e06a2731,59,Female,North West,Rural,Tertiary,Professional,Wage-employed,228980.14,0
7522b9e7,30,Male,South West,Urban,Secondary,Informal,Self-employed,188318.87,0
c207769d,4,Male,North Central,Urban,None,None,Not in Labor Force,0.0,1
4215deed,2,Male,South South,Urban,None,None,Not in Labor Force,0.0,1
2a529705,10,Female,North East,Rural,Primary,Student,Not in Labor Force,0.0,1
0d0f0735,61,Female,North West,Rural,None,Agriculture,Informal,55302.87,1
42eb86cd,10,Female,South South,Urban,Primary,Student,Not in Labor Force,0.0,1
2caa7fb2,64,Male,North West,Rural,Secondary,Informal,Self-employed,47047.11,1
f06cc4cc,35,Female,South West,Rural,Secondary,Unemployed,Self-employed,58223.48,1
c3326a35,55,Female,North East,Rural,None,Agriculture,Informal,46130.36,1
ad773002,22,Female,South West,Urban,Tertiary,Professional,Wage-employed,498913.93,0
c529cef9,86,Male,South West,Rural,Secondary,Retired/None,Not in Labor Force,0.0,1
d7fad705,2,Female,North Central,Rural,None,None,Not in Labor Force,0.0,1
663caa9d,19,Male,South South,Rural,Secondary,Trade/Services,Self-employed,105107.29,0
50ae97c9,0,Male,North West,Rural,None,None,Not in Labor Force,0.0,1
217686da,51,Female,North East,Rural,None,Agriculture,Informal,28342.78,1
66d91de7,13,Female,North Central,Urban,None,Student,Not in Labor Force,0.0,1
e73783ee,71,Male,South West,Urban,Secondary,Retired/None,Not in Labor Force,0.0,1
da93efc2,55,Female,North Central,Rural,Primary,Informal,Informal,134354.05,0
f4bafd55,42,Male,North West,Urban,Primary,Trade/Services,Informal,51754.13,1
d7a91db3,14,Female,South South,Urban,Secondary,Student,Not in Labor Force,0.0,1
687cfac0,0,Male,North Central,Urban,None,None,Not in Labor Force,0.0,1
2f2426c7,49,Male,North East,Rural,Secondary,Trade/Services,Self-employed,128621.33,0
060aedc0,7,Female,North Central,Urban,Primary,Student,Not in Labor Force,0.0,1
7b6c84c7,36,Female,North West,Rural,None,Informal,Informal,33913.96,1
0c3e2037,12,Female,North West,Rural,None,Student,Not in Labor Force,0.0,1
822eef67,62,Female,North West,Urban,Secondary,Trade/Services,Self-employed,590756.37,0
c7dfd513,4,Female,North West,Rural,None,None,Not in Labor Force,0.0,1
b094669a,43,Female,North West,Rural,Secondary,Informal,Self-employed,218602.49,0
483f9776,24,Male,North Central,Urban,Primary,Informal,Informal,50784.78,1
88f0abb0,1,Male,South West,Urban,None,None,Not in Labor Force,0.0,1
372323ef,2,Male,South West,Urban,None,None,Not in Labor Force,0.0,1
3b008685,11,Male,North West,Urban,None,Student,Not in Labor Force,0.0,1
c789c30f,30,Female,South South,Rural,Secondary,Trade/Services,Self-employed,104096.78,0
3947eb04,64,Male,South East,Rural,Secondary,Manufacturing,Self-employed,53234.59,1
cf2e5ad4,63,Male,South South,Rural,None,Agriculture,Informal,48359.03,1
a348fff4,21,Male,North East,Rural,Secondary,Informal,Self-employed,127232.04,0
81fd1386,13,Female,South West,Urban,Secondary,Student,Not in Labor Force,0.0,1
a855f7fe,2,Male,North West,Urban,None,None,Not in Labor Force,0.0,1
dabb821a,6,Male,South East,Rural,Primary,Student,Not in Labor Force,0.0,1
c4d9bc35,11,Female,North West,Rural,None,Student,Not in Labor Force,0.0,1
74e58213,87,Female,North East,Rural,Primary,Retired/None,Not in Labor Force,0.0,1
90164d71,22,Male,North Central,Rural,Secondary,Trade/Services,Self-employed,163902.73,0
325c8c59,0,Female,South West,Urban,None,None,Not in Labor Force,0.0,1
b62e754b,35,Male,South West,Rural,Primary,Agriculture,Informal,28480.3,1
c91c9e3b,40,Female,North West,Rural,None,Agriculture,Informal,38210.49,1
2ddbcb80,42,Male,North Central,Urban,Primary,Trade/Services,Informal,142209.87,0
d7570c7e,10,Female,South South,Rural,Primary,Student,Not in Labor Force,0.0,1
d36617c5,6,Female,South South,Urban,Primary,Student,Not in Labor Force,0.0,1
775f2ca4,47,Female,South West,Urban,Secondary,Informal,Self-employed,294887.07,0
83c793c9,72,Male,South West,Urban,Secondary,Retired/None,Not in Labor Force,0.0,1
9b4bde1d,33,Female,North West,Urban,Primary,Trade/Services,Informal,50823.99,1
c4b29e26,12,Male,North West,Rural,Primary,Student,Not in Labor Force,0.0,1
c84e113c,3,Female,North East,Rural,None,None,Not in Labor Force,0.0,1
e1a9d8ed,34,Female,North Central,Urban,None,Trade/Services,Informal,143503.27,0
e8aa70da,24,Female,South West,Rural,Secondary,Trade/Services,Self-employed,47034.87,1
125d654f,26,Female,North Central,Rural,None,Agriculture,Informal,50086.13,1
7c8c54d0,47,Female,North West,Urban,None,Trade/Services,Informal,40674.44,1
11b131c0,7,Female,North Central,Rural,None,Student,Not in Labor Force,0.0,1
8551eda2,39,Male,North West,Rural,None,Agriculture,Informal,46936.85,1
fd181cde,39,Male,South East,Urban,Secondary,Informal,Self-employed,418973.68,0
519cbcda,4,Female,North West,Rural,None,None,Not in Labor Force,0.0,1
03e90fe7,18,Female,North Central,Rural,None,Agriculture,Informal,57933.98,1
1ea28b0e,3,Female,South West,Rural,None,None,Not in Labor Force,0.0,1
082b6e05,8,Female,North West,Rural,None,Student,Not in Labor Force,0.0,1
c2f23c19,14,Female,North West,Urban,Primary,Student,Not in Labor Force,0.0,1
cbaa6bca,7,Female,South West,Urban,Primary,Student,Not in Labor Force,0.0,1
3212c439,9,Male,North West,Rural,None,Student,Not in Labor Force,0.0,1
0acebe93,14,Female,South West,Urban,Secondary,Student,Not in Labor Force,0.0,1
f9142629,40,Male,South East,Rural,None,Agriculture,Informal,50556.21,1
1251e4ec,42,Male,North East,Urban,None,Informal,Informal,57591.79,1
f9ffb290,6,Male,North Central,Urban,Primary,Student,Not in Labor Force,0.0,1
1bce19ec,11,Female,South South,Urban,Primary,Student,Not in Labor Force,0.0,1
7db7252c,49,Male,North Central,Rural,None,Agriculture,Informal,50016.55,1
897edb79,3,Female,South South,Urban,None,None,Not in Labor Force,0.0,1
01fbdb59,14,Female,North West,Urban,None,Student,Not in Labor Force,0.0,1
1346f9f8,46,Female,South West,Rural,Secondary,Trade/Services,Self-employed,60772.66,1
408032cb,23,Female,South West,Urban,Secondary,Manufacturing,Self-employed,144651.43,0
3425d6e9,28,Female,South South,Urban,Primary,Informal,Informal,79256.41,1
4c825f66,27,Male,North West,Urban,Secondary,Trade/Services,Self-employed,101271.0,0
fc658483,7,Male,North East,Rural,None,Student,Not in Labor Force,0.0,1
028794d7,58,Female,North West,Rural,None,Agriculture,Informal,43167.31,1
55eeac48,0,Male,South South,Rural,None,None,Not in Labor Force,0.0,1
567d4ed7,46,Female,North Central,Urban,Primary,Informal,Informal,90192.51,1
28d7061e,2,Female,South South,Urban,None,None,Not in Labor Force,0.0,1
43fafca7,44,Male,North East,Rural,Secondary,Informal,Self-employed,63729.63,1
e72d296e,11,Female,North West,Rural,Primary,Student,Not in Labor Force,0.0,1
55adbe3c,24,Female,North East,Rural,None,Agriculture,Informal,51840.08,1
5b95ca9b,16,Male,South West,Rural,Primary,Agriculture,Informal,45673.29,1
b7e8f945,32,Female,South East,Urban,Secondary,Trade/Services,Self-employed,35466.44,1
989973bc,27,Female,North East,Rural,Primary,Agriculture,Informal,100313.45,0
3b29d657,43,Male,South South,Urban,Secondary,Trade/Services,Self-employed,44374.0,1
5687ece7,38,Female,North West,Rural,Primary,Informal,Informal,20723.64,1
3d1da77a,52,Male,South West,Urban,Primary,Informal,Informal,138302.99,0
7e0cb876,26,Female,South West,Urban,Primary,Informal,Informal,41561.15,1
12406f29,43,Male,North East,Rural,Secondary,Unemployed,Self-employed,28399.03,1
b15ffe56,36,Female,North West,Rural,None,Informal,Informal,133575.93,0
b1cdc259,50,Female,North East,Rural,Secondary,Informal,Self-employed,67318.37,1
03b7d9c8,15,Female,North West,Urban,Secondary,Informal,Self-employed,276188.67,0
476513c6,57,Female,South South,Urban,Secondary,Trade/Services,Self-employed,76944.33,1
84618869,54,Male,South South,Urban,Primary,Informal,Informal,30149.12,1
7807f0de,48,Female,South West,Urban,Secondary,Informal,Self-employed,109865.66,0
4587663f,1,Female,South West,Rural,None,None,Not in Labor Force,0.0,1
95138e35,62,Female,North West,Rural,Primary,Agriculture,Informal,29004.23,1
7cc36da7,65,Male,North West,Rural,Primary,Agriculture,Informal,76309.46,1
4253e8ff,18,Female,South East,Rural,Primary,Informal,Informal,89831.75,1
438f9f4d,52,Female,South West,Urban,Secondary,Trade/Services,Self-employed,232774.23,0
a768ad7f,13,Female,South West,Urban,Secondary,Student,Not in Labor Force,0.0,1
4d9ae1dd,60,Female,South East,Urban,Tertiary,Professional,Wage-employed,332045.98,0
fa16ee41,34,Male,North Central,Rural,Secondary,Manufacturing,Self-employed,225980.1,0
adb8a434,40,Female,North West,Urban,Secondary,Informal,Self-employed,76373.62,1
147f7253,14,Male,South East,Urban,None,Student,Not in Labor Force,0.0,1
a57daec8,21,Male,North Central,Rural,None,Agriculture,Informal,64890.79,1
b69284b6,21,Female,South East,Rural,Primary,Informal,Informal,55104.4,1
130e77ec,1,Female,North Central,Rural,None,None,Not in Labor Force,0.0,1
54f8fef0,12,Male,North West,Rural,Primary,Student,Not in Labor Force,0.0,1
f8d5bf87,6,Male,North West,Rural,Primary,Student,Not in Labor Force,0.0,1
d1d4ff84,48,Male,South West,Urban,Tertiary,Trade/Services,Wage-employed,1307432.26,0
f6d5388a,3,Male,South West,Urban,None,None,Not in Labor Force,0.0,1
5121214a,14,Male,North Central,Rural,Secondary,Student,Not in Labor Force,0.0,1
bfb2021d,47,Male,North Central,Rural,None,Informal,Informal,123584.2,0
edc3fc3a,4,Male,North Central,Rural,None,None,Not in Labor Force,0.0,1
184dcaef,0,Female,North West,Rural,None,None,Not in Labor Force,0.0,1
b2e2ded2,34,Female,North East,Rural,Secondary,Informal,Self-employed,100638.86,0
a16ee195,27,Male,North East,Urban,Secondary,Informal,Self-employed,150101.54,0
4591fcbf,58,Female,North East,Rural,Secondary,Trade/Services,Self-employed,248040.3,0
e456964a,38,Female,North Central,Urban,Secondary,Trade/Services,Self-employed,84884.58,1
4ed51b4b,61,Male,North West,Urban,Primary,Informal,Informal,23864.83,1
e6e1dc56,51,Male,North East,Rural,Primary,Agriculture,Informal,33503.62,1
2e433607,6,Male,North East,Rural,None,Student,Not in Labor Force,0.0,1
94f2d54d,7,Male,North East,Rural,None,Student,Not in Labor Force,0.0,1
253d654e,37,Male,South South,Rural,Secondary,Manufacturing,Self-employed,76980.03,1
30b98f49,13,Female,North West,Urban,Secondary,Student,Not in Labor Force,0.0,1
c3ee9d10,18,Female,South West,Urban,Secondary,Trade/Services,Self-employed,301479.29,0
99ef458a,35,Female,North West,Urban,Primary,Trade/Services,Informal,150461.78,0
32c1d5c5,12,Male,South East,Urban,Tertiary,Student,Not in Labor Force,0.0,1
8192de78,13,Female,South South,Urban,Secondary,Student,Not in Labor Force,0.0,1
30377e1b,9,Female,North Central,Urban,Primary,Student,Not in Labor Force,0.0,1
871a753c,36,Female,South East,Urban,Tertiary,Trade/Services,Wage-employed,389914.91,0
8c68e541,13,Male,North West,Urban,Secondary,Student,Not in Labor Force,0.0,1
c587140e,44,Female,North West,Rural,None,Agriculture,Informal,79217.16,1
f19d4d18,11,Female,North East,Rural,None,Student,Not in Labor Force,0.0,1
7785cabf,30,Female,North East,Rural,None,Agriculture,Informal,39130.51,1
0304aa46,25,Female,North East,Rural,Primary,Agriculture,Informal,209633.9,0
fa6da174,5,Male,North East,Rural,None,None,Not in Labor Force,0.0,1
f257d3a7,43,Female,North Central,Urban,Secondary,Manufacturing,Self-employed,275915.54,0
c2215fa8,89,Male,South West,Urban,Secondary,Retired/None,Not in Labor Force,0.0,1
b27f72f8,9,Female,North West,Rural,None,Student,Not in Labor Force,0.0,1
8e73a0bd,28,Male,North West,Urban,Secondary,Trade/Services,Self-employed,137603.32,0
3e30181c,13,Male,North Central,Rural,None,Student,Not in Labor Force,0.0,1
20a83396,16,Female,North Central,Rural,None,Agriculture,Informal,57287.45,1
3c75a6d4,5,Female,North West,Urban,None,None,Not in Labor Force,0.0,1
fd92e99f,27,Male,North West,Rural,None,Agriculture,Informal,91208.59,1
7d7d7948,17,Female,North Central,Rural,Secondary,Trade/Services,Self-employed,95386.78,1
9cfa36ad,44,Female,North West,Rural,Primary,Agriculture,Informal,20073.82,1
c96b5709,32,Male,South South,Urban,Secondary,Manufacturing,Self-employed,334354.82,0
b465627d,50,Male,North West,Rural,Primary,Agriculture,Informal,120714.47,0
dbadfdd8,35,Female,North West,Rural,Primary,Informal,Informal,74847.09,1
39bc7161,33,Male,North Central,Rural,Primary,Informal,Informal,46547.88,1
f9f6beb4,30,Male,South South,Rural,Secondary,Trade/Services,Self-employed,99298.95,0
d9fa1be2,42,Male,South West,Rural,Primary,Agriculture,Informal,12254.78,1
0c401011,18,Male,North East,Urban,Secondary,Unemployed,Self-employed,68566.95,1
4dccbde2,29,Female,North West,Urban,Secondary,Informal,Self-employed,384715.35,0
ff662cc4,15,Male,North Central,Urban,None,Trade/Services,Informal,110234.12,0
e0240746,62,Male,North West,Rural,Primary,Agriculture,Informal,18597.46,1
37e54862,14,Male,South West,Urban,Tertiary,Student,Not in Labor Force,0.0,1
d975c422,5,Male,South West,Urban,None,None,Not in Labor Force,0.0,1
fd54f131,3,Male,North East,Rural,None,None,Not in Labor Force,0.0,1
110bf9e8,47,Female,North West,Rural,None,Agriculture,Informal,36438.0,1
7099867f,0,Female,South East,Urban,None,None,Not in Labor Force,0.0,1
8485170d,19,Male,South West,Urban,None,Informal,Informal,25459.05,1
6a536eac,94,Male,South East,Rural,Primary,Retired/None,Not in Labor Force,0.0,1
90453b3f,4,Male,North East,Rural,None,None,Not in Labor Force,0.0,1
1e45983d,53,Male,South West,Rural,Primary,Agriculture,Informal,37486.07,1
909d1804,12,Female,North West,Rural,None,Student,Not in Labor Force,0.0,1
bf5d559b,11,Male,North East,Rural,Primary,Student,Not in Labor Force,0.0,1
93a9f8e0,50,Male,South West,Urban,Primary,Informal,Informal,73196.43,1
8ce497e6,44,Female,South East,Urban,Secondary,Informal,Self-employed,348349.97,0
62ed3b7f,18,Male,North East,Rural,Primary,Informal,Informal,95900.46,1
505068de,6,Female,South East,Rural,Primary,Student,Not in Labor Force,0.0,1
124a63a9,35,Female,South West,Urban,Secondary,Trade/Services,Self-employed,111158.5,0
57f384f4,14,Male,North East,Rural,None,Student,Not in Labor Force,0.0,1
caa57325,4,Female,South South,Urban,None,None,Not in Labor Force,0.0,1
1cdac1ca,5,Female,North Central,Rural,None,None,Not in Labor Force,0.0,1
3fbde8cb,7,Male,South West,Urban,Primary,Student,Not in Labor Force,0.0,1
a66f34ce,14,Female,North Central,Rural,None,Student,Not in Labor Force,0.0,1
8636642c,4,Female,North Central,Urban,None,None,Not in Labor Force,0.0,1
ebf72632,95,Female,South East,Urban,Primary,Retired/None,Not in Labor Force,0.0,1
80ec9d61,2,Female,North East,Urban,None,None,Not in Labor Force,0.0,1
fb18e09d,5,Female,North West,Urban,None,None,Not in Labor Force,0.0,1
86bc8af0,13,Male,South South,Urban,Primary,Student,Not in Labor Force,0.0,1
9160cad4,26,Female,South East,Urban,Secondary,Trade/Services,Self-employed,114483.58,0
dd06d72d,13,Male,North East,Rural,Secondary,Student,Not in Labor Force,0.0,1
01e35ab2,64,Male,North West,Rural,Primary,Informal,Informal,37037.27,1
b30f669b,92,Female,South West,Urban,Primary,Retired/None,Not in Labor Force,0.0,1
1e3b7094,11,Female,North West,Rural,Primary,Student,Not in Labor Force,0.0,1
5c8b4247,29,Male,North Central,Rural,Secondary,Trade/Services,Self-employed,189888.4,0
eacc85a8,2,Female,North West,Rural,None,None,Not in Labor Force,0.0,1
f67e4452,42,Male,South West,Urban,Primary,Informal,Informal,166996.05,0
f040614d,7,Male,North West,Rural,None,Student,Not in Labor Force,0.0,1
7f40dfab,8,Male,South West,Urban,Primary,Student,Not in Labor Force,0.0,1
5d2b3d51,4,Male,South West,Urban,None,None,Not in Labor Force,0.0,1
f51ccff6,19,Male,North Central,Urban,None,Trade/Services,Informal,36208.11,1
95166741,5,Female,North West,Urban,None,None,Not in Labor Force,0.0,1
cee77afa,6,Male,North West,Rural,Primary,Student,Not in Labor Force,0.0,1
d2c6801a,17,Male,North East,Urban,Primary,Informal,Informal,28784.93,1
8ade6842,51,Female,North Central,Rural,Primary,Agriculture,Informal,49458.54,1
6ec76449,47,Female,South West,Rural,None,Agriculture,Informal,53234.01,1
612d5218,10,Male,North West,Rural,None,Student,Not in Labor Force,0.0,1
0bd62caa,35,Male,South West,Urban,Secondary,Informal,Self-employed,155624.17,0
97bd6843,34,Male,South West,Urban,Secondary,Informal,Self-employed,48785.1,1
15cb8da0,0,Female,North Central,Rural,None,None,Not in Labor Force,0.0,1
cd8258a0,53,Female,North East,Rural,None,Agriculture,Informal,38973.2,1
7be1357d,61,Female,South East,Urban,None,Trade/Services,Informal,76922.86,1
5f9a4635,31,Male,South East,Urban,Primary,Informal,Informal,50651.26,1
6fb7a170,12,Female,South South,Urban,Primary,Student,Not in Labor Force,0.0,1
1cb9314a,22,Male,North East,Rural,None,Informal,Informal,100179.27,0
5fd350b6,13,Male,South South,Urban,None,Student,Not in Labor Force,0.0,1
922000ae,40,Male,North West,Rural,None,Agriculture,Informal,183711.09,0
b0102f70,11,Female,North Central,Rural,None,Student,Not in Labor Force,0.0,1
0194a1b8,66,Female,North Central,Urban,Secondary,Trade/Services,Self-employed,96453.45,1
b4e486d4,40,Female,North Central,Rural,Secondary,Trade/Services,Self-employed,168302.7,0
8a8da791,12,Female,South West,Urban,Secondary,Student,Not in Labor Force,0.0,1
65c64604,58,Male,North West,Urban,Primary,Trade/Services,Informal,65231.38,1
445a02e0,69,Male,South South,Urban,Tertiary,Professional,Wage-employed,229096.15,0
732c877c,12,Female,South West,Rural,Secondary,Student,Not in Labor Force,0.0,1
3546d188,52,Female,South South,Rural,Secondary,Manufacturing,Self-employed,64386.25,1
5982491c,39,Female,North West,Urban,Secondary,Informal,Self-employed,211330.23,0
dad29458,14,Male,South West,Urban,Tertiary,Student,Not in Labor Force,0.0,1
78c07853,13,Female,North Central,Rural,None,Student,Not in Labor Force,0.0,1
c2cbd1be,6,Male,North Central,Rural,None,Student,Not in Labor Force,0.0,1
f87520cd,5,Female,South West,Urban,None,None,Not in Labor Force,0.0,1
bec896e4,35,Male,North West,Rural,Primary,Informal,Informal,40742.44,1
4947453d,5,Female,North West,Rural,None,None,Not in Labor Force,0.0,1
5f48c274,44,Male,South West,Urban,Primary,Informal,Informal,61843.72,1
317ba1ca,25,Female,North Central,Urban,None,Trade/Services,Informal,40688.5,1
b5a22cd9,3,Female,North West,Urban,None,None,Not in Labor Force,0.0,1
9d6897d7,47,Male,North Central,Rural,None,Informal,Informal,87584.34,1
ac5abb06,61,Male,North Central,Urban,Secondary,Informal,Self-employed,175412.57,0
b0a7bf53,26,Female,South West,Rural,Secondary,Informal,Self-employed,236337.6,0
da2fe580,8,Male,North West,Rural,None,Student,Not in Labor Force,0.0,1
5c42981f,10,Male,South West,Urban,Primary,Student,Not in Labor Force,0.0,1
266862e9,51,Female,South West,Urban,Tertiary,Professional,Wage-employed,572507.24,0
0744d27c,38,Female,South West,Rural,None,Agriculture,Informal,76706.77,1
05a07bae,21,Male,South South,Urban,Tertiary,Trade/Services,Wage-employed,568052.02,0
af89f066,22,Female,North Central,Rural,Secondary,Trade/Services,Self-employed,84663.38,1
99cc8d5d,0,Female,North East,Rural,None,None,Not in Labor Force,0.0,1
847a4ea6,39,Female,North West,Rural,Primary,Informal,Informal,63963.6,1
eb5f673e,0,Female,North East,Rural,None,None,Not in Labor Force,0.0,1
41eaeee9,2,Female,North West,Rural,None,None,Not in Labor Force,0.0,1
eadcd818,54,Male,South East,Urban,Primary,Informal,Informal,141310.52,0
e8a1050a,11,Female,South East,Rural,Primary,Student,Not in Labor Force,0.0,1
ee8026eb,57,Male,North Central,Rural,None,Informal,Informal,36602.44,1
4346a751,47,Male,North East,Rural,Secondary,Informal,Self-employed,274034.4,0
c55a1d4c,13,Female,North West,Rural,Secondary,Student,Not in Labor Force,0.0,1
9a1befaf,65,Male,South South,Rural,Secondary,Trade/Services,Self-employed,144753.9,0
b4a5b0bd,70,Female,South South,Urban,Secondary,Manufacturing,Self-employed,448066.85,0
0ec0e2d9,41,Female,North East,Rural,None,Agriculture,Informal,29576.25,1
c3b7bdea,5,Male,South West,Urban,None,None,Not in Labor Force,0.0,1
7389e210,2,Male,North East,Rural,None,None,Not in Labor Force,0.0,1
2e0a804f,9,Female,North West,Urban,Primary,Student,Not in Labor Force,0.0,1
082e9b30,11,Female,North West,Rural,Primary,Student,Not in Labor Force,0.0,1
29be6fcb,9,Female,South West,Urban,Primary,Student,Not in Labor Force,0.0,1
b14d1e64,86,Female,North West,Urban,Primary,Retired/None,Not in Labor Force,0.0,1
969bca8e,1,Male,North West,Urban,None,None,Not in Labor Force,0.0,1
dfb908da,38,Male,North West,Rural,None,Agriculture,Informal,29574.05,1
a4650a84,14,Female,North East,Urban,None,Student,Not in Labor Force,0.0,1
643ce5ba,42,Male,South West,Urban,Secondary,Informal,Self-employed,166576.06,0
4d0ecdf1,36,Female,North West,Rural,Secondary,Informal,Self-employed,106312.37,0
14549a4c,12,Male,South South,Rural,Secondary,Student,Not in Labor Force,0.0,1
8648c039,12,Female,North East,Rural,Primary,Student,Not in Labor Force,0.0,1
eaea2b92,50,Female,North East,Rural,Secondary,Trade/Services,Self-employed,75039.11,1
184a3424,50,Female,North West,Urban,Secondary,Trade/Services,Self-employed,62216.93,1
92261799,57,Female,North East,Rural,Tertiary,Trade/Services,Wage-employed,252546.25,0
def0b432,6,Female,North West,Rural,None,Student,Not in Labor Force,0.0,1
4276d5e9,13,Female,North East,Rural,Primary,Student,Not in Labor Force,0.0,1
0c9012b5,46,Female,South South,Urban,Tertiary,Professional,Wage-employed,456012.39,0
b93e0ffe,17,Female,South West,Urban,Secondary,Trade/Services,Self-employed,60773.1,1
ac33406c,41,Female,South South,Urban,Secondary,Manufacturing,Self-employed,104169.28,0
d00ba2e1,33,Female,North West,Urban,Secondary,Informal,Self-employed,167621.07,0
97ee4854,36,Male,North Central,Rural,None,Informal,Informal,96049.43,1
a4fcbe2b,8,Male,North West,Urban,None,Student,Not in Labor Force,0.0,1
8a6d6d15,0,Male,South West,Urban,None,None,Not in Labor Force,0.0,1
622cdeb0,4,Male,South South,Rural,None,None,Not in Labor Force,0.0,1
a2231ff4,63,Male,South East,Urban,Secondary,Trade/Services,Self-employed,112224.76,0
80c632e4,0,Male,North West,Rural,None,None,Not in Labor Force,0.0,1
530ba3be,33,Female,North East,Rural,None,Informal,Informal,37025.76,1
1ed842b9,50,Female,North West,Urban,Primary,Trade/Services,Informal,86606.5,1
8b56dc5f,20,Male,North West,Rural,Tertiary,Trade/Services,Wage-employed,261958.36,0
f46ac2c5,29,Male,North West,Urban,Secondary,Trade/Services,Self-employed,55324.43,1
c0986ac5,50,Female,North East,Rural,None,Agriculture,Informal,45692.72,1
9238ba8a,7,Female,North East,Rural,Primary,Student,Not in Labor Force,0.0,1
c0f885dd,47,Female,North Central,Rural,Primary,Informal,Informal,42029.67,1
3e8dd877,38,Female,North Central,Rural,Primary,Agriculture,Informal,60698.23,1
7c491ad5,41,Female,South East,Rural,Tertiary,Professional,Wage-employed,190950.61,0
9dc9018b,0,Male,North West,Urban,None,None,Not in Labor Force,0.0,1
e2437072,10,Male,North West,Rural,None,Student,Not in Labor Force,0.0,1
2892c534,63,Female,South West,Urban,Tertiary,Professional,Wage-employed,288063.02,0
78703875,37,Male,South West,Urban,Secondary,Manufacturing,Self-employed,119454.86,0
05f67378,47,Female,North West,Rural,Secondary,Trade/Services,Self-employed,144789.11,0
fd749547,55,Female,South South,Rural,None,Informal,Informal,63302.9,1
bf923b57,60,Female,North East,Rural,None,Agriculture,Informal,296243.58,0
f8030eb4,61,Male,North East,Urban,Primary,Trade/Services,Informal,37837.85,1
2cda1b81,43,Female,North Central,Rural,Primary,Informal,Informal,103467.38,0
9a542317,14,Female,North East,Rural,None,Student,Not in Labor Force,0.0,1
fa14aa4c,15,Female,South West,Urban,None,Trade/Services,Informal,77122.65,1
e8c54d16,48,Male,North East,Rural,Tertiary,Trade/Services,Wage-employed,128471.99,0
c68c95c6,1,Female,North East,Urban,None,None,Not in Labor Force,0.0,1
a77febdf,1,Female,South South,Urban,None,None,Not in Labor Force,0.0,1
eec88b4f,5,Female,North East,Rural,None,None,Not in Labor Force,0.0,1
c00e5d8a,54,Female,South West,Urban,Secondary,Trade/Services,Self-employed,106187.6,0
4bff86b5,0,Female,North East,Urban,None,None,Not in Labor Force,0.0,1
60214099,61,Male,North Central,Urban,Secondary,Trade/Services,Self-employed,53740.17,1
dcece15d,9,Male,North West,Rural,Primary,Student,Not in Labor Force,0.0,1
6c3b2705,13,Female,South East,Urban,Tertiary,Student,Not in Labor Force,0.0,1
78cde081,18,Female,South West,Urban,Secondary,Manufacturing,Self-employed,140026.65,0
d445a2ea,9,Male,North West,Urban,Primary,Student,Not in Labor Force,0.0,1
107ba904,57,Female,North West,Urban,Primary,Informal,Informal,67306.15,1
21cc0bd9,19,Male,South South,Urban,Tertiary,Trade/Services,Wage-employed,265377.29,0
25f62216,23,Male,South South,Urban,Secondary,Trade/Services,Self-employed,70539.3,1
93d32898,4,Female,North Central,Rural,None,None,Not in Labor Force,0.0,1
6f139866,25,Male,North Central,Urban,Secondary,Trade/Services,Self-employed,245247.15,0
35a1ca6c,49,Male,South East,Rural,Primary,Agriculture,Informal,54403.23,1
e7013506,41,Male,North West,Rural,None,Informal,Informal,67893.79,1
a0351069,18,Female,South West,Urban,Secondary,Informal,Self-employed,148170.73,0
a045aa0c,24,Male,North Central,Urban,None,Trade/Services,Informal,86235.91,1
5b388a7e,53,Male,South West,Rural,Secondary,Informal,Self-employed,81151.39,1
0a35dce8,47,Male,North West,Rural,None,Agriculture,Informal,148831.19,0
2d8f9c03,52,Male,South West,Urban,Tertiary,Professional,Wage-employed,1531553.04,0
89fbe124,7,Male,South West,Urban,Primary,Student,Not in Labor Force,0.0,1
0e977fee,0,Male,South East,Urban,None,None,Not in Labor Force,0.0,1
87bb40c1,7,Male,South West,Urban,Primary,Student,Not in Labor Force,0.0,1
963d5d63,6,Female,South South,Urban,Primary,Student,Not in Labor Force,0.0,1
1800737c,0,Male,South South,Urban,None,None,Not in Labor Force,0.0,1
3e197f3c,55,Male,North Central,Rural,Primary,Agriculture,Informal,142734.24,0
781358ef,10,Male,North West,Rural,None,Student,Not in Labor Force,0.0,1
e2a330f2,33,Male,South West,Urban,Primary,Informal,Informal,81868.34,1
34a2cd6f,1,Female,South South,Urban,None,None,Not in Labor Force,0.0,1
f4449d03,6,Male,North West,Rural,Primary,Student,Not in Labor Force,0.0,1
9047ed6d,10,Male,South West,Urban,Primary,Student,Not in Labor Force,0.0,1
105fc231,2,Male,North West,Rural,None,None,Not in Labor Force,0.0,1
fe647949,31,Female,North West,Rural,None,Agriculture,Informal,58192.13,1
f75173a9,56,Male,South West,Rural,Secondary,Informal,Self-employed,190166.35,0
b1acd3b5,12,Female,South West,Urban,Secondary,Student,Not in Labor Force,0.0,1
794d6ead,17,Male,South West,Urban,Secondary,Informal,Self-employed,84577.3,1
15f4ac3a,36,Male,South South,Urban,Primary,Informal,Informal,225525.55,0
5ec1eda9,49,Female,North West,Rural,None,Agriculture,Informal,96264.37,1
9b19b99d,35,Female,North West,Rural,None,Agriculture,Informal,50622.99,1
11e89ceb,39,Female,South South,Urban,Tertiary,Professional,Wage-employed,474085.42,0
596152ee,53,Male,North Central,Rural,Secondary,Informal,Self-employed,143793.06,0
ab709965,16,Female,North East,Rural,None,Agriculture,Informal,46327.3,1
e819768f,0,Male,South West,Urban,None,None,Not in Labor Force,0.0,1
47ff4488,6,Female,South South,Rural,Primary,Student,Not in Labor Force,0.0,1
51a4662f,34,Female,South West,Rural,Secondary,Trade/Services,Self-employed,183619.24,0
8175c460,57,Male,South East,Rural,Secondary,Trade/Services,Self-employed,211863.5,0
cc0c0b07,20,Female,North East,Rural,Tertiary,Trade/Services,Wage-employed,253321.98,0
ef149107,50,Female,North East,Rural,Secondary,Informal,Self-employed,74206.69,1
f24d62da,2,Male,South South,Rural,None,None,Not in Labor Force,0.0,1
f51fd52c,35,Female,South West,Urban,Primary,Informal,Informal,75868.24,1
2c2889a4,60,Female,North West,Rural,None,Agriculture,Informal,29908.64,1
424b4930,2,Male,North Central,Urban,None,None,Not in Labor Force,0.0,1
6ee50442,50,Female,South West,Urban,Secondary,Manufacturing,Self-employed,48994.07,1
e1fc4441,22,Male,North West,Rural,None,Agriculture,Informal,46167.99,1
6b507210,1,Female,South West,Urban,None,None,Not in Labor Force,0.0,1
8ec7ede7,18,Female,North West,Urban,Primary,Informal,Informal,45434.52,1
996788e6,10,Female,North East,Rural,None,Student,Not in Labor Force,0.0,1
601bedac,30,Male,South West,Urban,Secondary,Trade/Services,Self-employed,385551.85,0
e03670dd,2,Female,North West,Urban,None,None,Not in Labor Force,0.0,1
7c2d0551,21,Male,North West,Rural,Secondary,Manufacturing,Self-employed,75077.4,1
60ee2c15,16,Male,South South,Urban,None,Trade/Services,Informal,106236.63,0
adfeaf56,0,Male,South West,Rural,None,None,Not in Labor Force,0.0,1
634e1b47,15,Female,North Central,Urban,Secondary,Informal,Self-employed,91406.81,1
4a7f9e5d,70,Female,North West,Urban,Secondary,Informal,Self-employed,388225.35,0
d682d922,2,Male,North East,Rural,None,None,Not in Labor Force,0.0,1
fbf95a75,6,Female,South West,Rural,Primary,Student,Not in Labor Force,0.0,1
eee2d592,38,Male,North West,Rural,None,Informal,Informal,53298.13,1
993834ee,19,Female,North Central,Urban,Primary,Trade/Services,Informal,38323.0,1
f8febf59,4,Female,North Central,Rural,None,None,Not in Labor Force,0.0,1
81549cc8,11,Male,North Central,Urban,Primary,Student,Not in Labor Force,0.0,1
eb34dca7,1,Male,North West,Urban,None,None,Not in Labor Force,0.0,1
e3354736,88,Male,North West,Urban,Secondary,Retired/None,Not in Labor Force,0.0,1
12a74eb7,9,Male,South South,Urban,Primary,Student,Not in Labor Force,0.0,1
2eb9d82d,46,Female,South South,Rural,Tertiary,Trade/Services,Wage-employed,443366.69,0
017c6c28,59,Male,North Central,Urban,Secondary,Informal,Self-employed,155696.79,0
22e2aab2,0,Female,South East,Rural,None,None,Not in Labor Force,0.0,1
99e5efe3,24,Female,South West,Urban,Secondary,Trade/Services,Self-employed,274262.36,0
769807b7,8,Female,North West,Urban,Primary,Student,Not in Labor Force,0.0,1
ffa192a8,63,Male,North East,Rural,None,Agriculture,Informal,54585.87,1
c9a82a47,0,Female,North East,Rural,None,None,Not in Labor Force,0.0,1
738f621f,47,Female,South West,Rural,None,Agriculture,Informal,63877.73,1
12aee54e,21,Female,South West,Rural,Secondary,Informal,Self-employed,39957.22,1
4630d83b,3,Female,South South,Rural,None,None,Not in Labor Force,0.0,1
83701d0f,11,Male,South East,Rural,Primary,Student,Not in Labor Force,0.0,1
ae2116a7,6,Male,South South,Urban,Primary,Student,Not in Labor Force,0.0,1
6436808d,4,Female,South South,Urban,None,None,Not in Labor Force,0.0,1
02c63b42,46,Female,South East,Rural,None,Agriculture,Informal,98843.41,0
f45b4964,58,Female,North East,Rural,Secondary,Trade/Services,Self-employed,102501.01,0
8a6d1437,30,Male,North West,Rural,None,Agriculture,Informal,55574.58,1
f88c0c69,60,Female,South West,Urban,Secondary,Manufacturing,Self-employed,116125.34,0
6368b2ed,24,Male,South West,Urban,Secondary,Trade/Services,Self-employed,112491.46,0
8a38813b,28,Male,North East,Urban,None,Informal,Informal,134512.44,0
c801409d,6,Male,South East,Urban,Primary,Student,Not in Labor Force,0.0,1
9cc1eddf,3,Male,South South,Urban,None,None,Not in Labor Force,0.0,1
997e47b1,1,Male,South West,Urban,None,None,Not in Labor Force,0.0,1
76d8722d,38,Female,North Central,Rural,Primary,Agriculture,Informal,34359.94,1
4872f8b6,32,Female,South East,Rural,Tertiary,Professional,Wage-employed,463284.29,0
ca3b4eb5,30,Female,North West,Urban,None,Informal,Informal,30846.95,1
2614daa3,8,Female,North West,Rural,None,Student,Not in Labor Force,0.0,1
63c0dfd3,51,Male,South East,Rural,Tertiary,Manufacturing,Wage-employed,93907.48,1
ccf70982,8,Female,South West,Urban,Primary,Student,Not in Labor Force,0.0,1
12975002,14,Female,North Central,Rural,Secondary,Student,Not in Labor Force,0.0,1
fd4271f2,8,Female,South South,Urban,Primary,Student,Not in Labor Force,0.0,1
9b1bd31f,13,Female,North East,Rural,Tertiary,Student,Not in Labor Force,0.0,1
5dc23ae1,22,Male,South West,Rural,None,Informal,Informal,139586.1,0
cbd2702f,7,Male,South West,Urban,Primary,Student,Not in Labor Force,0.0,1
8f5b48fe,34,Male,North West,Rural,None,Agriculture,Informal,32411.59,1
fae72469,62,Female,North East,Rural,Secondary,Trade/Services,Self-employed,105185.06,0
cbf0d4a2,13,Male,South South,Rural,Primary,Student,Not in Labor Force,0.0,1
c195e25d,3,Female,North West,Urban,None,None,Not in Labor Force,0.0,1
037afd2f,32,Male,North West,Rural,Secondary,Informal,Self-employed,84052.52,1
844daab0,18,Female,North Central,Urban,Secondary,Trade/Services,Self-employed,163816.84,0
9deeb077,3,Male,North West,Rural,None,None,Not in Labor Force,0.0,1
e3ad5e85,5,Male,South South,Urban,None,None,Not in Labor Force,0.0,1
ec17a54a,17,Male,North West,Rural,None,Agriculture,Informal,61749.4,1
0a709310,32,Female,South West,Urban,Secondary,Manufacturing,Self-employed,249148.89,0
002e010a,61,Male,North East,Urban,None,Informal,Informal,34285.62,1
01968ab0,54,Female,South East,Urban,None,Informal,Informal,120880.61,0
4861fc2f,1,Male,South West,Urban,None,None,Not in Labor Force,0.0,1
643e41a2,7,Female,North East,Urban,Primary,Student,Not in Labor Force,0.0,1
d025d331,37,Male,South South,Rural,Tertiary,Professional,Wage-employed,287568.94,0
607aecc7,49,Female,North West,Rural,None,Agriculture,Informal,23876.37,1
2986d5a0,5,Male,South West,Urban,None,None,Not in Labor Force,0.0,1
2e2761c2,40,Female,South South,Rural,Secondary,Manufacturing,Self-employed,71830.13,1
3e703064,13,Male,South West,Urban,Tertiary,Student,Not in Labor Force,0.0,1
e400a250,4,Female,South West,Urban,None,None,Not in Labor Force,0.0,1
3c942fac,12,Female,North West,Urban,Tertiary,Student,Not in Labor Force,0.0,1
350d0fcf,7,Male,North West,Rural,None,Student,Not in Labor Force,0.0,1
10035123,29,Male,North West,Urban,Secondary,Manufacturing,Self-employed,50902.44,1
42d299e9,41,Female,South South,Rural,Secondary,Informal,Self-employed,36172.81,1
45c53a93,11,Female,South South,Urban,Primary,Student,Not in Labor Force,0.0,1
c721f861,4,Male,North East,Rural,None,None,Not in Labor Force,0.0,1
2e9031d6,21,Male,North East,Urban,None,Informal,Informal,62194.3,1
610e5555,5,Male,North West,Rural,None,None,Not in Labor Force,0.0,1
02e29c53,41,Male,North East,Rural,Secondary,Informal,Self-employed,201149.24,0
58ebb307,14,Male,North East,Urban,Secondary,Student,Not in Labor Force,0.0,1
90460c2f,53,Female,South West,Urban,Secondary,Informal,Self-employed,160744.82,0
6fdd6a52,12,Male,South South,Urban,Primary,Student,Not in Labor Force,0.0,1
97b5ebc7,8,Female,South West,Rural,Primary,Student,Not in Labor Force,0.0,1
924f2524,2,Female,South West,Urban,None,None,Not in Labor Force,0.0,1
308c856b,9,Male,South East,Rural,Primary,Student,Not in Labor Force,0.0,1
a46f4541,6,Female,South West,Urban,Primary,Student,Not in Labor Force,0.0,1
69ee287b,27,Female,North Central,Urban,Secondary,Manufacturing,Self-employed,290577.89,0
fceb0ab0,9,Male,North East,Rural,Primary,Student,Not in Labor Force,0.0,1
2a67ecdb,2,Male,North East,Urban,None,None,Not in Labor Force,0.0,1
91c17bc3,43,Female,South West,Urban,Primary,Informal,Informal,84589.94,1
567bab2c,16,Female,South South,Rural,Secondary,Informal,Self-employed,250161.12,0
a1dc9465,92,Male,South West,Urban,None,Retired/None,Not in Labor Force,0.0,1
a178c339,37,Male,South South,Rural,Primary,Agriculture,Informal,142622.54,0
808dcb2d,50,Male,North West,Urban,Primary,Informal,Informal,45706.75,1
0915d720,63,Male,South East,Urban,Secondary,Informal,Self-employed,139051.6,0
d1881863,20,Male,South South,Rural,Primary,Agriculture,Informal,38814.27,1
811caad9,25,Female,South West,Urban,Secondary,Trade/Services,Self-employed,122162.72,0
c8cd3197,5,Female,South South,Urban,None,None,Not in Labor Force,0.0,1
e2c40240,5,Male,South West,Urban,None,None,Not in Labor Force,0.0,1
5057ff52,1,Female,North West,Rural,None,None,Not in Labor Force,0.0,1
e41a5fa6,31,Male,North West,Rural,Secondary,Informal,Self-employed,266979.55,0
0c57a08d,17,Male,South West,Urban,Secondary,Informal,Self-employed,90674.56,1
0239384f,58,Male,South South,Rural,Primary,Agriculture,Informal,29386.92,1
07c0ca29,13,Male,North West,Rural,None,Student,Not in Labor Force,0.0,1
80dc5327,48,Male,South West,Urban,Primary,Informal,Informal,41274.43,1
521dd833,36,Female,South East,Rural,Primary,Agriculture,Informal,47226.93,1
f547207c,12,Male,North West,Urban,Primary,Student,Not in Labor Force,0.0,1
84871e16,43,Female,North West,Urban,Primary,Informal,Informal,764691.33,0
4e188b86,4,Male,North East,Rural,None,None,Not in Labor Force,0.0,1
2843b2e0,24,Male,North East,Urban,None,Trade/Services,Informal,195573.86,0
f40dffce,24,Female,North West,Urban,None,Trade/Services,Informal,14417.95,1
705e31a8,23,Female,North West,Urban,Primary,Trade/Services,Informal,79103.88,1
dc4c3206,35,Male,North West,Urban,Primary,Informal,Informal,55416.06,1
61323297,27,Female,South West,Urban,Tertiary,Trade/Services,Wage-employed,723454.99,0
70f0d389,24,Female,South West,Urban,None,Informal,Informal,39838.86,1
a620dd49,5,Female,South West,Urban,None,None,Not in Labor Force,0.0,1
91319706,25,Male,North Central,Rural,Tertiary,Professional,Wage-employed,159235.14,0
9d5fc45c,3,Female,South South,Urban,None,None,Not in Labor Force,0.0,1
153be404,9,Male,South South,Urban,Primary,Student,Not in Labor Force,0.0,1
81b29d4a,60,Female,South South,Urban,Tertiary,Professional,Wage-employed,284107.58,0
f49280f2,45,Male,North East,Rural,None,Informal,Informal,39536.37,1
d7099e0b,0,Male,South South,Urban,None,None,Not in Labor Force,0.0,1
e81726f5,3,Female,South East,Rural,None,None,Not in Labor Force,0.0,1
7ce09066,1,Male,North East,Rural,None,None,Not in Labor Force,0.0,1
54ac02b1,9,Female,North West,Urban,None,Student,Not in Labor Force,0.0,1
351d4fa6,2,Female,South West,Urban,None,None,Not in Labor Force,0.0,1
565a3f34,53,Female,North West,Rural,None,Informal,Informal,88514.95,1
f451cbf9,6,Male,North East,Rural,Primary,Student,Not in Labor Force,0.0,1
927d86c6,47,Male,North Central,Urban,None,Trade/Services,Informal,66122.83,1
84bf5019,7,Female,South West,Urban,Primary,Student,Not in Labor Force,0.0,1
30fe58b0,87,Female,South South,Rural,Secondary,Retired/None,Not in Labor Force,0.0,1
4c035c62,0,Female,South West,Urban,None,None,Not in Labor Force,0.0,1
f8e6c433,7,Female,South West,Urban,Primary,Student,Not in Labor Force,0.0,1
b0a4c9ea,13,Male,North East,Rural,None,Student,Not in Labor Force,0.0,1
aad0728a,28,Female,South West,Urban,Primary,Informal,Informal,147553.83,0
806802de,48,Female,North Central,Urban,Tertiary,Professional,Wage-employed,246173.99,0
7b04ca6e,7,Female,South South,Urban,Primary,Student,Not in Labor Force,0.0,1
c2e6f0ab,56,Female,North East,Urban,None,Trade/Services,Informal,135870.19,0
ea45c7a1,6,Male,North Central,Rural,None,Student,Not in Labor Force,0.0,1
86674c93,27,Male,North Central,Urban,Secondary,Informal,Self-employed,66554.11,1
98329517,35,Male,South East,Rural,Secondary,Informal,Self-employed,142750.29,0
0d9c020b,14,Male,South South,Rural,Secondary,Student,Not in Labor Force,0.0,1
db9b1294,10,Male,North East,Rural,Primary,Student,Not in Labor Force,0.0,1
fc952dbb,9,Female,North Central,Rural,None,Student,Not in Labor Force,0.0,1
90aaf091,13,Male,South West,Urban,Secondary,Student,Not in Labor Force,0.0,1
130c3064,25,Female,South South,Urban,Secondary,Informal,Self-employed,98722.58,0
ad620c56,1,Male,North Central,Rural,None,None,Not in Labor Force,0.0,1
3d536e54,1,Male,North West,Urban,None,None,Not in Labor Force,0.0,1
535f1e3b,12,Male,North East,Urban,Primary,Student,Not in Labor Force,0.0,1
0668c83a,58,Male,South West,Urban,Tertiary,Manufacturing,Wage-employed,683499.53,0
debcd214,61,Female,North Central,Urban,Secondary,Informal,Self-employed,30805.48,1
b16a8629,0,Male,North West,Rural,None,None,Not in Labor Force,0.0,1
5f58b0de,13,Male,North West,Rural,None,Student,Not in Labor Force,0.0,1
b799f4de,8,Female,South West,Rural,Primary,Student,Not in Labor Force,0.0,1
030d8ca8,62,Male,South South,Rural,None,Agriculture,Informal,37423.21,1
3b54aafb,10,Male,South South,Urban,Primary,Student,Not in Labor Force,0.0,1
92de27d3,22,Male,South West,Urban,Secondary,Informal,Self-employed,268604.42,0
6b88d4fc,31,Male,South East,Rural,Secondary,Informal,Self-employed,87456.25,1
7fd74396,19,Male,North East,Rural,None,Informal,Informal,21574.03,1
9209f341,11,Male,South West,Urban,Primary,Student,Not in Labor Force,0.0,1
7c311e57,52,Female,North West,Rural,Secondary,Informal,Self-employed,64589.51,1
96ff4e0f,32,Female,South West,Rural,Secondary,Informal,Self-employed,124262.4,0
8ae01609,9,Male,South South,Urban,Primary,Student,Not in Labor Force,0.0,1
b7bb5048,14,Male,South South,Urban,None,Student,Not in Labor Force,0.0,1
8e6c6a15,4,Male,North Central,Rural,None,None,Not in Labor Force,0.0,1
2c42263a,5,Female,South East,Rural,None,None,Not in Labor Force,0.0,1
e9500c65,8,Male,South South,Urban,Primary,Student,Not in Labor Force,0.0,1
df7e3751,29,Female,North West,Rural,Primary,Informal,Informal,36807.35,1
9b6fc000,9,Female,South East,Rural,Primary,Student,Not in Labor Force,0.0,1
9b3aed7a,63,Male,North East,Urban,Secondary,Informal,Self-employed,267434.92,0
ba33ba9a,12,Female,South South,Urban,Primary,Student,Not in Labor Force,0.0,1
12930450,90,Male,North West,Urban,Primary,Retired/None,Not in Labor Force,0.0,1
04e69edb,2,Male,North West,Rural,None,None,Not in Labor Force,0.0,1
9ccd7402,26,Male,South West,Urban,Secondary,Informal,Self-employed,255521.15,0
9e923cc5,8,Male,North West,Rural,None,Student,Not in Labor Force,0.0,1
4ad6394b,14,Female,North West,Urban,Secondary,Student,Not in Labor Force,0.0,1
b0ca41d2,28,Female,South West,Urban,Primary,Informal,Informal,120647.54,0
daec83b3,0,Male,South East,Rural,None,None,Not in Labor Force,0.0,1
de9a03dd,31,Female,North East,Rural,None,Agriculture,Informal,111135.36,0
61928c62,47,Male,South East,Urban,Tertiary,Manufacturing,Wage-employed,293869.68,0
b27fe09b,43,Male,South East,Urban,Secondary,Informal,Self-employed,325225.47,0
54fb6a1a,59,Male,South West,Urban,Secondary,Informal,Self-employed,254073.37,0
2c4a90fa,45,Female,South West,Urban,Secondary,Informal,Self-employed,123336.74,0
9fce158b,13,Female,North West,Rural,None,Student,Not in Labor Force,0.0,1
666cbd3d,22,Female,North East,Rural,None,Agriculture,Informal,22564.4,1
cf529899,44,Female,North East,Rural,None,Agriculture,Informal,14471.78,1
052444d5,12,Male,North West,Rural,Tertiary,Student,Not in Labor Force,0.0,1
a89e56e2,1,Male,North East,Urban,None,None,Not in Labor Force,0.0,1
021f0179,59,Male,North East,Rural,Secondary,Informal,Self-employed,178760.51,0
4383997b,32,Female,South West,Urban,Secondary,Manufacturing,Self-employed,50683.79,1
3a6f1c9b,2,Male,South West,Rural,None,None,Not in Labor Force,0.0,1
167bbf72,12,Female,South South,Rural,Secondary,Student,Not in Labor Force,0.0,1
2ac7515a,33,Male,North West,Rural,Primary,Agriculture,Informal,34448.43,1
506d86ca,12,Male,North West,Urban,Secondary,Student,Not in Labor Force,0.0,1
7b8d3846,18,Female,North Central,Urban,Secondary,Trade/Services,Self-employed,177415.37,0
b9c77b46,33,Female,North West,Rural,Secondary,Manufacturing,Self-employed,45258.37,1
136bfccf,1,Male,South East,Rural,None,None,Not in Labor Force,0.0,1
a76b1895,39,Male,North Central,Rural,Secondary,Trade/Services,Self-employed,425321.65,0
68d78314,70,Male,North Central,Urban,Secondary,Manufacturing,Self-employed,153655.63,0
aef4215d,45,Female,North East,Rural,Primary,Informal,Informal,145343.59,0
5eb3e64f,50,Female,North East,Rural,Primary,Informal,Informal,111921.41,0
f6ff4e3c,3,Female,North Central,Rural,None,None,Not in Labor Force,0.0,1
a9755cd1,53,Male,North West,Rural,Primary,Agriculture,Informal,13058.83,1
566df821,14,Female,North West,Urban,None,Student,Not in Labor Force,0.0,1
ade06b5b,6,Female,North Central,Rural,None,Student,Not in Labor Force,0.0,1
79d1d9e4,9,Male,North West,Urban,Primary,Student,Not in Labor Force,0.0,1
f9528266,6,Male,South East,Urban,Primary,Student,Not in Labor Force,0.0,1
912e1aee,30,Male,North East,Rural,None,Agriculture,Informal,93589.46,1
a9674504,10,Male,North West,Urban,Primary,Student,Not in Labor Force,0.0,1
88b3e611,62,Female,North West,Rural,None,Agriculture,Informal,59297.26,1
eb7497e5,19,Female,North East,Rural,None,Agriculture,Informal,57671.52,1
77267c85,61,Female,North West,Rural,Primary,Agriculture,Informal,58968.59,1
ba4ee0b4,6,Male,North West,Urban,Primary,Student,Not in Labor Force,0.0,1
43baf053,50,Female,North East,Rural,None,Agriculture,Informal,112738.76,0
7d39e886,7,Male,North East,Rural,Primary,Student,Not in Labor Force,0.0,1
41447d99,8,Male,South East,Rural,Primary,Student,Not in Labor Force,0.0,1
563cd02f,77,Female,South East,Rural,Secondary,Retired/None,Not in Labor Force,0.0,1
9c8e1dfd,11,Male,North West,Rural,None,Student,Not in Labor Force,0.0,1
0716d4d8,2,Female,North West,Rural,None,None,Not in Labor Force,0.0,1
50ca7e70,21,Female,South West,Rural,None,Agriculture,Informal,160688.28,0
b3a96efc,11,Female,South East,Rural,None,Student,Not in Labor Force,0.0,1
63ba53d1,55,Male,South South,Rural,Tertiary,Professional,Wage-employed,145034.52,0
cf65b7c4,0,Female,North West,Rural,None,None,Not in Labor Force,0.0,1
ac5cb4af,1,Female,North Central,Rural,None,None,Not in Labor Force,0.0,1
dbd427a0,6,Female,South West,Urban,Primary,Student,Not in Labor Force,0.0,1
e8591e89,14,Female,South East,Rural,Tertiary,Student,Not in Labor Force,0.0,1
d374ba50,12,Female,North West,Urban,Primary,Student,Not in Labor Force,0.0,1
34ed3f64,32,Male,South West,Rural,Secondary,Trade/Services,Self-employed,103402.21,0
88953654,53,Female,North East,Rural,Primary,Agriculture,Informal,138850.7,0
df10bd54,15,Female,North West,Urban,None,Informal,Informal,71364.31,1
a323c1d9,14,Female,North Central,Rural,Tertiary,Student,Not in Labor Force,0.0,1
64cabcc3,17,Female,North West,Rural,None,Informal,Informal,67628.76,1
b5a5585c,35,Male,South West,Urban,Secondary,Trade/Services,Self-employed,151807.9,0
ff114951,44,Male,South West,Urban,None,Trade/Services,Informal,287466.69,0
e97c9918,10,Female,South East,Urban,Primary,Student,Not in Labor Force,0.0,1
0c1ddfaf,36,Male,North East,Urban,Secondary,Informal,Self-employed,208775.7,0
81c2d10d,61,Male,North West,Rural,Secondary,Trade/Services,Self-employed,341933.71,0
d579825b,12,Male,North East,Rural,None,Student,Not in Labor Force,0.0,1
15d5dbf7,39,Male,North Central,Urban,Secondary,Informal,Self-employed,379328.84,0
5c480aab,2,Female,South West,Urban,None,None,Not in Labor Force,0.0,1
82d1fee7,44,Female,North East,Rural,Tertiary,Professional,Wage-employed,258790.73,0
ecc6d126,38,Male,North Central,Urban,Secondary,Trade/Services,Self-employed,159606.84,0
ab536e62,59,Male,North Central,Rural,None,Agriculture,Informal,205108.27,0
50566544,50,Male,North West,Rural,None,Agriculture,Informal,30180.84,1
73724c16,6,Male,South West,Urban,Primary,Student,Not in Labor Force,0.0,1
147ca750,22,Male,North Central,Urban,Secondary,Informal,Self-employed,210379.31,0
c19e5736,18,Female,South East,Rural,Primary,Informal,Informal,95101.97,1
dc10633d,1,Male,South West,Urban,None,None,Not in Labor Force,0.0,1
effeb760,53,Female,North West,Rural,Secondary,Unemployed,Self-employed,83630.15,1
97b50d8c,57,Female,North Central,Urban,None,Informal,Informal,64327.58,1
c756f7f3,14,Female,South West,Urban,Primary,Student,Not in Labor Force,0.0,1
d3ae95b2,12,Male,North West,Rural,None,Student,Not in Labor Force,0.0,1
3a8a2a6a,10,Female,South East,Urban,Primary,Student,Not in Labor Force,0.0,1
79b3f23c,50,Male,North West,Urban,Secondary,Informal,Self-employed,115159.6,0
ad0d8546,27,Male,North Central,Urban,Secondary,Trade/Services,Self-employed,203102.92,0
ec4d4b7c,55,Male,South South,Rural,None,Agriculture,Informal,144897.03,0
5f62132e,23,Female,South West,Urban,Primary,Informal,Informal,125920.81,0
3dc24c20,35,Male,North Central,Rural,None,Agriculture,Informal,28151.0,1
ab8bbe55,17,Female,North West,Rural,None,Agriculture,Informal,147784.81,0
9c9fd6ec,8,Female,North West,Urban,None,Student,Not in Labor Force,0.0,1
d831baf9,39,Female,South West,Urban,Primary,Trade/Services,Informal,165339.53,0
b9301bf4,11,Female,North Central,Rural,None,Student,Not in Labor Force,0.0,1
072dd074,43,Male,North East,Rural,Secondary,Informal,Self-employed,85189.98,1
f4163521,25,Male,South South,Urban,Primary,Informal,Informal,54574.06,1
b83f9ca4,3,Male,North East,Rural,None,None,Not in Labor Force,0.0,1
4f3099b2,25,Female,North Central,Rural,None,Informal,Informal,34720.71,1
50bf05f6,0,Female,South West,Urban,None,None,Not in Labor Force,0.0,1
aa1464a8,40,Female,North Central,Rural,Secondary,Trade/Services,Self-employed,188076.17,0
72a09776,4,Male,North Central,Urban,None,None,Not in Labor Force,0.0,1
ebd07244,28,Female,North East,Urban,None,Informal,Informal,26170.06,1
62706bc2,7,Female,South South,Urban,Primary,Student,Not in Labor Force,0.0,1
9a4ddd75,9,Female,North Central,Rural,Primary,Student,Not in Labor Force,0.0,1
9b70769a,14,Female,North Central,Rural,None,Student,Not in Labor Force,0.0,1
a2fe4e3f,14,Male,South West,Urban,Primary,Student,Not in Labor Force,0.0,1
3f3e67a0,3,Male,North West,Rural,None,None,Not in Labor Force,0.0,1
03e57a24,24,Male,South East,Urban,Secondary,Trade/Services,Self-employed,257640.93,0
9941bce9,40,Female,North Central,Urban,Secondary,Trade/Services,Self-employed,101640.99,0
07cbab84,3,Female,South West,Urban,None,None,Not in Labor Force,0.0,1
d96829a1,12,Male,South East,Urban,Secondary,Student,Not in Labor Force,0.0,1
1e6d4d39,58,Male,South South,Rural,Secondary,Trade/Services,Self-employed,117118.71,0
d2d1baf2,23,Male,North East,Urban,Secondary,Trade/Services,Self-employed,17105.79,1
4e9c8d11,29,Female,South East,Rural,None,Agriculture,Informal,20660.88,1
06494c6a,23,Male,North East,Rural,Primary,Agriculture,Informal,39830.09,1
73c4ce18,6,Male,South West,Rural,Primary,Student,Not in Labor Force,0.0,1
b15e30ef,9,Male,North West,Rural,None,Student,Not in Labor Force,0.0,1
5008eb17,7,Male,North West,Urban,Primary,Student,Not in Labor Force,0.0,1
bbf9b181,26,Female,North West,Rural,None,Informal,Informal,34633.07,1
b084427c,92,Female,North East,Urban,Primary,Retired/None,Not in Labor Force,0.0,1
0fb974b9,34,Male,North West,Urban,None,Informal,Informal,127395.86,0
93f4ff49,7,Female,South West,Rural,Primary,Student,Not in Labor Force,0.0,1
c85e621d,13,Male,North East,Urban,None,Student,Not in Labor Force,0.0,1
d5d627c8,5,Female,South West,Urban,None,None,Not in Labor Force,0.0,1
be917357,30,Male,North West,Urban,Secondary,Informal,Self-employed,159838.76,0
a03f5a69,12,Male,North West,Rural,Primary,Student,Not in Labor Force,0.0,1
c6a6fe2c,46,Female,North Central,Rural,Secondary,Trade/Services,Self-employed,315034.7,0
d317a3e7,2,Male,North East,Urban,None,None,Not in Labor Force,0.0,1
2b113c91,49,Male,North West,Rural,Primary,Agriculture,Informal,81470.68,1
af26118b,57,Female,South South,Urban,Secondary,Manufacturing,Self-employed,90215.02,1
b05e5521,46,Female,North East,Rural,Tertiary,Trade/Services,Wage-employed,617854.29,0
8b6803ee,34,Male,South West,Urban,Secondary,Informal,Self-employed,100927.92,0
edfb2ca0,54,Female,North West,Rural,Secondary,Informal,Self-employed,72236.96,1
1fb0c109,34,Female,South South,Urban,Primary,Trade/Services,Informal,80924.65,1
e43778e5,22,Female,North East,Rural,None,Agriculture,Informal,158184.18,0
45fcef66,49,Female,South South,Urban,None,Informal,Informal,151847.26,0
c246f172,74,Female,North East,Urban,Secondary,Retired/None,Not in Labor Force,0.0,1
77ecaaa7,27,Male,North West,Rural,None,Agriculture,Informal,110406.9,0
2e158abd,55,Male,North Central,Rural,None,Agriculture,Informal,194134.71,0
77c269f4,20,Male,North Central,Rural,Primary,Agriculture,Informal,108847.95,0
686764da,14,Male,North West,Rural,Secondary,Student,Not in Labor Force,0.0,1
55f8d6a7,4,Female,North West,Rural,None,None,Not in Labor Force,0.0,1
59a5e809,59,Male,South East,Rural,Tertiary,Manufacturing,Wage-employed,141907.07,0
659309d4,48,Male,North West,Urban,None,Informal,Informal,111635.42,0
b06bff2f,20,Male,North Central,Rural,None,Informal,Informal,158561.04,0
29d1ee93,47,Male,North Central,Rural,Secondary,Trade/Services,Self-employed,39698.35,1
060becfb,29,Female,South West,Rural,Secondary,Informal,Self-employed,97809.59,0
3dba16a9,29,Male,North West,Rural,Secondary,Trade/Services,Self-employed,52015.09,1
ee393de2,13,Female,South West,Urban,Secondary,Student,Not in Labor Force,0.0,1
86a438de,53,Male,North West,Rural,Secondary,Trade/Services,Self-employed,106625.92,0
8aa313ad,19,Female,North East,Urban,None,Informal,Informal,159714.22,0
1600db17,3,Female,North Central,Rural,None,None,Not in Labor Force,0.0,1
e84c5988,40,Female,South South,Urban,Tertiary,Professional,Wage-employed,895951.71,0
52526504,62,Female,North West,Rural,None,Agriculture,Informal,53609.84,1
3248ed56,0,Female,North West,Rural,None,None,Not in Labor Force,0.0,1
053aee5f,10,Female,South West,Rural,None,Student,Not in Labor Force,0.0,1
f13bd2c6,79,Female,North East,Rural,Secondary,Retired/None,Not in Labor Force,0.0,1
aed59ca5,3,Female,South West,Urban,None,None,Not in Labor Force,0.0,1
807b5b8d,2,Female,South South,Rural,None,None,Not in Labor Force,0.0,1
5a3ae863,5,Female,South South,Rural,None,None,Not in Labor Force,0.0,1
f33f3cc2,37,Female,North East,Rural,Secondary,Trade/Services,Self-employed,146800.93,0
37f957c8,27,Male,North Central,Urban,Primary,Informal,Informal,32779.61,1
595c76c6,47,Male,South South,Rural,Tertiary,Professional,Wage-employed,103873.48,0
c117a7fa,12,Female,North West,Rural,Primary,Student,Not in Labor Force,0.0,1
7b637d69,60,Male,North Central,Rural,Primary,Agriculture,Informal,117214.07,0
8eaef728,1,Female,North East,Urban,None,None,Not in Labor Force,0.0,1
55aa3f5a,1,Male,North East,Urban,None,None,Not in Labor Force,0.0,1
344f9c7a,41,Male,South South,Rural,Tertiary,Trade/Services,Wage-employed,48248.47,1
b9ba658d,14,Female,South West,Urban,Secondary,Student,Not in Labor Force,0.0,1
67d540c7,64,Female,North East,Rural,None,Informal,Informal,39640.42,1
33e1c577,23,Female,South East,Urban,Secondary,Informal,Self-employed,200014.3,0
ce9eaf50,9,Male,North Central,Urban,Primary,Student,Not in Labor Force,0.0,1
52211733,17,Male,South South,Urban,None,Informal,Informal,92260.64,1
244e80b4,50,Male,North East,Urban,Secondary,Trade/Services,Self-employed,24300.75,1
f9582f4a,61,Male,North West,Rural,Primary,Informal,Informal,82075.5,1
639c4b51,4,Male,North West,Rural,None,None,Not in Labor Force,0.0,1
953732f9,34,Female,North Central,Rural,Primary,Agriculture,Informal,35711.46,1
86ee427e,3,Male,North East,Rural,None,None,Not in Labor Force,0.0,1
4a21c1f3,19,Female,North West,Urban,Primary,Informal,Informal,86897.91,1
302b7b0e,9,Male,South South,Rural,None,Student,Not in Labor Force,0.0,1
c6ce63e9,30,Male,South South,Rural,None,Agriculture,Informal,41175.57,1
2462cf79,14,Male,South West,Urban,Primary,Student,Not in Labor Force,0.0,1
5501d4f3,8,Female,South South,Rural,Primary,Student,Not in Labor Force,0.0,1
d25b99f1,58,Female,South South,Urban,Tertiary,Trade/Services,Wage-employed,264259.67,0
ad93ca35,39,Male,South West,Urban,Secondary,Informal,Self-employed,45261.94,1
67f78d2e,44,Female,North Central,Urban,None,Informal,Informal,65158.82,1
63fa7fef,28,Female,South South,Urban,Primary,Informal,Informal,169687.41,0
45a71078,5,Female,South West,Urban,None,None,Not in Labor Force,0.0,1
ce84e98f,57,Female,North West,Rural,Secondary,Unemployed,Self-employed,76605.06,1
91414bc9,42,Male,North East,Urban,Primary,Trade/Services,Informal,64452.62,1
7813ca16,13,Female,North Central,Urban,Secondary,Student,Not in Labor Force,0.0,1
ad96f780,33,Female,South South,Urban,Secondary,Trade/Services,Self-employed,87316.5,1
52dae559,52,Female,South West,Urban,Secondary,Unemployed,Self-employed,61594.61,1
3806f8a4,56,Female,South South,Rural,Secondary,Informal,Self-employed,54248.49,1
855e6965,34,Male,South East,Rural,None,Agriculture,Informal,68387.62,1
9a906533,49,Male,North East,Rural,None,Agriculture,Informal,261855.54,0
f2d7bc25,5,Female,South West,Urban,None,None,Not in Labor Force,0.0,1
a30add57,14,Female,North West,Urban,Primary,Student,Not in Labor Force,0.0,1
9ace3054,25,Male,North Central,Rural,None,Agriculture,Informal,107508.31,0
be73b5fc,5,Male,South East,Rural,None,None,Not in Labor Force,0.0,1
57593a4b,1,Female,South West,Urban,None,None,Not in Labor Force,0.0,1
c5265f1a,8,Male,South East,Rural,Primary,Student,Not in Labor Force,0.0,1
c55d6d60,38,Male,North East,Rural,None,Agriculture,Informal,86857.4,1
85be9c5d,5,Male,South West,Urban,None,None,Not in Labor Force,0.0,1
8b6955e4,31,Female,North West,Rural,None,Agriculture,Informal,197777.43,0
c9cfabc3,42,Female,North Central,Rural,Primary,Agriculture,Informal,79281.26,1
b3c8e231,1,Female,North Central,Rural,None,None,Not in Labor Force,0.0,1
b5ae8f93,45,Female,South West,Urban,None,Informal,Informal,154010.61,0
dcbddd87,50,Male,North West,Urban,Secondary,Trade/Services,Self-employed,151502.13,0
e192c7fa,23,Male,North East,Rural,Tertiary,Professional,Wage-employed,388952.84,0
c9ce4f12,24,Female,South West,Urban,Secondary,Trade/Services,Self-employed,57233.59,1
e93c56e8,4,Male,South West,Rural,None,None,Not in Labor Force,0.0,1
8878cb64,48,Male,North Central,Urban,Primary,Trade/Services,Informal,67105.27,1
b8cc15ef,14,Female,North Central,Rural,None,Student,Not in Labor Force,0.0,1
92c2f074,43,Male,South South,Urban,Secondary,Trade/Services,Self-employed,95115.36,1
7d054e94,57,Female,South South,Rural,None,Agriculture,Informal,41399.38,1
058ea6e0,57,Female,North East,Urban,Secondary,Trade/Services,Self-employed,88947.73,1
da2016d6,10,Female,North East,Rural,None,Student,Not in Labor Force,0.0,1
19d40cdd,0,Male,South West,Urban,None,None,Not in Labor Force,0.0,1
75164ae2,9,Male,North West,Rural,Primary,Student,Not in Labor Force,0.0,1
79b46e22,60,Female,North East,Rural,Secondary,Informal,Self-employed,232956.33,0
82d4fb4f,12,Female,North West,Rural,None,Student,Not in Labor Force,0.0,1
b3a829ac,15,Male,North West,Rural,None,Agriculture,Informal,47996.1,1
1f01db69,4,Female,South West,Urban,None,None,Not in Labor Force,0.0,1
b8d1dc96,94,Female,North East,Rural,Primary,Retired/None,Not in Labor Force,0.0,1
a9ffdca5,6,Female,North West,Urban,Primary,Student,Not in Labor Force,0.0,1
1788059d,23,Male,South South,Rural,Primary,Agriculture,Informal,54903.08,1
721e9e64,15,Male,South South,Urban,None,Informal,Informal,314532.95,0
383cfdb4,35,Male,South South,Urban,None,Trade/Services,Informal,128704.56,0
2e38cf1e,36,Male,North East,Rural,Primary,Informal,Informal,60160.81,1
b44e41f2,18,Female,North West,Rural,Secondary,Unemployed,Self-employed,186285.12,0
9a7d6352,15,Male,North West,Rural,Secondary,Informal,Self-employed,66074.16,1
5bfa10af,2,Female,North East,Urban,None,None,Not in Labor Force,0.0,1
1e150360,9,Male,North West,Urban,None,Student,Not in Labor Force,0.0,1
1e833fc6,29,Female,South South,Rural,Secondary,Informal,Self-employed,76512.14,1
bccce187,50,Male,South South,Urban,Tertiary,Trade/Services,Wage-employed,322224.12,0
3fd342ef,43,Male,South East,Rural,Secondary,Informal,Self-employed,114660.75,0
e9a00b47,3,Male,South West,Urban,None,None,Not in Labor Force,0.0,1
68fef2e0,13,Female,South West,Urban,Secondary,Student,Not in Labor Force,0.0,1
a4e119c3,4,Male,South East,Rural,None,None,Not in Labor Force,0.0,1
3510b865,12,Male,South South,Urban,Secondary,Student,Not in Labor Force,0.0,1
8c7c5478,14,Male,South West,Rural,Primary,Student,Not in Labor Force,0.0,1
ea4021fb,14,Female,North West,Rural,Primary,Student,Not in Labor Force,0.0,1
463533ef,10,Female,North West,Urban,Primary,Student,Not in Labor Force,0.0,1
1f6fc508,39,Female,South West,Urban,Primary,Informal,Informal,106940.53,0
a6997689,3,Female,North East,Rural,None,None,Not in Labor Force,0.0,1
b9c01527,39,Male,South South,Rural,Primary,Agriculture,Informal,33876.32,1
860ee826,8,Female,South West,Rural,Primary,Student,Not in Labor Force,0.0,1
32d2666c,15,Male,South West,Urban,Secondary,Trade/Services,Self-employed,170108.74,0
a6adac7a,19,Male,North West,Rural,Primary,Agriculture,Informal,86049.01,1
b70fe0a9,8,Female,North Central,Rural,Primary,Student,Not in Labor Force,0.0,1
649c77ed,34,Female,North Central,Rural,None,Agriculture,Informal,45223.86,1
2a8b981a,4,Male,South West,Rural,None,None,Not in Labor Force,0.0,1
0f91f80b,50,Male,North East,Rural,None,Agriculture,Informal,54213.41,1
d5a547ed,12,Female,South South,Urban,None,Student,Not in Labor Force,0.0,1
db6a7770,80,Female,South West,Urban,Secondary,Retired/None,Not in Labor Force,0.0,1
117039fe,1,Male,South West,Urban,None,None,Not in Labor Force,0.0,1
3b7f3758,9,Male,South South,Urban,Primary,Student,Not in Labor Force,0.0,1
21573d7e,62,Female,South South,Urban,Tertiary,Professional,Wage-employed,202365.23,0
b8c3588f,1,Female,North West,Urban,None,None,Not in Labor Force,0.0,1
d5706c61,16,Female,South East,Urban,Primary,Informal,Informal,32684.34,1
0773dfa1,30,Male,North West,Rural,None,Informal,Informal,30083.35,1
2c3c7154,43,Male,North Central,Urban,Secondary,Trade/Services,Self-employed,205331.74,0
f151d7b7,0,Male,North West,Urban,None,None,Not in Labor Force,0.0,1
443f7bde,30,Female,South West,Urban,Primary,Trade/Services,Informal,110615.05,0
8e47c2c7,49,Male,North Central,Urban,Primary,Informal,Informal,256921.68,0
b55e0ac7,14,Male,South West,Urban,Tertiary,Student,Not in Labor Force,0.0,1
8e8cb1aa,13,Male,South West,Urban,Primary,Student,Not in Labor Force,0.0,1
38e9a845,10,Female,South West,Rural,Primary,Student,Not in Labor Force,0.0,1
82d78f81,74,Male,North East,Urban,None,Retired/None,Not in Labor Force,0.0,1
1e5d72e8,0,Female,South East,Urban,None,None,Not in Labor Force,0.0,1
172ef18d,18,Female,South West,Urban,Secondary,Manufacturing,Self-employed,136348.03,0
28da110f,0,Female,North Central,Rural,None,None,Not in Labor Force,0.0,1
07c0ecfc,3,Male,South South,Urban,None,None,Not in Labor Force,0.0,1
e610d330,39,Female,North East,Urban,Primary,Informal,Informal,83368.51,1
cf809c28,47,Male,North Central,Rural,Primary,Agriculture,Informal,73297.85,1
1dbc504c,28,Male,South West,Urban,Primary,Informal,Informal,42609.15,1
4c3093af,38,Female,North West,Urban,Secondary,Informal,Self-employed,229129.57,0
11f99038,25,Male,North East,Rural,Secondary,Informal,Self-employed,124150.62,0
36478631,8,Female,South East,Rural,Primary,Student,Not in Labor Force,0.0,1
78aa0f9e,11,Male,North West,Urban,None,Student,Not in Labor Force,0.0,1
faa32b6a,21,Male,North Central,Rural,Primary,Agriculture,Informal,33914.02,1
62071d09,63,Female,South West,Urban,Secondary,Informal,Self-employed,166542.17,0
0b679bbe,50,Male,South West,Urban,Primary,Trade/Services,Informal,127398.78,0
8b7bd72a,9,Female,South West,Urban,Primary,Student,Not in Labor Force,0.0,1
c9f488bc,0,Female,South South,Urban,None,None,Not in Labor Force,0.0,1
98228d2f,3,Male,North East,Rural,None,None,Not in Labor Force,0.0,1
362a9661,45,Male,South West,Rural,Secondary,Trade/Services,Self-employed,44405.8,1
d3c39a17,33,Male,South West,Urban,Tertiary,Trade/Services,Wage-employed,754931.77,0
e72893bc,32,Female,North East,Rural,Primary,Agriculture,Informal,45700.05,1
2c7a0056,0,Female,South South,Urban,None,None,Not in Labor Force,0.0,1
b920b425,20,Female,South South,Urban,Tertiary,Professional,Wage-employed,63437.12,1
7d400097,42,Male,North East,Rural,Primary,Informal,Informal,107277.92,0
26374eca,6,Male,South West,Urban,Primary,Student,Not in Labor Force,0.0,1
c6d082ad,52,Male,South West,Rural,Tertiary,Professional,Wage-employed,663736.67,0
f9fe4ab7,8,Male,North Central,Rural,None,Student,Not in Labor Force,0.0,1
0cbb2aa9,11,Female,South South,Urban,Primary,Student,Not in Labor Force,0.0,1
8fbafdc7,55,Female,South West,Urban,Secondary,Informal,Self-employed,67905.51,1
4abd6c9f,64,Male,South West,Urban,Tertiary,Trade/Services,Wage-employed,146883.27,0
ed23dad6,14,Female,North West,Rural,None,Student,Not in Labor Force,0.0,1
cac15770,48,Male,North Central,Urban,Secondary,Trade/Services,Self-employed,295586.0,0
80217d81,8,Female,North Central,Rural,None,Student,Not in Labor Force,0.0,1
4064f733,31,Male,South West,Urban,Secondary,Informal,Self-employed,92003.62,1
3bdf1d9b,47,Female,South West,Urban,Primary,Trade/Services,Informal,181122.61,0
c5f5a92f,37,Male,North West,Rural,Tertiary,Professional,Wage-employed,101196.85,0
125c14d2,23,Female,North East,Urban,Secondary,Trade/Services,Self-employed,309617.73,0
977ecc99,5,Male,North Central,Urban,None,None,Not in Labor Force,0.0,1
1b9d40f7,13,Male,South West,Urban,Tertiary,Student,Not in Labor Force,0.0,1
21cea214,16,Male,South West,Urban,Tertiary,Professional,Wage-employed,762235.91,0
3d256308,5,Male,North Central,Urban,None,None,Not in Labor Force,0.0,1
6d589035,23,Female,North West,Urban,Tertiary,Trade/Services,Wage-employed,553677.77,0
e9b7fccd,2,Female,North East,Urban,None,None,Not in Labor Force,0.0,1
fb8e1b91,8,Female,North East,Rural,None,Student,Not in Labor Force,0.0,1
f45897e6,7,Female,South East,Rural,None,Student,Not in Labor Force,0.0,1
4aafc55e,79,Male,North West,Urban,Primary,Retired/None,Not in Labor Force,0.0,1
b84f7b53,12,Female,North Central,Urban,Primary,Student,Not in Labor Force,0.0,1
d4e6fe17,58,Male,South West,Urban,None,Informal,Informal,24280.9,1
50f634e1,54,Female,South South,Urban,Primary,Trade/Services,Informal,65026.88,1
eb329378,9,Male,South South,Urban,Primary,Student,Not in Labor Force,0.0,1
9f82434e,52,Female,South South,Urban,Secondary,Trade/Services,Self-employed,243898.54,0
1a9cedef,49,Male,South West,Urban,Tertiary,Professional,Wage-employed,145481.0,0
7c3b64e2,37,Male,South West,Urban,Tertiary,Professional,Wage-employed,292608.72,0
3bef443d,18,Male,South East,Rural,Primary,Agriculture,Informal,75952.95,1
b5fa9936,10,Male,South South,Urban,Primary,Student,Not in Labor Force,0.0,1
b82c707f,9,Male,South South,Rural,None,Student,Not in Labor Force,0.0,1
0c4ecad4,28,Male,North Central,Rural,Primary,Informal,Informal,29870.19,1
ab9a488b,4,Female,North Central,Urban,None,None,Not in Labor Force,0.0,1
7bc0db6b,61,Male,North Central,Urban,None,Trade/Services,Informal,176363.3,0
19217e6d,53,Female,South West,Urban,None,Informal,Informal,156617.91,0
33c3dd14,6,Male,South East,Urban,Primary,Student,Not in Labor Force,0.0,1
5458c2d1,22,Male,South South,Urban,Tertiary,Professional,Wage-employed,462922.34,0
a5ee49a4,9,Female,North Central,Rural,None,Student,Not in Labor Force,0.0,1
f2dea808,2,Male,North East,Rural,None,None,Not in Labor Force,0.0,1
16e8ff12,2,Male,South South,Urban,None,None,Not in Labor Force,0.0,1
b75a5e22,16,Female,North West,Rural,Primary,Agriculture,Informal,77684.84,1
8f4e0494,14,Male,North West,Urban,Tertiary,Student,Not in Labor Force,0.0,1
1f9bb3e7,15,Female,South West,Urban,Primary,Trade/Services,Informal,58437.65,1
6054ac43,56,Male,North West,Rural,None,Informal,Informal,85291.05,1
27fc478b,52,Male,North East,Urban,Primary,Trade/Services,Informal,56464.55,1
c66bb8e4,27,Female,North East,Rural,Primary,Agriculture,Informal,53206.26,1
7e11e6cd,56,Female,North West,Rural,None,Agriculture,Informal,44558.34,1
b7f864d6,11,Male,South West,Rural,None,Student,Not in Labor Force,0.0,1
cf0b4e6e,38,Female,North East,Urban,Secondary,Informal,Self-employed,315311.19,0
297e73b3,46,Female,North Central,Rural,None,Agriculture,Informal,123529.49,0
2034ac24,94,Female,North West,Rural,None,Retired/None,Not in Labor Force,0.0,1
295ccb83,20,Male,South East,Rural,Tertiary,Professional,Wage-employed,162418.69,0
4c09ca9b,52,Female,North East,Rural,Primary,Agriculture,Informal,133595.89,0
ec9602a0,47,Male,North East,Urban,Primary,Trade/Services,Informal,50070.6,1
76523e03,58,Male,North East,Rural,None,Informal,Informal,181992.73,0
a3d787e7,37,Male,North Central,Urban,Primary,Informal,Informal,207434.39,0
b146b908,24,Female,North Central,Urban,Secondary,Informal,Self-employed,496661.21,0
c2fd0dc9,8,Female,North Central,Urban,Primary,Student,Not in Labor Force,0.0,1
15a6aeab,78,Female,South South,Urban,Secondary,Retired/None,Not in Labor Force,0.0,1
329f6861,14,Female,South South,Rural,Secondary,Student,Not in Labor Force,0.0,1
8d7b19a6,37,Male,South West,Urban,None,Informal,Informal,96352.35,1
5e3faf15,50,Male,North West,Rural,None,Agriculture,Informal,50600.0,1
d7a18d36,15,Female,South West,Rural,Secondary,Informal,Self-employed,82317.75,1
b317cf97,7,Female,North West,Rural,None,Student,Not in Labor Force,0.0,1
e25fb94c,17,Male,South West,Urban,Tertiary,Trade/Services,Wage-employed,501374.74,0
520550f2,28,Male,North East,Rural,Primary,Agriculture,Informal,32584.42,1
bca3adbb,0,Male,South East,Urban,None,None,Not in Labor Force,0.0,1
7abd8ae5,48,Male,South South,Rural,Secondary,Informal,Self-employed,23253.71,1
80f1ae73,61,Male,North Central,Urban,Secondary,Trade/Services,Self-employed,104841.13,0
378f902b,20,Male,North Central,Rural,Primary,Agriculture,Informal,61362.66,1
8aba7643,4,Female,South West,Rural,None,None,Not in Labor Force,0.0,1
4f8ea051,60,Female,North West,Rural,Primary,Agriculture,Informal,83559.64,1
35edec68,55,Female,South South,Rural,Tertiary,Trade/Services,Wage-employed,376372.51,0
20c5a74a,7,Male,North Central,Urban,Primary,Student,Not in Labor Force,0.0,1
f346e690,12,Male,North West,Urban,Primary,Student,Not in Labor Force,0.0,1
6da7ff54,67,Female,South East,Urban,Tertiary,Professional,Wage-employed,435607.29,0
03cbfe6d,32,Female,North West,Urban,Secondary,Unemployed,Self-employed,268789.15,0
272e90fb,54,Female,North West,Urban,Secondary,Trade/Services,Self-employed,78938.68,1
26af9a6b,13,Female,South West,Urban,Secondary,Student,Not in Labor Force,0.0,1
1915b671,14,Female,South West,Rural,Secondary,Student,Not in Labor Force,0.0,1
9f82318a,4,Male,South West,Rural,None,None,Not in Labor Force,0.0,1
747a0efa,14,Male,South West,Urban,None,Student,Not in Labor Force,0.0,1
876dfcc7,30,Female,North West,Urban,Secondary,Informal,Self-employed,89035.04,1
b4c425a6,47,Male,North Central,Urban,Secondary,Informal,Self-employed,472363.8,0
56f567a9,24,Male,North East,Rural,None,Informal,Informal,8863.87,1
ca14d4eb,2,Male,South South,Rural,None,None,Not in Labor Force,0.0,1
a8dd331d,51,Male,North West,Urban,Primary,Trade/Services,Informal,158168.96,0
b53c0538,1,Female,North East,Rural,None,None,Not in Labor Force,0.0,1
980b127d,2,Male,South South,Urban,None,None,Not in Labor Force,0.0,1
62b4ca8e,50,Male,South South,Rural,Secondary,Trade/Services,Self-employed,138419.74,0
f21e8580,18,Female,South East,Rural,Primary,Informal,Informal,59824.46,1
d5da70d9,25,Female,North West,Rural,Secondary,Unemployed,Self-employed,169008.18,0
cc7aa8ba,8,Female,South West,Urban,Primary,Student,Not in Labor Force,0.0,1
1e84ea65,47,Female,North Central,Rural,Secondary,Trade/Services,Self-employed,151917.91,0
4ba2aad9,42,Female,South East,Urban,Secondary,Informal,Self-employed,55515.66,1
065ea564,46,Female,North West,Rural,Secondary,Trade/Services,Self-employed,55030.75,1
e0fcf1f8,8,Male,North West,Urban,None,Student,Not in Labor Force,0.0,1
6941f81f,95,Male,North Central,Rural,None,Retired/None,Not in Labor Force,0.0,1
082a8ed2,30,Female,North West,Rural,None,Informal,Informal,44872.97,1
147a07f0,23,Female,South West,Urban,Primary,Informal,Informal,22634.84,1
f392f279,10,Female,South East,Rural,Primary,Student,Not in Labor Force,0.0,1
48019247,5,Female,South West,Urban,None,None,Not in Labor Force,0.0,1
80f93e8f,10,Female,North Central,Urban,Primary,Student,Not in Labor Force,0.0,1
38d28943,0,Male,South South,Rural,None,None,Not in Labor Force,0.0,1
22cf238f,41,Male,North West,Rural,None,Informal,Informal,59564.53,1
0feae0a0,12,Male,North East,Rural,Tertiary,Student,Not in Labor Force,0.0,1
05ad763a,11,Male,North Central,Rural,None,Student,Not in Labor Force,0.0,1
c844f334,5,Male,North West,Rural,None,None,Not in Labor Force,0.0,1
4755ac37,7,Male,North West,Rural,None,Student,Not in Labor Force,0.0,1
1f362cd3,4,Female,North East,Rural,None,None,Not in Labor Force,0.0,1
c56f5af5,35,Female,South South,Urban,Tertiary,Professional,Wage-employed,586840.17,0
cc223942,47,Female,South South,Urban,Secondary,Trade/Services,Self-employed,268186.89,0
fc2ea966,0,Male,North Central,Urban,None,None,Not in Labor Force,0.0,1
2a522c3d,7,Male,North West,Rural,None,Student,Not in Labor Force,0.0,1
e435e2ea,12,Female,North West,Urban,Primary,Student,Not in Labor Force,0.0,1
956d4ff2,4,Male,North East,Urban,None,None,Not in Labor Force,0.0,1
e1cd9a83,54,Female,North West,Urban,Secondary,Informal,Self-employed,139634.25,0
5eab5a59,24,Male,North West,Urban,Primary,Informal,Informal,51547.44,1
54f75b74,32,Female,South West,Urban,Secondary,Unemployed,Self-employed,152421.18,0
a9e8593a,61,Male,South West,Rural,Primary,Agriculture,Informal,57111.63,1
e5360ab8,3,Male,North East,Urban,None,None,Not in Labor Force,0.0,1
d703fa41,27,Male,South East,Urban,Tertiary,Professional,Wage-employed,641169.28,0
47786ef4,41,Female,South East,Urban,None,Trade/Services,Informal,78650.65,1
fb99f2bc,24,Male,North Central,Urban,Primary,Informal,Informal,137815.79,0
755b153d,8,Female,North West,Rural,Primary,Student,Not in Labor Force,0.0,1
e1297b3d,59,Male,South South,Rural,Primary,Agriculture,Informal,51182.21,1
10b94341,17,Male,South West,Rural,Primary,Agriculture,Informal,129850.09,0
e176d6a8,36,Female,North West,Rural,Primary,Agriculture,Informal,66604.45,1
2b6c914e,10,Female,South West,Urban,Primary,Student,Not in Labor Force,0.0,1
5c0dd5ec,17,Female,North Central,Urban,Secondary,Trade/Services,Self-employed,93084.92,1
4a25167a,47,Male,South West,Urban,Tertiary,Manufacturing,Wage-employed,327786.87,0
449e08c1,16,Male,North Central,Rural,Primary,Informal,Informal,92616.78,1
44a1a80e,25,Female,North Central,Rural,None,Agriculture,Informal,27933.03,1
0ff86031,60,Male,South West,Urban,Primary,Informal,Informal,74777.58,1
54ce3f86,24,Female,South West,Urban,Tertiary,Manufacturing,Wage-employed,760342.13,0
445221b1,53,Male,North West,Urban,Primary,Trade/Services,Informal,110208.69,0
966003f1,47,Female,North West,Rural,None,Informal,Informal,30016.81,1
6c69b662,21,Male,North East,Urban,Tertiary,Professional,Wage-employed,482503.91,0
fee0a76c,14,Male,North Central,Rural,None,Student,Not in Labor Force,0.0,1
c0e60365,40,Female,North East,Rural,Primary,Informal,Informal,26763.58,1
c50306f6,25,Female,South West,Rural,Secondary,Informal,Self-employed,110406.58,0
343631d9,52,Female,North West,Urban,Secondary,Manufacturing,Self-employed,304951.68,0
af4fd843,41,Female,South West,Urban,Secondary,Informal,Self-employed,139251.94,0
f8cf7e86,53,Female,South East,Rural,Secondary,Trade/Services,Self-employed,50053.76,1
58489cd2,21,Female,North West,Rural,None,Agriculture,Informal,53391.47,1
97ca8249,0,Female,South West,Urban,None,None,Not in Labor Force,0.0,1
cf0abda4,9,Female,South South,Urban,Primary,Student,Not in Labor Force,0.0,1
4bf3029a,4,Male,North West,Rural,None,None,Not in Labor Force,0.0,1
1b382c04,14,Female,South South,Rural,Primary,Student,Not in Labor Force,0.0,1
d489b9fb,44,Female,South West,Rural,Secondary,Manufacturing,Self-employed,110932.85,0
b20fffda,44,Female,South West,Urban,Secondary,Informal,Self-employed,256597.31,0
863daf00,22,Female,North West,Urban,Secondary,Trade/Services,Self-employed,255218.93,0
a0a5b93a,7,Male,South West,Urban,Primary,Student,Not in Labor Force,0.0,1
682871d9,2,Male,North Central,Rural,None,None,Not in Labor Force,0.0,1
60f5b090,17,Male,South West,Urban,Secondary,Trade/Services,Self-employed,69317.87,1
7351a625,29,Male,South East,Urban,Tertiary,Professional,Wage-employed,329571.0,0
9e306adb,3,Male,North Central,Urban,None,None,Not in Labor Force,0.0,1
277e74ee,20,Female,North East,Rural,Secondary,Informal,Self-employed,125016.52,0
275e7e11,56,Female,North West,Rural,Primary,Informal,Informal,41653.41,1
b702aab3,1,Female,North West,Rural,None,None,Not in Labor Force,0.0,1
d6361b74,62,Male,South South,Urban,Primary,Trade/Services,Informal,108992.02,0
47a8e0d6,1,Female,North West,Rural,None,None,Not in Labor Force,0.0,1
20251b5e,52,Female,North East,Urban,Secondary,Trade/Services,Self-employed,59348.45,1
894a349f,33,Male,North East,Rural,Secondary,Informal,Self-employed,115478.83,0
0946f731,0,Female,South South,Urban,None,None,Not in Labor Force,0.0,1
9cdcce02,64,Female,North Central,Rural,None,Agriculture,Informal,110900.93,0
e4b879d4,44,Male,South South,Urban,Secondary,Informal,Self-employed,137636.34,0
3085fb64,27,Female,South West,Urban,Primary,Trade/Services,Informal,89809.3,1
685dd323,6,Female,South South,Urban,Primary,Student,Not in Labor Force,0.0,1
a92919e4,3,Male,North West,Urban,None,None,Not in Labor Force,0.0,1
c5b79906,11,Female,North East,Rural,None,Student,Not in Labor Force,0.0,1
c3f8ec09,48,Male,North West,Urban,Secondary,Informal,Self-employed,221147.49,0
ea34b17d,26,Male,North Central,Urban,Secondary,Trade/Services,Self-employed,102082.6,0
1427af67,11,Female,South West,Rural,Primary,Student,Not in Labor Force,0.0,1
a4834c76,38,Male,North West,Rural,Primary,Agriculture,Informal,86961.51,1
d67b9dd2,18,Female,North West,Rural,None,Informal,Informal,58786.27,1
d0ae9d88,50,Male,South West,Urban,Primary,Informal,Informal,46870.58,1
4a4aadc4,64,Male,North West,Rural,Primary,Agriculture,Informal,102887.09,0
fa940e99,62,Male,North Central,Rural,None,Agriculture,Informal,138767.48,0
3a39b42e,28,Male,North West,Rural,Primary,Agriculture,Informal,119983.94,0
29aeaa08,31,Male,South West,Urban,Primary,Informal,Informal,138878.31,0
0f3fd482,0,Female,North Central,Urban,None,None,Not in Labor Force,0.0,1
079c64f7,2,Female,South West,Urban,None,None,Not in Labor Force,0.0,1
bb2f5fc9,5,Female,North East,Rural,None,None,Not in Labor Force,0.0,1
a613e3a5,37,Female,North East,Rural,None,Agriculture,Informal,81339.6,1
7d3b465a,12,Female,South East,Urban,Secondary,Student,Not in Labor Force,0.0,1
44b77bd9,8,Female,South West,Urban,Primary,Student,Not in Labor Force,0.0,1
a1d3f0c4,35,Male,South West,Urban,Primary,Trade/Services,Informal,100485.43,0
7aeb818b,8,Male,South West,Urban,None,Student,Not in Labor Force,0.0,1
2043a7d0,7,Male,North West,Rural,None,Student,Not in Labor Force,0.0,1
057fcd06,0,Male,South South,Urban,None,None,Not in Labor Force,0.0,1
f4771535,30,Female,South East,Urban,Primary,Informal,Informal,76397.71,1
130efa15,10,Female,South West,Urban,Primary,Student,Not in Labor Force,0.0,1
5f776637,42,Female,South South,Rural,None,Agriculture,Informal,40232.36,1
10ea2c87,30,Male,North West,Rural,Primary,Agriculture,Informal,17334.66,1
3f5945e4,60,Male,South West,Urban,Tertiary,Trade/Services,Wage-employed,156308.26,0
06d89c9f,60,Male,South South,Urban,None,Informal,Informal,81531.65,1
e0df591b,28,Female,North East,Rural,Primary,Agriculture,Informal,27838.19,1
040ce175,13,Male,North West,Rural,None,Student,Not in Labor Force,0.0,1
4ae487da,11,Female,South West,Urban,Primary,Student,Not in Labor Force,0.0,1
1dfbde0f,5,Male,North West,Urban,None,None,Not in Labor Force,0.0,1
1b053062,3,Female,South South,Rural,None,None,Not in Labor Force,0.0,1
b2ffaad6,12,Female,North West,Rural,None,Student,Not in Labor Force,0.0,1
4dd2593b,14,Female,South West,Rural,Primary,Student,Not in Labor Force,0.0,1
8a177908,55,Male,North East,Urban,Tertiary,Professional,Wage-employed,513217.75,0
5e6048ba,48,Male,North West,Urban,Primary,Informal,Informal,230598.44,0
3f0594bf,5,Male,South South,Rural,None,None,Not in Labor Force,0.0,1
da64a6bb,43,Female,South West,Urban,Tertiary,Professional,Wage-employed,57804.18,1
6a66225a,2,Male,North East,Rural,None,None,Not in Labor Force,0.0,1
b8cd7f41,9,Male,North East,Rural,Primary,Student,Not in Labor Force,0.0,1
f8870318,34,Female,South West,Urban,None,Informal,Informal,45093.92,1
ae23eee8,1,Female,South East,Urban,None,None,Not in Labor Force,0.0,1
702df5d3,10,Female,South West,Rural,Primary,Student,Not in Labor Force,0.0,1
eedc9388,7,Female,South West,Urban,Primary,Student,Not in Labor Force,0.0,1
774f7888,24,Female,North West,Rural,Primary,Informal,Informal,222243.11,0
b815fee4,54,Female,South South,Rural,Secondary,Informal,Self-employed,162841.88,0
23c742c4,0,Female,South West,Urban,None,None,Not in Labor Force,0.0,1
cc525a08,47,Male,North Central,Urban,Secondary,Trade/Services,Self-employed,124617.03,0
8e4e34fb,20,Female,North Central,Urban,Tertiary,Professional,Wage-employed,290938.21,0
ca0097fa,53,Female,South West,Urban,Secondary,Manufacturing,Self-employed,189375.79,0
cac37cc1,61,Male,South East,Urban,Secondary,Informal,Self-employed,239790.99,0
de1fb78b,1,Female,South West,Rural,None,None,Not in Labor Force,0.0,1
4b5e766a,8,Male,South South,Urban,Primary,Student,Not in Labor Force,0.0,1
a655d6a6,22,Male,North Central,Urban,None,Informal,Informal,37735.91,1
30c83717,39,Female,South West,Urban,Secondary,Informal,Self-employed,326138.3,0
695a8580,45,Female,South South,Rural,Secondary,Unemployed,Self-employed,125376.63,0
3fb7f50f,56,Female,North West,Rural,Primary,Informal,Informal,105122.91,0
796dd929,18,Male,North Central,Urban,Tertiary,Professional,Wage-employed,739994.92,0
4537bc4b,34,Female,South West,Rural,Primary,Agriculture,Informal,72212.07,1
6a481017,42,Male,South South,Urban,Secondary,Manufacturing,Self-employed,174077.96,0
1fd1a54d,54,Male,North West,Rural,Secondary,Informal,Self-employed,134678.98,0
c895c93a,15,Male,North West,Rural,None,Agriculture,Informal,48326.7,1
cf9d22bd,7,Male,North West,Urban,Primary,Student,Not in Labor Force,0.0,1
a3117cfe,6,Male,North East,Rural,Primary,Student,Not in Labor Force,0.0,1
5affea6c,58,Female,North East,Rural,Primary,Agriculture,Informal,88351.52,1
f3bb5acc,37,Female,South West,Rural,Secondary,Informal,Self-employed,84479.52,1
6ed94696,61,Female,South South,Urban,Tertiary,Trade/Services,Wage-employed,400470.23,0
ae820b52,27,Female,South West,Rural,Secondary,Unemployed,Self-employed,252293.0,0
b426f721,9,Male,North West,Rural,None,Student,Not in Labor Force,0.0,1
3c7f0ecb,6,Female,South South,Rural,Primary,Student,Not in Labor Force,0.0,1
c5567cc8,45,Female,South West,Urban,Tertiary,Professional,Wage-employed,391749.27,0
89d7801d,1,Male,North West,Rural,None,None,Not in Labor Force,0.0,1
81d7011c,0,Female,North East,Rural,None,None,Not in Labor Force,0.0,1
a9658337,0,Male,South East,Urban,None,None,Not in Labor Force,0.0,1
696b2cb9,6,Male,South West,Rural,Primary,Student,Not in Labor Force,0.0,1
383a16f4,51,Female,South West,Urban,Primary,Informal,Informal,103580.55,0
cf1d96ed,3,Female,North West,Urban,None,None,Not in Labor Force,0.0,1
6130f533,24,Female,South East,Rural,Secondary,Trade/Services,Self-employed,88888.24,1
e69e7de9,9,Male,North East,Urban,Primary,Student,Not in Labor Force,0.0,1
a0705a73,52,Female,South East,Rural,Tertiary,Trade/Services,Wage-employed,238113.82,0
d2a16409,11,Female,South West,Urban,Primary,Student,Not in Labor Force,0.0,1
b1c064f4,45,Female,North East,Rural,None,Agriculture,Informal,190465.67,0
5d4a269b,24,Male,North West,Urban,Primary,Informal,Informal,33568.69,1
dd266681,5,Male,North West,Rural,None,None,Not in Labor Force,0.0,1
21aac058,63,Female,North West,Rural,None,Informal,Informal,61775.51,1
ae296a78,48,Male,North West,Rural,Primary,Agriculture,Informal,29112.09,1
c84cfaa2,2,Male,South West,Urban,None,None,Not in Labor Force,0.0,1
0bccd401,3,Male,South West,Urban,None,None,Not in Labor Force,0.0,1
c549673d,20,Female,South West,Rural,None,Informal,Informal,127088.1,0
c304b686,42,Female,South West,Urban,Primary,Informal,Informal,77889.94,1
41e05675,11,Male,South East,Urban,Primary,Student,Not in Labor Force,0.0,1
639c24a7,10,Male,South South,Rural,Primary,Student,Not in Labor Force,0.0,1
225bc2ed,27,Female,North West,Rural,None,Agriculture,Informal,45193.67,1
116c73f8,55,Male,South West,Urban,Primary,Informal,Informal,26876.11,1
ed396c72,26,Female,North West,Rural,Secondary,Informal,Self-employed,254172.21,0
b71c7d7a,64,Male,North West,Rural,Secondary,Informal,Self-employed,44503.22,1
4362c1e2,54,Male,South West,Rural,Primary,Informal,Informal,80182.06,1
03353625,8,Male,North Central,Urban,Primary,Student,Not in Labor Force,0.0,1
d0b7a13c,1,Female,South East,Urban,None,None,Not in Labor Force,0.0,1
2fd69e5d,16,Female,North Central,Rural,None,Agriculture,Informal,104722.28,0
cb8ffd71,72,Male,North West,Urban,Secondary,Retired/None,Not in Labor Force,0.0,1
a04545b0,9,Male,South South,Urban,Primary,Student,Not in Labor Force,0.0,1
2c0d232b,23,Male,North West,Rural,Primary,Informal,Informal,220651.18,0
e537456c,64,Female,North West,Rural,Secondary,Trade/Services,Self-employed,70915.51,1
8c6e3bbd,22,Male,North East,Rural,Primary,Agriculture,Informal,35836.06,1
286489d0,17,Male,South South,Rural,Secondary,Informal,Self-employed,76392.12,1
c6945805,23,Female,North Central,Urban,Primary,Informal,Informal,56783.18,1
e9de1a0e,12,Female,North Central,Rural,None,Student,Not in Labor Force,0.0,1
8c968291,73,Male,South East,Urban,Secondary,Retired/None,Not in Labor Force,0.0,1
3fc108aa,45,Male,South West,Urban,Primary,Trade/Services,Informal,26103.62,1
03bfc2c2,39,Female,South East,Urban,None,Informal,Informal,215619.6,0
376c62d2,58,Female,North Central,Rural,None,Agriculture,Informal,46591.33,1
87dfb4d2,59,Male,South South,Urban,Primary,Trade/Services,Informal,73437.89,1
7859e82e,7,Female,South East,Rural,Primary,Student,Not in Labor Force,0.0,1
425770b8,14,Female,North Central,Rural,Secondary,Student,Not in Labor Force,0.0,1
99d9dc83,45,Female,North East,Urban,Tertiary,Professional,Wage-employed,583310.16,0
6a1ef643,12,Male,South South,Rural,Secondary,Student,Not in Labor Force,0.0,1
fae52632,14,Female,South West,Urban,Primary,Student,Not in Labor Force,0.0,1
b9067156,59,Female,South West,Urban,Primary,Informal,Informal,185657.25,0
1a1cecae,59,Male,South East,Urban,Primary,Informal,Informal,40282.0,1
f8f970b2,14,Female,South West,Rural,None,Student,Not in Labor Force,0.0,1
eca54346,45,Male,North West,Rural,Primary,Informal,Informal,74203.86,1
65cda9a5,31,Male,North East,Rural,Secondary,Informal,Self-employed,47597.2,1
e012a985,61,Male,South West,Urban,Secondary,Manufacturing,Self-employed,162785.56,0
a25269ac,33,Female,North West,Urban,Secondary,Unemployed,Self-employed,158788.51,0
e8c48dcb,2,Male,North Central,Rural,None,None,Not in Labor Force,0.0,1
8748293b,13,Female,South East,Urban,Secondary,Student,Not in Labor Force,0.0,1
0f66ef55,13,Female,North West,Rural,Secondary,Student,Not in Labor Force,0.0,1
6872f66c,24,Male,North West,Urban,Secondary,Informal,Self-employed,100327.27,0
c44a4d1c,63,Male,South East,Rural,Secondary,Trade/Services,Self-employed,113558.49,0
45800c78,43,Female,South West,Urban,Secondary,Manufacturing,Self-employed,154983.26,0
7dbf5f20,54,Female,North West,Urban,None,Trade/Services,Informal,76956.28,1
bf049c2c,32,Male,South East,Rural,Secondary,Unemployed,Self-employed,87311.77,1
815b1401,26,Male,South West,Rural,None,Informal,Informal,26406.78,1
d3e1c22a,0,Male,North East,Rural,None,None,Not in Labor Force,0.0,1
5d818b99,6,Male,North East,Rural,Primary,Student,Not in Labor Force,0.0,1
5c2ea745,25,Male,North West,Urban,Secondary,Trade/Services,Self-employed,69256.4,1
f0288950,8,Female,South East,Urban,None,Student,Not in Labor Force,0.0,1
06e722fa,5,Male,North Central,Urban,None,None,Not in Labor Force,0.0,1
63e889d2,38,Male,South West,Urban,Secondary,Trade/Services,Self-employed,92176.92,1
421196a0,8,Female,South South,Rural,Primary,Student,Not in Labor Force,0.0,1
adbe4eee,39,Female,North West,Rural,None,Agriculture,Informal,32688.98,1
ea778877,14,Male,North West,Rural,Tertiary,Student,Not in Labor Force,0.0,1
bb1b5ad0,8,Female,North West,Urban,Primary,Student,Not in Labor Force,0.0,1
f1eb2dba,11,Male,North West,Rural,Primary,Student,Not in Labor Force,0.0,1
890d959f,25,Female,South West,Urban,Secondary,Manufacturing,Self-employed,94469.01,1
7db07741,0,Female,South West,Urban,None,None,Not in Labor Force,0.0,1
c0025f67,52,Female,North West,Rural,Tertiary,Professional,Wage-employed,283312.55,0
c4f5f58e,42,Male,North West,Urban,Tertiary,Professional,Wage-employed,422079.93,0
d26c308c,22,Female,North West,Urban,Secondary,Informal,Self-employed,186653.01,0
34174e64,9,Female,South South,Urban,Primary,Student,Not in Labor Force,0.0,1
e6c93ec6,39,Male,South West,Urban,Secondary,Unemployed,Self-employed,146404.71,0
ec8f8560,61,Male,South West,Urban,Secondary,Trade/Services,Self-employed,143115.14,0
db284cac,50,Female,North East,Rural,None,Agriculture,Informal,82606.51,1
2656b69e,93,Female,North Central,Rural,Primary,Retired/None,Not in Labor Force,0.0,1
ce206a54,1,Male,North West,Rural,None,None,Not in Labor Force,0.0,1
13a7cb28,57,Female,South South,Rural,Primary,Informal,Informal,34539.79,1
eeb769fd,8,Male,South East,Rural,Primary,Student,Not in Labor Force,0.0,1
f9917e1f,8,Male,South West,Rural,Primary,Student,Not in Labor Force,0.0,1
aeb6724f,11,Female,South West,Urban,Primary,Student,Not in Labor Force,0.0,1
f24489d0,22,Male,North Central,Rural,None,Agriculture,Informal,36317.44,1
35135c15,17,Male,North East,Rural,Primary,Agriculture,Informal,47861.82,1
50c2a621,4,Male,North West,Rural,None,None,Not in Labor Force,0.0,1
0c99afe8,32,Female,North Central,Urban,Primary,Trade/Services,Informal,53192.76,1
ddee1398,13,Male,North West,Rural,Secondary,Student,Not in Labor Force,0.0,1
9670fa62,49,Female,North West,Rural,None,Agriculture,Informal,20913.67,1
b4fc7be9,0,Male,South West,Urban,None,None,Not in Labor Force,0.0,1
57b77ac5,3,Female,South South,Urban,None,None,Not in Labor Force,0.0,1
998ac45c,4,Male,South South,Urban,None,None,Not in Labor Force,0.0,1
70ad25c2,11,Female,North West,Rural,None,Student,Not in Labor Force,0.0,1
e410cc78,64,Female,North West,Rural,None,Agriculture,Informal,84591.75,1
6efae031,14,Male,South West,Urban,Secondary,Student,Not in Labor Force,0.0,1
2e0eeb53,29,Male,South East,Urban,Secondary,Unemployed,Self-employed,73204.27,1
2d7524ec,2,Male,South South,Rural,None,None,Not in Labor Force,0.0,1
1ec7cd56,36,Male,South South,Rural,Primary,Agriculture,Informal,177542.23,0
34f85273,20,Male,South West,Urban,Primary,Trade/Services,Informal,89252.13,1
14614636,14,Female,North West,Rural,None,Student,Not in Labor Force,0.0,1
1bbcbe04,21,Female,North West,Urban,None,Trade/Services,Informal,32825.62,1
f7a7cd69,11,Male,North West,Urban,Primary,Student,Not in Labor Force,0.0,1
894d8fbc,62,Male,South West,Rural,None,Agriculture,Informal,89336.02,1
b4bdadc2,8,Male,North West,Rural,Primary,Student,Not in Labor Force,0.0,1
232896a7,34,Male,South West,Urban,Tertiary,Professional,Wage-employed,408385.42,0
c081300a,51,Female,South West,Urban,None,Informal,Informal,96238.88,1
60ca0b37,25,Female,North West,Urban,Secondary,Trade/Services,Self-employed,98860.02,0
629f0009,16,Male,South South,Rural,Secondary,Unemployed,Self-employed,56458.01,1
13963610,36,Male,North Central,Rural,Secondary,Informal,Self-employed,41078.4,1
d1b38a33,3,Female,South South,Urban,None,None,Not in Labor Force,0.0,1
ca031182,19,Male,South South,Urban,Tertiary,Trade/Services,Wage-employed,185497.99,0
fc0bebb0,21,Male,North West,Urban,Tertiary,Professional,Wage-employed,176158.62,0
4509a16b,5,Female,North East,Rural,None,None,Not in Labor Force,0.0,1
76faaeef,36,Female,North West,Urban,Secondary,Trade/Services,Self-employed,107533.68,0
adbe2175,24,Male,South East,Urban,None,Informal,Informal,78357.39,1
ef5afc61,60,Female,North Central,Rural,None,Agriculture,Informal,23664.99,1
17d5f4c2,54,Male,South South,Urban,Tertiary,Professional,Wage-employed,688043.08,0
0f72e4cb,12,Female,North West,Urban,None,Student,Not in Labor Force,0.0,1
a623e116,60,Male,South West,Urban,Secondary,Unemployed,Self-employed,145072.2,0
62bd9795,13,Female,South South,Rural,None,Student,Not in Labor Force,0.0,1
0dc8ad48,3,Female,South West,Rural,None,None,Not in Labor Force,0.0,1
ad6dd503,11,Male,North West,Rural,Primary,Student,Not in Labor Force,0.0,1
e862edaa,37,Female,South West,Urban,Tertiary,Trade/Services,Wage-employed,1717310.88,0
e6d3c443,2,Female,North West,Rural,None,None,Not in Labor Force,0.0,1
b36e8bc3,0,Male,North West,Urban,None,None,Not in Labor Force,0.0,1
771ac8d7,43,Female,North East,Urban,Secondary,Trade/Services,Self-employed,104499.83,0
028de8c4,8,Female,North East,Rural,None,Student,Not in Labor Force,0.0,1
957bd888,8,Female,South East,Rural,None,Student,Not in Labor Force,0.0,1
a7331b05,5,Male,North East,Rural,None,None,Not in Labor Force,0.0,1
5f1655b8,14,Male,South West,Rural,Secondary,Student,Not in Labor Force,0.0,1
c03af4b9,16,Male,North West,Rural,None,Informal,Informal,228612.3,0
63f97859,7,Male,North West,Rural,None,Student,Not in Labor Force,0.0,1
1e70ba26,90,Female,North West,Rural,Primary,Retired/None,Not in Labor Force,0.0,1
e8e5312e,20,Male,North West,Rural,None,Agriculture,Informal,93675.42,1
2e7c91a2,6,Male,North East,Rural,None,Student,Not in Labor Force,0.0,1
c897b91c,12,Male,South West,Urban,Tertiary,Student,Not in Labor Force,0.0,1
257be28d,47,Male,South South,Urban,Primary,Trade/Services,Informal,24944.14,1
922acb37,33,Female,North East,Rural,Primary,Agriculture,Informal,29307.46,1
0864afa0,14,Female,North West,Rural,Secondary,Student,Not in Labor Force,0.0,1
4e0ce51c,0,Male,North West,Urban,None,None,Not in Labor Force,0.0,1
e05d317a,24,Male,South South,Rural,Secondary,Trade/Services,Self-employed,119464.01,0
3e20a7e2,0,Male,South West,Urban,None,None,Not in Labor Force,0.0,1
34fd2863,11,Male,South East,Rural,None,Student,Not in Labor Force,0.0,1
e3bb994f,26,Male,North West,Urban,Tertiary,Professional,Wage-employed,140286.95,0
ab4f8953,57,Female,North West,Rural,None,Agriculture,Informal,34970.01,1
9a0f85b2,12,Male,North West,Rural,None,Student,Not in Labor Force,0.0,1
83f0a65a,31,Female,South South,Rural,None,Agriculture,Informal,23031.02,1
af2611e3,3,Male,North West,Rural,None,None,Not in Labor Force,0.0,1
acade82e,43,Male,South West,Rural,Primary,Agriculture,Informal,216041.78,0
3d32d0b7,21,Female,North Central,Urban,Primary,Trade/Services,Informal,156244.41,0
7051a407,58,Female,North Central,Urban,None,Trade/Services,Informal,65947.24,1
1ac3d836,27,Female,North West,Urban,None,Trade/Services,Informal,200273.93,0
a721e6f1,19,Female,South West,Urban,Secondary,Manufacturing,Self-employed,283436.93,0
6c3a81d9,20,Male,North West,Rural,None,Agriculture,Informal,131426.62,0
2c64d23b,48,Female,South South,Urban,Secondary,Informal,Self-employed,95263.44,1
2d98e0e7,4,Male,North West,Rural,None,None,Not in Labor Force,0.0,1
af0e66a8,21,Female,North West,Rural,Primary,Agriculture,Informal,49745.16,1
b40314b0,60,Male,North East,Rural,Secondary,Trade/Services,Self-employed,51125.81,1
4b33d10c,42,Male,South East,Urban,Primary,Informal,Informal,75491.2,1
3aa353f7,13,Female,North East,Rural,None,Student,Not in Labor Force,0.0,1
be497d49,24,Male,North Central,Rural,Primary,Agriculture,Informal,36771.03,1
7b41ee5a,18,Male,North West,Urban,Secondary,Manufacturing,Self-employed,69949.04,1
5fa8fc5b,67,Male,North West,Rural,Primary,Agriculture,Informal,118061.2,0
662e8af8,39,Female,South West,Urban,Tertiary,Trade/Services,Wage-employed,598969.96,0
05c36797,6,Female,North West,Rural,Primary,Student,Not in Labor Force,0.0,1
6eb5f4cb,10,Female,South West,Urban,Primary,Student,Not in Labor Force,0.0,1
9938e089,13,Female,South East,Rural,Secondary,Student,Not in Labor Force,0.0,1
c67253e6,12,Female,South South,Rural,Primary,Student,Not in Labor Force,0.0,1
7fb61069,52,Male,North West,Urban,Primary,Informal,Informal,47598.27,1
a1eff8e9,46,Male,North Central,Urban,None,Trade/Services,Informal,142524.93,0
46999cdb,37,Female,South South,Urban,Primary,Trade/Services,Informal,97274.37,0
4a2df99b,61,Male,South East,Rural,Tertiary,Professional,Wage-employed,245433.56,0
8a345c33,7,Male,North West,Urban,None,Student,Not in Labor Force,0.0,1
d7f06428,4,Male,North Central,Rural,None,None,Not in Labor Force,0.0,1
8ff4c378,2,Female,South South,Urban,None,None,Not in Labor Force,0.0,1
f58e7c04,2,Male,North Central,Rural,None,None,Not in Labor Force,0.0,1
b8e828d3,27,Female,South East,Urban,Secondary,Trade/Services,Self-employed,346090.81,0
8caae038,1,Female,North Central,Rural,None,None,Not in Labor Force,0.0,1
9fc0e4bb,7,Female,North West,Urban,Primary,Student,Not in Labor Force,0.0,1
eda4cb73,0,Female,North West,Rural,None,None,Not in Labor Force,0.0,1
ec17fcf6,26,Male,North West,Rural,None,Informal,Informal,71914.24,1
816f9d7e,22,Female,North West,Rural,Secondary,Manufacturing,Self-employed,286792.03,0
48377162,33,Female,South South,Urban,Tertiary,Professional,Wage-employed,562160.55,0
9f59d90e,8,Female,South West,Urban,Primary,Student,Not in Labor Force,0.0,1
f3ec3a26,42,Female,South West,Urban,Primary,Trade/Services,Informal,119506.18,0
913f694e,13,Male,South West,Rural,Primary,Student,Not in Labor Force,0.0,1
6a475c6c,41,Female,North East,Urban,Secondary,Trade/Services,Self-employed,69876.78,1
7f471e8d,32,Male,North West,Rural,None,Agriculture,Informal,42861.87,1
ee33973c,56,Female,South South,Urban,Tertiary,Trade/Services,Wage-employed,959798.31,0
da2fc121,55,Female,North Central,Rural,Tertiary,Professional,Wage-employed,595503.15,0
4404f59f,5,Female,North Central,Rural,None,None,Not in Labor Force,0.0,1
ddbbf1d0,47,Female,South South,Rural,Tertiary,Professional,Wage-employed,239186.81,0
f3dc05a0,4,Male,North East,Rural,None,None,Not in Labor Force,0.0,1
3575647d,56,Male,South South,Urban,Tertiary,Professional,Wage-employed,177768.52,0
8ba99a39,8,Female,South South,Rural,Primary,Student,Not in Labor Force,0.0,1
aa1171e3,12,Male,North West,Urban,Primary,Student,Not in Labor Force,0.0,1
ff152201,37,Male,North West,Urban,Primary,Informal,Informal,218789.28,0
c4da898e,50,Female,South South,Urban,Secondary,Trade/Services,Self-employed,252706.91,0
e6fbfe3f,0,Male,North Central,Urban,None,None,Not in Labor Force,0.0,1
e0f5b181,35,Female,North West,Rural,Secondary,Trade/Services,Self-employed,49679.36,1
0ebf41ae,48,Male,North Central,Urban,Secondary,Trade/Services,Self-employed,67055.18,1
6ac54a7a,7,Female,South West,Urban,Primary,Student,Not in Labor Force,0.0,1
2c655fc1,50,Female,South East,Urban,Primary,Trade/Services,Informal,242833.5,0
33a8d71f,31,Male,South South,Rural,Secondary,Unemployed,Self-employed,72796.99,1
e658c6f1,24,Male,South South,Urban,Secondary,Manufacturing,Self-employed,99319.69,0
6aae27de,6,Male,South South,Rural,Primary,Student,Not in Labor Force,0.0,1
6f5ebf50,11,Female,North West,Rural,Primary,Student,Not in Labor Force,0.0,1
48eb3c5b,16,Male,South West,Urban,Secondary,Trade/Services,Self-employed,88582.11,1
26d46fd4,49,Male,North West,Urban,Secondary,Unemployed,Self-employed,164930.92,0
46bec8e2,28,Female,North West,Rural,Primary,Agriculture,Informal,25844.03,1
4d228140,8,Male,South East,Urban,Primary,Student,Not in Labor Force,0.0,1
0946a356,61,Female,North Central,Rural,None,Informal,Informal,69048.03,1
173def2c,59,Female,South South,Rural,Secondary,Informal,Self-employed,42444.71,1
27129b78,8,Female,North West,Urban,None,Student,Not in Labor Force,0.0,1
37a5e8e4,66,Female,South East,Rural,None,Agriculture,Informal,25852.9,1
952e093e,33,Male,North West,Urban,Primary,Informal,Informal,35618.45,1
927d409a,10,Female,North West,Urban,Primary,Student,Not in Labor Force,0.0,1
8c278277,58,Female,North Central,Urban,Secondary,Informal,Self-employed,60095.8,1
af2eccb6,8,Male,North East,Rural,Primary,Student,Not in Labor Force,0.0,1
6c9d387d,15,Male,North Central,Urban,Secondary,Manufacturing,Self-employed,205544.64,0
bf01039f,1,Female,South South,Urban,None,None,Not in Labor Force,0.0,1
73d04835,62,Male,South West,Urban,Secondary,Trade/Services,Self-employed,205584.96,0
3121a3e1,41,Female,North East,Urban,None,Trade/Services,Informal,73304.58,1
19def66a,16,Male,North West,Rural,None,Agriculture,Informal,40989.16,1
ae52d6e4,9,Male,North Central,Urban,None,Student,Not in Labor Force,0.0,1
58bf2e7c,44,Female,North Central,Rural,None,Agriculture,Informal,137184.02,0
5c75a7d3,2,Male,South West,Rural,None,None,Not in Labor Force,0.0,1
d08da536,9,Female,North East,Rural,Primary,Student,Not in Labor Force,0.0,1
1f3ab6f6,2,Male,South East,Urban,None,None,Not in Labor Force,0.0,1
081e7a7a,56,Male,North West,Urban,Primary,Trade/Services,Informal,122627.15,0
6662e03f,12,Female,South West,Urban,Secondary,Student,Not in Labor Force,0.0,1
5933ff28,1,Female,South West,Urban,None,None,Not in Labor Force,0.0,1
5401cb74,7,Female,North West,Rural,Primary,Student,Not in Labor Force,0.0,1
33028d39,7,Female,South East,Urban,Primary,Student,Not in Labor Force,0.0,1
ed333349,64,Female,South West,Rural,Secondary,Trade/Services,Self-employed,48668.56,1
5b9eea7e,45,Female,South West,Urban,Secondary,Informal,Self-employed,164445.76,0
a76f139e,12,Male,North Central,Urban,Secondary,Student,Not in Labor Force,0.0,1
822bc603,39,Female,South South,Rural,Secondary,Manufacturing,Self-employed,118112.38,0
26c2e7aa,53,Male,South West,Urban,Secondary,Trade/Services,Self-employed,205062.58,0
a77d70df,35,Male,North East,Urban,Secondary,Trade/Services,Self-employed,693429.35,0
3c949bc9,64,Male,North West,Urban,Primary,Trade/Services,Informal,49461.05,1
4956541a,52,Male,North West,Urban,Tertiary,Professional,Wage-employed,558301.22,0
5932ede8,8,Female,North West,Urban,None,Student,Not in Labor Force,0.0,1
3e52ac14,43,Male,South South,Urban,Secondary,Manufacturing,Self-employed,326966.09,0
012d4239,20,Male,North Central,Rural,None,Agriculture,Informal,167870.16,0
032721cd,32,Male,South South,Urban,Secondary,Informal,Self-employed,148498.44,0
92d82a72,63,Male,North West,Rural,None,Agriculture,Informal,27321.09,1
62453125,11,Female,North Central,Rural,None,Student,Not in Labor Force,0.0,1
40b10bde,49,Male,South South,Urban,Secondary,Trade/Services,Self-employed,45390.68,1
940a9080,41,Male,North West,Urban,Secondary,Unemployed,Self-employed,218792.86,0
88a34096,4,Male,South West,Rural,None,None,Not in Labor Force,0.0,1
221a97c1,6,Male,South South,Rural,Primary,Student,Not in Labor Force,0.0,1
18253587,24,Female,South South,Urban,Secondary,Manufacturing,Self-employed,163655.25,0
e5436271,24,Male,South East,Rural,Secondary,Trade/Services,Self-employed,106604.09,0
ad47197b,42,Male,South South,Rural,Tertiary,Trade/Services,Wage-employed,351367.3,0
dc9715c7,50,Male,South West,Urban,Secondary,Trade/Services,Self-employed,239691.88,0
3393de45,9,Male,North West,Rural,None,Student,Not in Labor Force,0.0,1
97087ca2,1,Female,South West,Urban,None,None,Not in Labor Force,0.0,1
25b667dc,2,Male,South South,Rural,None,None,Not in Labor Force,0.0,1
ad0b4245,4,Female,North Central,Urban,None,None,Not in Labor Force,0.0,1
3b721d7f,2,Female,North East,Urban,None,None,Not in Labor Force,0.0,1
8aa7aa2f,4,Male,South West,Urban,None,None,Not in Labor Force,0.0,1
d224fa87,62,Female,South West,Urban,Primary,Informal,Informal,112173.95,0
a50443f3,34,Female,North West,Urban,Secondary,Trade/Services,Self-employed,168046.03,0
d646ad42,12,Female,South West,Rural,None,Student,Not in Labor Force,0.0,1
ee5e791b,10,Male,South West,Urban,Primary,Student,Not in Labor Force,0.0,1
7e75945f,9,Female,South West,Rural,Primary,Student,Not in Labor Force,0.0,1
1d61d729,59,Male,North East,Rural,Primary,Informal,Informal,41933.92,1
0ddf4de7,2,Male,North West,Rural,None,None,Not in Labor Force,0.0,1
5e5bc891,11,Female,South West,Urban,Primary,Student,Not in Labor Force,0.0,1
40622191,52,Female,South West,Urban,Tertiary,Professional,Wage-employed,746900.65,0
27d57a68,59,Male,North East,Rural,Primary,Informal,Informal,42345.6,1
e652e3bb,11,Female,North East,Rural,Primary,Student,Not in Labor Force,0.0,1
79a1f581,3,Female,North East,Rural,None,None,Not in Labor Force,0.0,1
47387013,8,Male,North Central,Urban,Primary,Student,Not in Labor Force,0.0,1
db457b72,51,Male,South South,Urban,None,Informal,Informal,144444.1,0
ca42803f,33,Male,South East,Urban,Secondary,Trade/Services,Self-employed,105282.99,0
e8d73a38,4,Female,South South,Urban,None,None,Not in Labor Force,0.0,1
f0b8f59a,28,Female,North Central,Rural,None,Informal,Informal,85276.78,1
272a241d,14,Male,North Central,Urban,Secondary,Student,Not in Labor Force,0.0,1
8747b6ec,11,Female,North West,Urban,Primary,Student,Not in Labor Force,0.0,1
afeaea38,11,Female,South West,Rural,Primary,Student,Not in Labor Force,0.0,1
b7342015,50,Female,North Central,Rural,Primary,Agriculture,Informal,172502.55,0
7a37e7d3,11,Male,South West,Rural,Primary,Student,Not in Labor Force,0.0,1
b2c4a1a2,5,Female,North Central,Rural,None,None,Not in Labor Force,0.0,1
bb7d8a2a,2,Female,North West,Urban,None,None,Not in Labor Force,0.0,1
874f6881,9,Male,North West,Rural,None,Student,Not in Labor Force,0.0,1
dd974bec,15,Male,South East,Urban,Tertiary,Trade/Services,Wage-employed,595016.09,0
55af11e7,6,Female,North East,Rural,None,Student,Not in Labor Force,0.0,1
d87a1661,6,Male,North East,Rural,None,Student,Not in Labor Force,0.0,1
f0bc7171,42,Female,South South,Urban,Tertiary,Trade/Services,Wage-employed,936411.1,0
88f38a9f,62,Male,South West,Urban,Tertiary,Trade/Services,Wage-employed,320340.47,0
6aee7699,18,Male,North West,Rural,Primary,Agriculture,Informal,63430.27,1
44774ce4,55,Male,North West,Rural,None,Informal,Informal,48398.86,1
f8116470,11,Male,North East,Rural,None,Student,Not in Labor Force,0.0,1
b9dd8cf4,32,Male,South West,Urban,Primary,Informal,Informal,29857.16,1
073e2c77,63,Female,South East,Rural,Secondary,Trade/Services,Self-employed,187442.26,0
3a33d1b0,14,Male,North East,Urban,Primary,Student,Not in Labor Force,0.0,1
83ec01ce,53,Female,South South,Rural,None,Agriculture,Informal,84231.71,1
edf0f31f,8,Female,North West,Rural,None,Student,Not in Labor Force,0.0,1
2e627114,82,Male,North West,Rural,Secondary,Retired/None,Not in Labor Force,0.0,1
6afb9a10,20,Male,South South,Rural,Secondary,Informal,Self-employed,133086.32,0
c6bb0757,33,Female,North West,Rural,Primary,Informal,Informal,125374.37,0
87419990,26,Male,South South,Rural,None,Agriculture,Informal,30295.46,1
34b95fb9,39,Male,South West,Urban,Tertiary,Professional,Wage-employed,175392.36,0
119c1b8a,2,Female,North West,Rural,None,None,Not in Labor Force,0.0,1
33ce1a7c,15,Male,North Central,Rural,Primary,Agriculture,Informal,126098.71,0
5eecfd5d,4,Male,North Central,Rural,None,None,Not in Labor Force,0.0,1
0bb7a4e9,0,Female,South South,Rural,None,None,Not in Labor Force,0.0,1
b6ff019f,22,Female,North Central,Rural,Primary,Agriculture,Informal,57399.75,1
2317d118,6,Male,North Central,Urban,Primary,Student,Not in Labor Force,0.0,1
e9eda4b0,14,Female,North West,Rural,None,Student,Not in Labor Force,0.0,1
2ec2de6a,57,Female,South West,Urban,Secondary,Trade/Services,Self-employed,151586.29,0
46fe9733,32,Female,North West,Rural,Tertiary,Professional,Wage-employed,122975.32,0
f6754f03,13,Male,North West,Rural,None,Student,Not in Labor Force,0.0,1
e19ed8bd,10,Female,South South,Rural,Primary,Student,Not in Labor Force,0.0,1
a2daf297,8,Male,North East,Rural,Primary,Student,Not in Labor Force,0.0,1
e34e4ee4,19,Female,North West,Urban,Primary,Informal,Informal,195492.04,0
484de92a,6,Male,South West,Urban,Primary,Student,Not in Labor Force,0.0,1
9c82a69c,18,Female,South East,Rural,None,Agriculture,Informal,89567.99,1
c73c8f0f,11,Male,North West,Urban,None,Student,Not in Labor Force,0.0,1
2b718971,12,Male,North West,Urban,Secondary,Student,Not in Labor Force,0.0,1
90b369fb,15,Female,North West,Rural,Secondary,Trade/Services,Self-employed,69887.34,1
2bf36dd8,13,Male,North West,Rural,None,Student,Not in Labor Force,0.0,1
5c2ef3a4,59,Male,South West,Urban,Secondary,Trade/Services,Self-employed,465757.9,0
0931f9ca,0,Female,South West,Rural,None,None,Not in Labor Force,0.0,1
4a81a02e,17,Female,South West,Urban,Secondary,Manufacturing,Self-employed,58801.33,1
39224c0b,36,Male,North Central,Urban,Secondary,Informal,Self-employed,109354.47,0
547c4269,7,Male,South East,Rural,None,Student,Not in Labor Force,0.0,1
ce34e58d,7,Female,North Central,Rural,Primary,Student,Not in Labor Force,0.0,1
0f40f9ff,1,Female,South South,Urban,None,None,Not in Labor Force,0.0,1
c7c01ed5,39,Male,North Central,Urban,Secondary,Informal,Self-employed,240909.55,0
0070c10c,62,Female,South East,Rural,Secondary,Informal,Self-employed,197198.55,0
cb4c97d9,34,Female,North Central,Rural,Secondary,Trade/Services,Self-employed,40300.51,1
39ee480c,45,Male,North Central,Urban,Secondary,Informal,Self-employed,112417.94,0
9ec75555,13,Male,South East,Urban,Secondary,Student,Not in Labor Force,0.0,1
f2dedde2,1,Male,North West,Rural,None,None,Not in Labor Force,0.0,1
38877aa0,0,Female,South West,Urban,None,None,Not in Labor Force,0.0,1
505fb459,9,Male,South West,Urban,Primary,Student,Not in Labor Force,0.0,1
5d3ccee7,6,Male,South East,Urban,Primary,Student,Not in Labor Force,0.0,1
4587e6bf,56,Female,South West,Urban,Secondary,Informal,Self-employed,208455.1,0
0545944a,23,Male,North Central,Urban,Primary,Informal,Informal,195601.75,0
602fae65,31,Female,North East,Urban,Primary,Informal,Informal,185972.55,0
5ed60927,8,Male,South South,Urban,None,Student,Not in Labor Force,0.0,1
57ce8656,23,Female,North East,Rural,Secondary,Manufacturing,Self-employed,150280.8,0
44aa306f,51,Male,South East,Urban,Secondary,Unemployed,Self-employed,140619.34,0
5293c995,38,Male,North West,Rural,None,Agriculture,Informal,53764.82,1
51ec3251,6,Female,North West,Rural,None,Student,Not in Labor Force,0.0,1
a439da17,10,Female,North East,Urban,Primary,Student,Not in Labor Force,0.0,1
e1ec1ee6,7,Female,South West,Urban,None,Student,Not in Labor Force,0.0,1
bba22179,8,Female,North East,Rural,Primary,Student,Not in Labor Force,0.0,1
13011051,60,Male,North West,Urban,None,Trade/Services,Informal,108974.79,0
6e5b96bd,1,Female,North West,Rural,None,None,Not in Labor Force,0.0,1
bdc83025,9,Female,North East,Rural,None,Student,Not in Labor Force,0.0,1
9561c3db,38,Female,North West,Urban,Secondary,Trade/Services,Self-employed,315026.36,0
95a323ba,62,Female,North West,Rural,None,Agriculture,Informal,52658.73,1
2487c051,30,Female,South East,Rural,None,Agriculture,Informal,50822.66,1
e30f54d3,33,Male,North Central,Urban,None,Informal,Informal,160677.1,0
c6d558c9,10,Male,North Central,Urban,Primary,Student,Not in Labor Force,0.0,1
4b54a10e,14,Male,South South,Urban,Primary,Student,Not in Labor Force,0.0,1
1fd6bfc6,10,Female,North Central,Rural,None,Student,Not in Labor Force,0.0,1
df72ebc1,20,Female,South South,Urban,Secondary,Informal,Self-employed,251944.85,0
9524a03b,20,Female,North East,Rural,Primary,Informal,Informal,44358.64,1
95a371c9,6,Male,North Central,Urban,Primary,Student,Not in Labor Force,0.0,1
362f542c,62,Male,North East,Rural,Tertiary,Trade/Services,Wage-employed,134422.81,0
e522d2e2,12,Female,North Central,Urban,Primary,Student,Not in Labor Force,0.0,1
7f9ed2f6,17,Female,South West,Urban,Secondary,Informal,Self-employed,47664.1,1
416a209b,7,Male,North West,Rural,Primary,Student,Not in Labor Force,0.0,1
bac6f2f0,7,Female,South East,Rural,Primary,Student,Not in Labor Force,0.0,1
49f0b9db,55,Male,North Central,Rural,Primary,Agriculture,Informal,64737.73,1
04d642b7,49,Male,North West,Rural,Secondary,Informal,Self-employed,50880.83,1
cafdd97e,52,Female,South West,Urban,Secondary,Informal,Self-employed,228149.51,0
b7d8abeb,8,Female,South East,Urban,Primary,Student,Not in Labor Force,0.0,1
d3e41fe2,0,Female,North East,Rural,None,None,Not in Labor Force,0.0,1
e3e38e2b,2,Male,North West,Rural,None,None,Not in Labor Force,0.0,1
737383fc,48,Male,South East,Urban,Secondary,Informal,Self-employed,47570.06,1
1e19d67f,76,Male,South South,Urban,None,Retired/None,Not in Labor Force,0.0,1
b35bbf15,38,Male,North West,Rural,Tertiary,Trade/Services,Wage-employed,780881.01,0
a073502a,5,Male,South South,Urban,None,None,Not in Labor Force,0.0,1
ffda3c2e,56,Male,North East,Rural,None,Agriculture,Informal,48919.06,1
0d9d9626,10,Male,South South,Urban,Primary,Student,Not in Labor Force,0.0,1
0291d795,62,Male,South West,Rural,Tertiary,Professional,Wage-employed,183645.25,0
e9b3ddf6,10,Female,South South,Urban,Primary,Student,Not in Labor Force,0.0,1
d33ddf98,62,Female,South East,Rural,Primary,Agriculture,Informal,43273.93,1
5deb01b2,38,Female,North West,Rural,Primary,Agriculture,Informal,35636.99,1
0e6f07c1,32,Male,North West,Rural,None,Informal,Informal,148571.64,0
43048341,41,Male,North Central,Rural,None,Agriculture,Informal,89588.11,1
ac672a8c,5,Male,North West,Urban,None,None,Not in Labor Force,0.0,1
b418d3f9,55,Male,North Central,Rural,Primary,Agriculture,Informal,63456.55,1
b7f5c9b2,35,Male,South South,Rural,Secondary,Trade/Services,Self-employed,47967.18,1
98686788,10,Male,North East,Urban,Primary,Student,Not in Labor Force,0.0,1
440bd8bf,2,Female,North Central,Rural,None,None,Not in Labor Force,0.0,1
ef944170,1,Female,North East,Rural,None,None,Not in Labor Force,0.0,1
49a3e7d9,47,Male,South West,Urban,Secondary,Informal,Self-employed,128923.47,0
fb34e093,9,Female,North West,Rural,Primary,Student,Not in Labor Force,0.0,1
e52d47d5,62,Male,North East,Rural,Secondary,Trade/Services,Self-employed,62169.91,1
695a53b4,5,Female,South South,Urban,None,None,Not in Labor Force,0.0,1
0304fd3d,32,Female,South East,Rural,Secondary,Trade/Services,Self-employed,20362.09,1
394f34cf,2,Female,South East,Urban,None,None,Not in Labor Force,0.0,1
87209b27,7,Male,South East,Rural,None,Student,Not in Labor Force,0.0,1
7522414e,15,Male,North Central,Rural,None,Agriculture,Informal,39491.33,1
493f93ec,20,Male,South West,Rural,None,Agriculture,Informal,86089.6,1
50091adc,2,Male,North East,Rural,None,None,Not in Labor Force,0.0,1
bfaa279e,5,Female,North West,Rural,None,None,Not in Labor Force,0.0,1
deae0bee,2,Female,North East,Rural,None,None,Not in Labor Force,0.0,1
42b1b5fe,57,Female,North West,Rural,Tertiary,Manufacturing,Wage-employed,229651.07,0
2645b754,22,Female,North East,Urban,Primary,Informal,Informal,74087.81,1
41377d9f,19,Female,North East,Urban,Primary,Informal,Informal,150933.77,0
f5d213bf,23,Male,South West,Urban,Tertiary,Professional,Wage-employed,671433.89,0
afe5347c,61,Male,North East,Rural,None,Agriculture,Informal,194181.84,0
d6ce75b9,4,Female,South West,Urban,None,None,Not in Labor Force,0.0,1
06dc64dd,92,Male,North Central,Rural,None,Retired/None,Not in Labor Force,0.0,1
69a253bc,60,Male,South South,Rural,None,Agriculture,Informal,16056.52,1
d6c2432a,3,Male,North West,Rural,None,None,Not in Labor Force,0.0,1
50b7f37c,7,Female,South West,Urban,Primary,Student,Not in Labor Force,0.0,1
e40c7420,7,Female,South West,Urban,Primary,Student,Not in Labor Force,0.0,1
caf9e61c,7,Male,South South,Urban,Primary,Student,Not in Labor Force,0.0,1
29194f90,31,Female,North East,Rural,None,Agriculture,Informal,36120.92,1
db9facfd,48,Female,North East,Urban,Secondary,Trade/Services,Self-employed,229781.7,0
db0947a8,34,Female,North West,Rural,Primary,Agriculture,Informal,77562.34,1
2cc28f10,30,Female,North East,Urban,Tertiary,Professional,Wage-employed,424930.02,0
427cd1c7,24,Female,North Central,Urban,None,Informal,Informal,56225.47,1
964f9b00,48,Female,South East,Rural,Primary,Agriculture,Informal,68587.86,1
2cc76b0a,10,Male,North East,Urban,Primary,Student,Not in Labor Force,0.0,1
3bfd1c40,9,Male,North West,Rural,None,Student,Not in Labor Force,0.0,1
b2c88662,44,Male,North East,Rural,Primary,Agriculture,Informal,66259.37,1
ad589ca8,13,Male,North West,Rural,None,Student,Not in Labor Force,0.0,1
87b0c0fe,2,Male,South South,Rural,None,None,Not in Labor Force,0.0,1
463264ab,39,Male,South South,Rural,Secondary,Informal,Self-employed,32493.81,1
93ced87a,60,Male,North East,Urban,None,Informal,Informal,91874.64,1
312b025e,14,Male,North West,Rural,None,Student,Not in Labor Force,0.0,1
cf3b4759,57,Male,South South,Urban,Tertiary,Professional,Wage-employed,293543.69,0
5e4dc6b8,55,Female,North West,Urban,Secondary,Informal,Self-employed,220717.43,0
e9c61694,6,Female,South West,Urban,Primary,Student,Not in Labor Force,0.0,1
00a0c8f3,14,Female,South South,Urban,Tertiary,Student,Not in Labor Force,0.0,1
f532fdd4,34,Male,North Central,Rural,None,Agriculture,Informal,73628.97,1
5655f815,0,Male,North West,Rural,None,None,Not in Labor Force,0.0,1
8963476d,2,Male,North West,Rural,None,None,Not in Labor Force,0.0,1
cecaad4e,61,Male,South South,Urban,Secondary,Trade/Services,Self-employed,430862.02,0
1ebfada6,60,Female,North West,Rural,Primary,Informal,Informal,59871.5,1
3db9417e,7,Male,North East,Rural,None,Student,Not in Labor Force,0.0,1
31c4b4d8,3,Female,South East,Urban,None,None,Not in Labor Force,0.0,1
036d0bb1,9,Female,South East,Urban,Primary,Student,Not in Labor Force,0.0,1
eb5452ba,74,Male,North Central,Rural,Primary,Retired/None,Not in Labor Force,0.0,1
6ccd1d34,1,Female,North West,Rural,None,None,Not in Labor Force,0.0,1
f437867b,28,Male,South West,Urban,Primary,Trade/Services,Informal,41991.12,1
f6241b1e,22,Male,North East,Rural,Primary,Agriculture,Informal,13450.96,1
a37eb67c,6,Female,North East,Urban,Primary,Student,Not in Labor Force,0.0,1
486a4f46,91,Female,South East,Urban,Tertiary,Retired/None,Not in Labor Force,0.0,1
6fa04060,24,Female,North West,Rural,None,Agriculture,Informal,34099.38,1
f5f4f9ac,64,Female,North West,Urban,None,Trade/Services,Informal,101357.67,0
00e10bc5,14,Male,North East,Urban,None,Student,Not in Labor Force,0.0,1
531136df,51,Male,North Central,Rural,Primary,Agriculture,Informal,87528.74,1
b4a54fd9,36,Male,South West,Urban,Secondary,Informal,Self-employed,92677.25,1
b4d326ba,77,Male,South East,Rural,Secondary,Retired/None,Not in Labor Force,0.0,1
a9afefb9,1,Male,South West,Urban,None,None,Not in Labor Force,0.0,1
13424b9d,45,Female,South West,Rural,Primary,Agriculture,Informal,46254.88,1
294cf80a,1,Male,South West,Urban,None,None,Not in Labor Force,0.0,1
1ec2947e,12,Female,North East,Rural,Secondary,Student,Not in Labor Force,0.0,1
e1fbece1,14,Female,North East,Rural,Secondary,Student,Not in Labor Force,0.0,1
1851dd31,28,Male,South West,Urban,Secondary,Unemployed,Self-employed,138962.83,0
6f8d7ad6,24,Female,North West,Rural,Primary,Agriculture,Informal,75209.43,1
cefb6f11,44,Male,North East,Rural,None,Informal,Informal,110420.27,0
8893f71d,68,Male,North Central,Rural,Primary,Agriculture,Informal,42085.3,1
bd139c28,14,Female,North Central,Rural,None,Student,Not in Labor Force,0.0,1
14667cc9,54,Male,North Central,Rural,Primary,Agriculture,Informal,38346.61,1
45b3078c,14,Female,South West,Rural,Secondary,Student,Not in Labor Force,0.0,1
f34b6797,13,Female,North Central,Rural,None,Student,Not in Labor Force,0.0,1
251dc1ae,45,Female,South South,Rural,Primary,Agriculture,Informal,201768.33,0
9758ee3e,43,Female,North East,Rural,None,Informal,Informal,174544.86,0
951238fb,41,Female,North Central,Rural,None,Agriculture,Informal,43579.59,1
3001f547,35,Male,North West,Rural,Tertiary,Manufacturing,Wage-employed,588612.57,0
9e0f75ef,8,Male,North East,Rural,Primary,Student,Not in Labor Force,0.0,1
6bf69e26,3,Male,South South,Urban,None,None,Not in Labor Force,0.0,1
5f93ff6e,49,Male,North East,Rural,Primary,Agriculture,Informal,224768.27,0
d401b3c0,9,Female,North East,Rural,Primary,Student,Not in Labor Force,0.0,1
f08f552c,14,Male,North Central,Rural,None,Student,Not in Labor Force,0.0,1
fc0832fa,38,Female,North West,Urban,None,Informal,Informal,178113.27,0
04619219,0,Female,North Central,Rural,None,None,Not in Labor Force,0.0,1
3136e066,8,Male,North East,Rural,Primary,Student,Not in Labor Force,0.0,1
70395e18,30,Male,North East,Rural,Secondary,Manufacturing,Self-employed,62458.29,1
138cf699,50,Male,South East,Rural,None,Agriculture,Informal,63760.39,1
9602819a,25,Male,South West,Urban,None,Informal,Informal,28251.81,1
8abfa9ea,22,Female,North Central,Rural,Secondary,Informal,Self-employed,55327.86,1
c781ff17,2,Male,South West,Urban,None,None,Not in Labor Force,0.0,1
43cc85a7,33,Female,South East,Urban,Tertiary,Manufacturing,Wage-employed,396653.83,0
4dcfa4b8,60,Male,South West,Urban,Secondary,Informal,Self-employed,152033.09,0
447510c1,8,Female,North West,Rural,None,Student,Not in Labor Force,0.0,1
4d82b70a,2,Female,North East,Rural,None,None,Not in Labor Force,0.0,1
4fd02a23,50,Male,North East,Rural,None,Informal,Informal,39505.91,1
41b979a7,39,Male,North West,Rural,None,Agriculture,Informal,11487.29,1
39e9f851,50,Female,North West,Rural,None,Informal,Informal,67247.67,1
8b0e2134,25,Female,North West,Urban,Primary,Informal,Informal,125104.29,0
4a47dd21,30,Male,South East,Urban,Tertiary,Trade/Services,Wage-employed,633917.36,0
c66822ef,87,Male,North Central,Urban,Primary,Retired/None,Not in Labor Force,0.0,1
be472c20,31,Male,North East,Rural,None,Agriculture,Informal,52917.47,1
3eeff271,13,Male,South West,Urban,Tertiary,Student,Not in Labor Force,0.0,1
ec144a6c,56,Male,South West,Urban,Primary,Informal,Informal,74525.98,1
469d2acb,7,Male,North East,Rural,Primary,Student,Not in Labor Force,0.0,1
0d86f306,31,Female,North Central,Urban,Secondary,Manufacturing,Self-employed,154492.89,0
e2060360,62,Male,North West,Urban,Primary,Informal,Informal,103294.51,0
c542d438,34,Male,South West,Urban,Tertiary,Professional,Wage-employed,378484.5,0
ab070a0b,36,Male,North East,Rural,Primary,Agriculture,Informal,14856.77,1
9d656ec6,20,Female,North Central,Rural,None,Agriculture,Informal,138445.02,0
56517c27,6,Male,North Central,Rural,Primary,Student,Not in Labor Force,0.0,1
4e6c39fb,13,Female,South West,Urban,Secondary,Student,Not in Labor Force,0.0,1
e89448fc,25,Male,South West,Rural,Secondary,Informal,Self-employed,74712.09,1
c76115a4,26,Male,North Central,Urban,Primary,Informal,Informal,38780.01,1
f35acf98,60,Male,North West,Urban,Primary,Informal,Informal,63860.05,1
44131546,4,Female,South West,Rural,None,None,Not in Labor Force,0.0,1
a5357791,19,Female,South South,Urban,None,Trade/Services,Informal,86423.22,1
60e209b1,34,Female,South East,Urban,Primary,Informal,Informal,56080.92,1
74514256,29,Female,South South,Rural,Primary,Agriculture,Informal,43302.98,1
241a9a33,40,Female,North West,Urban,None,Informal,Informal,66517.39,1
3f78a23f,47,Male,North West,Urban,None,Informal,Informal,100417.03,0
f6b04886,44,Female,North Central,Rural,None,Agriculture,Informal,37071.61,1
c75d7228,7,Female,North West,Urban,Primary,Student,Not in Labor Force,0.0,1
cbbf1688,37,Male,North West,Rural,None,Informal,Informal,73310.97,1
9ace8891,8,Female,North Central,Rural,Primary,Student,Not in Labor Force,0.0,1
e0e6da4b,67,Female,North East,Rural,Primary,Agriculture,Informal,26155.96,1
10a6b367,9,Male,North East,Urban,Primary,Student,Not in Labor Force,0.0,1
cde7372f,3,Male,South South,Rural,None,None,Not in Labor Force,0.0,1
beabd678,62,Male,North West,Urban,Tertiary,Professional,Wage-employed,1333784.93,0
b7c0cac8,6,Male,North West,Rural,Primary,Student,Not in Labor Force,0.0,1
019ef9a3,36,Male,North West,Rural,None,Agriculture,Informal,113935.71,0
79208d6d,28,Male,South East,Urban,Secondary,Unemployed,Self-employed,113006.25,0
c78bc83a,62,Male,South West,Urban,Secondary,Informal,Self-employed,162893.19,0
abd0b0af,93,Male,North West,Urban,Primary,Retired/None,Not in Labor Force,0.0,1
5a488032,1,Female,North West,Rural,None,None,Not in Labor Force,0.0,1
dd3344d0,30,Male,South West,Rural,Secondary,Unemployed,Self-employed,48976.63,1
506d6e17,1,Male,North East,Rural,None,None,Not in Labor Force,0.0,1
30981610,9,Male,South South,Rural,Primary,Student,Not in Labor Force,0.0,1
965dd0d5,21,Female,North Central,Urban,Primary,Trade/Services,Informal,113220.55,0
3904846f,8,Male,North West,Urban,Primary,Student,Not in Labor Force,0.0,1
b55e7d16,41,Male,South South,Rural,Tertiary,Professional,Wage-employed,492497.73,0
310c8104,29,Male,North East,Rural,Secondary,Informal,Self-employed,115820.44,0
046842c9,46,Female,North East,Rural,Primary,Agriculture,Informal,102885.36,0
65451cba,92,Female,North East,Rural,Secondary,Retired/None,Not in Labor Force,0.0,1
9142cd5f,8,Male,South East,Urban,Primary,Student,Not in Labor Force,0.0,1
02d8399f,21,Male,North West,Urban,Primary,Informal,Informal,80481.37,1
28fae836,30,Male,North East,Rural,Secondary,Informal,Self-employed,92889.87,1
0c787c90,40,Male,North West,Urban,None,Trade/Services,Informal,54397.8,1
8c9f31fa,2,Female,South East,Urban,None,None,Not in Labor Force,0.0,1
5814f4c5,31,Male,North East,Rural,None,Agriculture,Informal,83578.55,1
961b9fb7,6,Female,North West,Rural,Primary,Student,Not in Labor Force,0.0,1
74af9f47,7,Male,South West,Urban,None,Student,Not in Labor Force,0.0,1
df0d4afc,16,Female,South West,Urban,Secondary,Manufacturing,Self-employed,80665.39,1
2ede758b,45,Male,South East,Rural,Primary,Agriculture,Informal,76773.54,1
fac7130b,46,Male,North East,Urban,None,Informal,Informal,96948.34,0
24907c32,43,Female,South East,Urban,Tertiary,Manufacturing,Wage-employed,896622.3,0
5d3a5482,17,Male,North Central,Urban,None,Informal,Informal,114703.03,0
28ca1ee6,7,Female,North West,Urban,Primary,Student,Not in Labor Force,0.0,1
dbffb755,10,Female,South East,Rural,Primary,Student,Not in Labor Force,0.0,1
8a07fc84,1,Male,North Central,Rural,None,None,Not in Labor Force,0.0,1
1f706fc1,45,Female,South West,Urban,Secondary,Trade/Services,Self-employed,46440.1,1
68316b72,13,Male,South South,Rural,Tertiary,Student,Not in Labor Force,0.0,1
93224580,2,Male,South West,Rural,None,None,Not in Labor Force,0.0,1
0ba949ef,63,Female,North West,Urban,Primary,Trade/Services,Informal,54278.78,1
0d6e0820,4,Female,South South,Urban,None,None,Not in Labor Force,0.0,1
22550e72,3,Male,North East,Rural,None,None,Not in Labor Force,0.0,1
6da492f9,43,Female,North Central,Urban,Secondary,Informal,Self-employed,88107.09,1
21be390b,0,Female,North West,Rural,None,None,Not in Labor Force,0.0,1
04c5679a,9,Male,North East,Rural,None,Student,Not in Labor Force,0.0,1
b9cb8958,8,Female,South West,Urban,Primary,Student,Not in Labor Force,0.0,1
5bab92b1,36,Female,North Central,Urban,Secondary,Informal,Self-employed,85894.03,1
8f26341f,20,Female,South West,Urban,Secondary,Unemployed,Self-employed,237984.47,0
2dbab29d,13,Male,South East,Urban,Secondary,Student,Not in Labor Force,0.0,1
93b18beb,57,Female,North East,Urban,Primary,Informal,Informal,21546.84,1
8337c504,1,Male,South West,Rural,None,None,Not in Labor Force,0.0,1
3393561c,45,Female,South East,Urban,Secondary,Trade/Services,Self-employed,313223.41,0
24210653,13,Female,South West,Urban,Secondary,Student,Not in Labor Force,0.0,1
0e0664c4,26,Male,North Central,Urban,Secondary,Unemployed,Self-employed,242588.27,0
9212ac58,26,Male,North East,Rural,None,Agriculture,Informal,66933.36,1
9a3db663,30,Female,North Central,Rural,Secondary,Informal,Self-employed,121724.97,0
35814005,8,Female,North Central,Rural,Primary,Student,Not in Labor Force,0.0,1
c7a4685f,5,Male,North East,Rural,None,None,Not in Labor Force,0.0,1
feafc8e0,41,Male,South West,Urban,Secondary,Informal,Self-employed,139386.56,0
9801322b,7,Female,North West,Rural,None,Student,Not in Labor Force,0.0,1
a9c48a67,26,Male,South South,Urban,Primary,Informal,Informal,88889.53,1
5be1778d,32,Male,South East,Rural,None,Agriculture,Informal,117689.62,0
2910d501,59,Female,North East,Rural,None,Informal,Informal,52353.69,1
0fa2e651,14,Male,North West,Rural,Primary,Student,Not in Labor Force,0.0,1
d94139e8,30,Male,South West,Rural,Tertiary,Trade/Services,Wage-employed,425152.65,0
21f1518c,18,Male,South West,Urban,None,Informal,Informal,47918.11,1
c3983e2c,26,Female,South South,Urban,Primary,Trade/Services,Informal,111248.58,0
15cae460,0,Male,North East,Urban,None,None,Not in Labor Force,0.0,1
e4a54b2f,0,Female,North West,Urban,None,None,Not in Labor Force,0.0,1
65ff403d,5,Female,South South,Rural,None,None,Not in Labor Force,0.0,1
d5d4da1d,14,Male,North East,Rural,Tertiary,Student,Not in Labor Force,0.0,1
2de44c5b,32,Female,South West,Urban,Secondary,Informal,Self-employed,113137.31,0
0ce5b21b,62,Male,North West,Rural,Primary,Informal,Informal,77403.81,1
2d6b36f4,0,Female,South East,Urban,None,None,Not in Labor Force,0.0,1
34cef332,41,Male,North West,Rural,None,Agriculture,Informal,35641.2,1
e37bafcf,9,Female,South West,Urban,Primary,Student,Not in Labor Force,0.0,1
ca9463e0,2,Male,North Central,Rural,None,None,Not in Labor Force,0.0,1
2fb7d707,13,Male,South South,Urban,Secondary,Student,Not in Labor Force,0.0,1
bdfa34c4,8,Female,North West,Rural,None,Student,Not in Labor Force,0.0,1
9dcbe9f7,48,Male,North East,Urban,Primary,Informal,Informal,105825.58,0
da25572d,7,Female,North West,Rural,None,Student,Not in Labor Force,0.0,1
be46b15d,52,Male,South South,Urban,Primary,Trade/Services,Informal,78585.12,1
17d685dd,37,Male,South West,Urban,None,Informal,Informal,206676.96,0
562ca2d0,19,Female,North Central,Urban,Secondary,Trade/Services,Self-employed,155650.79,0
d94ec837,11,Male,North West,Rural,None,Student,Not in Labor Force,0.0,1
f5696688,10,Female,North Central,Urban,Primary,Student,Not in Labor Force,0.0,1
a32968b5,3,Male,North East,Rural,None,None,Not in Labor Force,0.0,1
732b6d59,38,Male,North East,Rural,None,Agriculture,Informal,80494.12,1
615fb91c,3,Female,South East,Rural,None,None,Not in Labor Force,0.0,1
af3ebef0,19,Male,North West,Rural,Primary,Agriculture,Informal,45939.82,1
b1dd011a,53,Male,South West,Urban,Secondary,Informal,Self-employed,160693.59,0
c2367f9e,20,Female,South East,Rural,Tertiary,Trade/Services,Wage-employed,394117.96,0
566864cc,59,Male,South South,Rural,Secondary,Trade/Services,Self-employed,79814.11,1
a8d95bcf,3,Male,South West,Rural,None,None,Not in Labor Force,0.0,1
e9fde1fc,59,Female,North East,Rural,Secondary,Unemployed,Self-employed,76165.13,1
91dc4d60,68,Female,South West,Urban,Primary,Trade/Services,Informal,49812.76,1
48837377,24,Male,North West,Urban,Secondary,Informal,Self-employed,127308.56,0
e1c39a8d,15,Female,North West,Urban,None,Informal,Informal,54617.23,1
8c4d9596,35,Female,South West,Urban,Primary,Informal,Informal,96312.57,1
3ebfecab,7,Female,South South,Rural,Primary,Student,Not in Labor Force,0.0,1
077f1431,6,Male,North West,Rural,Primary,Student,Not in Labor Force,0.0,1
20d3bd0e,4,Female,North West,Rural,None,None,Not in Labor Force,0.0,1
1f9ef89a,2,Male,South West,Urban,None,None,Not in Labor Force,0.0,1
b7c822ea,14,Female,North West,Rural,Secondary,Student,Not in Labor Force,0.0,1
daf181b7,45,Female,South West,Urban,Primary,Informal,Informal,50299.83,1
b5c3b947,41,Female,North West,Rural,None,Agriculture,Informal,55631.5,1
ee17f236,31,Female,North West,Urban,Tertiary,Professional,Wage-employed,226964.52,0
3dc4d769,37,Male,North Central,Rural,None,Agriculture,Informal,118971.05,0
898feb94,27,Male,South South,Rural,None,Agriculture,Informal,60773.56,1
f7d664b3,14,Female,South West,Rural,Primary,Student,Not in Labor Force,0.0,1
94425c03,10,Male,South East,Rural,Primary,Student,Not in Labor Force,0.0,1
5f9b1ee2,34,Female,North East,Rural,None,Agriculture,Informal,60448.93,1
8ae5ce21,13,Male,South South,Rural,None,Student,Not in Labor Force,0.0,1
b7e8cab9,4,Female,North East,Rural,None,None,Not in Labor Force,0.0,1
1853ff03,12,Female,South South,Rural,Primary,Student,Not in Labor Force,0.0,1
eb263f88,14,Male,North Central,Rural,Primary,Student,Not in Labor Force,0.0,1
9a36ada8,58,Male,North East,Rural,Secondary,Informal,Self-employed,141109.01,0
bb4ffd70,38,Female,North East,Urban,Primary,Informal,Informal,234485.02,0
ac78793a,55,Male,South West,Urban,Secondary,Informal,Self-employed,139896.39,0
0ceb890c,17,Female,North West,Rural,None,Agriculture,Informal,24476.42,1
b48c613f,13,Female,South South,Urban,None,Student,Not in Labor Force,0.0,1
717da042,10,Male,North East,Rural,Primary,Student,Not in Labor Force,0.0,1
836eed88,9,Female,North East,Rural,Primary,Student,Not in Labor Force,0.0,1
71ee0da1,0,Male,North West,Urban,None,None,Not in Labor Force,0.0,1
deaea1e1,63,Male,North West,Urban,None,Trade/Services,Informal,164252.66,0
d9617f62,27,Male,South West,Urban,Secondary,Informal,Self-employed,59018.81,1
04a59857,28,Female,South West,Urban,Tertiary,Trade/Services,Wage-employed,297192.76,0
1ca3f5b4,0,Female,South East,Rural,None,None,Not in Labor Force,0.0,1
ceaf6a95,16,Male,North West,Rural,None,Agriculture,Informal,122456.58,0
c8a3d73b,16,Male,South South,Rural,None,Informal,Informal,48965.26,1
9dbe6dac,53,Male,North East,Rural,None,Agriculture,Informal,42473.59,1
61ebc2b8,55,Female,South South,Urban,Tertiary,Professional,Wage-employed,473913.9,0
8faf1c22,45,Male,North West,Rural,Primary,Agriculture,Informal,60223.12,1
791b26fc,18,Female,South West,Rural,None,Agriculture,Informal,39496.62,1
c502f2ca,48,Male,South West,Urban,None,Informal,Informal,136838.71,0
c0a83faf,2,Female,North East,Urban,None,None,Not in Labor Force,0.0,1
b2768ee2,51,Female,North West,Rural,None,Agriculture,Informal,125089.58,0
09836c8b,8,Female,South West,Rural,Primary,Student,Not in Labor Force,0.0,1
f3dbee45,7,Male,North West,Urban,Primary,Student,Not in Labor Force,0.0,1
27ce9106,77,Female,North Central,Urban,Secondary,Retired/None,Not in Labor Force,0.0,1
9b01d013,58,Female,South West,Urban,Secondary,Trade/Services,Self-employed,306432.64,0
bf1a1272,13,Female,South West,Urban,Secondary,Student,Not in Labor Force,0.0,1
c8a60b1b,33,Male,South South,Rural,Secondary,Trade/Services,Self-employed,137455.64,0
a224c862,8,Female,North East,Rural,None,Student,Not in Labor Force,0.0,1
bae703d0,24,Male,North East,Rural,None,Agriculture,Informal,39314.94,1
cbe4e565,56,Male,North East,Rural,Tertiary,Trade/Services,Wage-employed,139641.27,0
82dd0f29,58,Male,South West,Urban,Secondary,Informal,Self-employed,33185.5,1
15537654,28,Female,South South,Urban,None,Trade/Services,Informal,150221.91,0
f6b7e8e6,7,Female,South South,Rural,Primary,Student,Not in Labor Force,0.0,1
a2e18b9a,62,Male,South South,Rural,None,Informal,Informal,67288.28,1
b0c3b72c,0,Male,South South,Rural,None,None,Not in Labor Force,0.0,1
738303da,34,Female,South South,Urban,None,Trade/Services,Informal,62859.07,1
caac786e,18,Male,North East,Rural,None,Agriculture,Informal,18770.07,1
7432fcfb,52,Female,South South,Urban,Secondary,Trade/Services,Self-employed,65521.87,1
a3089c46,11,Female,South East,Rural,Primary,Student,Not in Labor Force,0.0,1
dd936afa,11,Male,North West,Rural,None,Student,Not in Labor Force,0.0,1
3b5dce88,1,Male,North West,Urban,None,None,Not in Labor Force,0.0,1
42a205e5,53,Female,North West,Rural,None,Informal,Informal,20758.3,1
1533dfec,19,Male,South East,Urban,None,Trade/Services,Informal,191979.36,0
ac777975,9,Male,South West,Urban,Primary,Student,Not in Labor Force,0.0,1
3009f823,46,Male,North West,Rural,Secondary,Informal,Self-employed,144555.42,0
fac9c89a,20,Male,South West,Urban,None,Informal,Informal,36917.25,1
729fdcfe,10,Female,North West,Urban,Primary,Student,Not in Labor Force,0.0,1
43449499,28,Female,South East,Urban,Tertiary,Professional,Wage-employed,1067726.04,0
3c79f904,20,Female,South East,Urban,Secondary,Informal,Self-employed,86397.54,1
0d830fe2,28,Male,South South,Urban,Primary,Informal,Informal,99664.8,0
9ed4a8d9,11,Male,North West,Rural,None,Student,Not in Labor Force,0.0,1
f0db046b,13,Female,South South,Urban,Tertiary,Student,Not in Labor Force,0.0,1
